2024-07-07 17:58:08,397 - INFO - Sending configuration to radar...
2024-07-07 17:58:15,406 - INFO - Program interrupted by user.
2024-07-07 17:58:15,407 - INFO - Serial port closed.
2024-07-07 17:58:22,950 - INFO - Sending configuration to radar...
2024-07-07 17:58:26,032 - INFO - Starting to read radar data...
2024-07-07 17:58:26,063 - INFO - -----------------------Start Frame Header ---------------------------:
2024-07-07 17:58:26,064 - INFO -   Magic Word: 0201040306050807
2024-07-07 17:58:26,064 - INFO -   Version: 50659332 (decoded: 03.05.00.04)
2024-07-07 17:58:26,064 - INFO -   Total Packet Length: 768 bytes
2024-07-07 17:58:26,064 - INFO -   Platform: 0xA6843
2024-07-07 17:58:26,064 - INFO -   Frame Number: 1
2024-07-07 17:58:26,064 - INFO -   Time [CPU Cycles]: 1273866846
2024-07-07 17:58:26,064 - INFO -   Number of Detected Objects: 5
2024-07-07 17:58:26,064 - INFO -   Number of TLVs: 5
2024-07-07 17:58:26,064 - INFO -   Subframe Number: 0
2024-07-07 17:58:26,064 - INFO - -----------------------End Frame Header -----------------------------:
2024-07-07 17:58:26,163 - INFO - -----------------------Start Frame Header ---------------------------:
2024-07-07 17:58:26,163 - INFO -   Magic Word: 0201040306050807
2024-07-07 17:58:26,163 - INFO -   Version: 50659332 (decoded: 03.05.00.04)
2024-07-07 17:58:26,164 - INFO -   Total Packet Length: 832 bytes
2024-07-07 17:58:26,164 - INFO -   Platform: 0xA6843
2024-07-07 17:58:26,164 - INFO -   Frame Number: 2
2024-07-07 17:58:26,164 - INFO -   Time [CPU Cycles]: 1293874360
2024-07-07 17:58:26,164 - INFO -   Number of Detected Objects: 9
2024-07-07 17:58:26,164 - INFO -   Number of TLVs: 5
2024-07-07 17:58:26,164 - INFO -   Subframe Number: 0
2024-07-07 17:58:26,164 - INFO - -----------------------End Frame Header -----------------------------:
2024-07-07 17:58:26,164 - ERROR - Error unpacking point data: unpack requires a buffer of 16 bytes
2024-07-07 17:58:26,164 - ERROR - Error unpacking point data: unpack requires a buffer of 16 bytes
2024-07-07 17:58:26,164 - ERROR - Error unpacking point data: unpack requires a buffer of 16 bytes
2024-07-07 17:58:26,164 - ERROR - Error unpacking point data: unpack requires a buffer of 16 bytes
2024-07-07 17:58:26,164 - INFO - -----------------------Detected Points ---------------------------:
2024-07-07 17:58:26,164 - INFO -   Point 1: X: -0.42, Y: 0.11, Z: 0.00, Velocity: 0.00, Distance: 0.44
2024-07-07 17:58:26,164 - INFO -   Point 2: X: -0.34, Y: 0.50, Z: 0.00, Velocity: 0.00, Distance: 0.61
2024-07-07 17:58:26,164 - INFO -   Point 3: X: -0.55, Y: 0.26, Z: 0.00, Velocity: 0.00, Distance: 0.61
2024-07-07 17:58:26,164 - INFO -   Point 4: X: 0.52, Y: 0.70, Z: 0.00, Velocity: 0.00, Distance: 0.87
2024-07-07 17:58:26,164 - INFO -   Point 5: X: -0.41, Y: 0.77, Z: 0.00, Velocity: 0.00, Distance: 0.87
2024-07-07 17:58:26,164 - INFO - -----------------------End Detected Points ---------------------------:
2024-07-07 17:58:26,263 - INFO - -----------------------Start Frame Header ---------------------------:
2024-07-07 17:58:26,263 - INFO -   Magic Word: 0201040306050807
2024-07-07 17:58:26,263 - INFO -   Version: 50659332 (decoded: 03.05.00.04)
2024-07-07 17:58:26,263 - INFO -   Total Packet Length: 768 bytes
2024-07-07 17:58:26,263 - INFO -   Platform: 0xA6843
2024-07-07 17:58:26,263 - INFO -   Frame Number: 3
2024-07-07 17:58:26,263 - INFO -   Time [CPU Cycles]: 1313870595
2024-07-07 17:58:26,263 - INFO -   Number of Detected Objects: 6
2024-07-07 17:58:26,264 - INFO -   Number of TLVs: 5
2024-07-07 17:58:26,264 - INFO -   Subframe Number: 0
2024-07-07 17:58:26,264 - INFO - -----------------------End Frame Header -----------------------------:
2024-07-07 17:58:26,264 - ERROR - Error unpacking point data: unpack requires a buffer of 16 bytes
2024-07-07 17:58:26,264 - INFO - -----------------------Detected Points ---------------------------:
2024-07-07 17:58:26,264 - INFO -   Point 1: X: -0.34, Y: 0.50, Z: 0.00, Velocity: 0.00, Distance: 0.61
2024-07-07 17:58:26,264 - INFO -   Point 2: X: -0.55, Y: 0.26, Z: 0.00, Velocity: 0.00, Distance: 0.61
2024-07-07 17:58:26,264 - INFO -   Point 3: X: -0.53, Y: 4.24, Z: 0.00, Velocity: 0.00, Distance: 4.27
2024-07-07 17:58:26,264 - INFO -   Point 4: X: -2.94, Y: 3.10, Z: 0.00, Velocity: 0.00, Distance: 4.27
2024-07-07 17:58:26,264 - INFO -   Point 5: X: 3.57, Y: 4.46, Z: 0.00, Velocity: 0.00, Distance: 5.71
2024-07-07 17:58:26,264 - INFO - -----------------------End Detected Points ---------------------------:
2024-07-07 17:58:26,363 - INFO - -----------------------Start Frame Header ---------------------------:
2024-07-07 17:58:26,363 - INFO -   Magic Word: 0201040306050807
2024-07-07 17:58:26,363 - INFO -   Version: 50659332 (decoded: 03.05.00.04)
2024-07-07 17:58:26,363 - INFO -   Total Packet Length: 768 bytes
2024-07-07 17:58:26,363 - INFO -   Platform: 0xA6843
2024-07-07 17:58:26,363 - INFO -   Frame Number: 4
2024-07-07 17:58:26,363 - INFO -   Time [CPU Cycles]: 1333869637
2024-07-07 17:58:26,363 - INFO -   Number of Detected Objects: 6
2024-07-07 17:58:26,364 - INFO -   Number of TLVs: 5
2024-07-07 17:58:26,364 - INFO -   Subframe Number: 0
2024-07-07 17:58:26,364 - INFO - -----------------------End Frame Header -----------------------------:
2024-07-07 17:58:26,364 - ERROR - Error unpacking point data: unpack requires a buffer of 16 bytes
2024-07-07 17:58:26,364 - INFO - -----------------------Detected Points ---------------------------:
2024-07-07 17:58:26,364 - INFO -   Point 1: X: -0.34, Y: 0.50, Z: 0.00, Velocity: 0.00, Distance: 0.61
2024-07-07 17:58:26,364 - INFO -   Point 2: X: 0.00, Y: 0.61, Z: 0.00, Velocity: 0.00, Distance: 0.61
2024-07-07 17:58:26,364 - INFO -   Point 3: X: -0.53, Y: 4.24, Z: 0.00, Velocity: 0.00, Distance: 4.27
2024-07-07 17:58:26,364 - INFO -   Point 4: X: -2.94, Y: 3.10, Z: 0.00, Velocity: 0.00, Distance: 4.27
2024-07-07 17:58:26,364 - INFO -   Point 5: X: 3.57, Y: 4.46, Z: 0.00, Velocity: 0.00, Distance: 5.71
2024-07-07 17:58:26,364 - INFO - -----------------------End Detected Points ---------------------------:
2024-07-07 17:58:26,463 - INFO - -----------------------Start Frame Header ---------------------------:
2024-07-07 17:58:26,463 - INFO -   Magic Word: 0201040306050807
2024-07-07 17:58:26,463 - INFO -   Version: 50659332 (decoded: 03.05.00.04)
2024-07-07 17:58:26,463 - INFO -   Total Packet Length: 768 bytes
2024-07-07 17:58:26,463 - INFO -   Platform: 0xA6843
2024-07-07 17:58:26,463 - INFO -   Frame Number: 5
2024-07-07 17:58:26,463 - INFO -   Time [CPU Cycles]: 1353868555
2024-07-07 17:58:26,463 - INFO -   Number of Detected Objects: 6
2024-07-07 17:58:26,463 - INFO -   Number of TLVs: 5
2024-07-07 17:58:26,463 - INFO -   Subframe Number: 0
2024-07-07 17:58:26,464 - INFO - -----------------------End Frame Header -----------------------------:
2024-07-07 17:58:26,464 - ERROR - Error unpacking point data: unpack requires a buffer of 16 bytes
2024-07-07 17:58:26,464 - INFO - -----------------------Detected Points ---------------------------:
2024-07-07 17:58:26,464 - INFO -   Point 1: X: -0.34, Y: 0.50, Z: 0.00, Velocity: 0.00, Distance: 0.61
2024-07-07 17:58:26,464 - INFO -   Point 2: X: 0.00, Y: 0.61, Z: 0.00, Velocity: 0.00, Distance: 0.61
2024-07-07 17:58:26,464 - INFO -   Point 3: X: -0.53, Y: 4.24, Z: 0.00, Velocity: 0.00, Distance: 4.27
2024-07-07 17:58:26,464 - INFO -   Point 4: X: -2.94, Y: 3.10, Z: 0.00, Velocity: 0.00, Distance: 4.27
2024-07-07 17:58:26,464 - INFO -   Point 5: X: 3.57, Y: 4.46, Z: 0.00, Velocity: 0.00, Distance: 5.71
2024-07-07 17:58:26,464 - INFO - -----------------------End Detected Points ---------------------------:
2024-07-07 17:58:26,563 - INFO - -----------------------Start Frame Header ---------------------------:
2024-07-07 17:58:26,563 - INFO -   Magic Word: 0201040306050807
2024-07-07 17:58:26,563 - INFO -   Version: 50659332 (decoded: 03.05.00.04)
2024-07-07 17:58:26,563 - INFO -   Total Packet Length: 768 bytes
2024-07-07 17:58:26,563 - INFO -   Platform: 0xA6843
2024-07-07 17:58:26,563 - INFO -   Frame Number: 6
2024-07-07 17:58:26,563 - INFO -   Time [CPU Cycles]: 1373869587
2024-07-07 17:58:26,563 - INFO -   Number of Detected Objects: 6
2024-07-07 17:58:26,563 - INFO -   Number of TLVs: 5
2024-07-07 17:58:26,564 - INFO -   Subframe Number: 0
2024-07-07 17:58:26,564 - INFO - -----------------------End Frame Header -----------------------------:
2024-07-07 17:58:26,564 - ERROR - Error unpacking point data: unpack requires a buffer of 16 bytes
2024-07-07 17:58:26,564 - INFO - -----------------------Detected Points ---------------------------:
2024-07-07 17:58:26,564 - INFO -   Point 1: X: -0.34, Y: 0.50, Z: 0.00, Velocity: 0.00, Distance: 0.61
2024-07-07 17:58:26,564 - INFO -   Point 2: X: -0.55, Y: 0.26, Z: 0.00, Velocity: 0.00, Distance: 0.61
2024-07-07 17:58:26,564 - INFO -   Point 3: X: -0.53, Y: 4.24, Z: 0.00, Velocity: 0.00, Distance: 4.27
2024-07-07 17:58:26,564 - INFO -   Point 4: X: -2.94, Y: 3.10, Z: 0.00, Velocity: 0.00, Distance: 4.27
2024-07-07 17:58:26,564 - INFO -   Point 5: X: 3.57, Y: 4.46, Z: 0.00, Velocity: 0.00, Distance: 5.71
2024-07-07 17:58:26,564 - INFO - -----------------------End Detected Points ---------------------------:
2024-07-07 17:58:26,663 - INFO - -----------------------Start Frame Header ---------------------------:
2024-07-07 17:58:26,663 - INFO -   Magic Word: 0201040306050807
2024-07-07 17:58:26,663 - INFO -   Version: 50659332 (decoded: 03.05.00.04)
2024-07-07 17:58:26,663 - INFO -   Total Packet Length: 800 bytes
2024-07-07 17:58:26,663 - INFO -   Platform: 0xA6843
2024-07-07 17:58:26,663 - INFO -   Frame Number: 7
2024-07-07 17:58:26,663 - INFO -   Time [CPU Cycles]: 1393872649
2024-07-07 17:58:26,663 - INFO -   Number of Detected Objects: 7
2024-07-07 17:58:26,663 - INFO -   Number of TLVs: 5
2024-07-07 17:58:26,663 - INFO -   Subframe Number: 0
2024-07-07 17:58:26,663 - INFO - -----------------------End Frame Header -----------------------------:
2024-07-07 17:58:26,664 - ERROR - Error unpacking point data: unpack requires a buffer of 16 bytes
2024-07-07 17:58:26,664 - ERROR - Error unpacking point data: unpack requires a buffer of 16 bytes
2024-07-07 17:58:26,664 - INFO - -----------------------Detected Points ---------------------------:
2024-07-07 17:58:26,664 - INFO -   Point 1: X: -0.34, Y: 0.50, Z: 0.00, Velocity: 0.00, Distance: 0.61
2024-07-07 17:58:26,664 - INFO -   Point 2: X: -0.55, Y: 0.26, Z: 0.00, Velocity: 0.00, Distance: 0.61
2024-07-07 17:58:26,664 - INFO -   Point 3: X: -0.49, Y: 0.61, Z: 0.00, Velocity: 0.00, Distance: 0.78
2024-07-07 17:58:26,664 - INFO -   Point 4: X: -0.53, Y: 4.24, Z: 0.00, Velocity: 0.00, Distance: 4.27
2024-07-07 17:58:26,664 - INFO -   Point 5: X: -2.94, Y: 3.10, Z: 0.00, Velocity: 0.00, Distance: 4.27
2024-07-07 17:58:26,664 - INFO - -----------------------End Detected Points ---------------------------:
2024-07-07 17:58:26,763 - INFO - -----------------------Start Frame Header ---------------------------:
2024-07-07 17:58:26,763 - INFO -   Magic Word: 0201040306050807
2024-07-07 17:58:26,763 - INFO -   Version: 50659332 (decoded: 03.05.00.04)
2024-07-07 17:58:26,763 - INFO -   Total Packet Length: 800 bytes
2024-07-07 17:58:26,763 - INFO -   Platform: 0xA6843
2024-07-07 17:58:26,763 - INFO -   Frame Number: 8
2024-07-07 17:58:26,763 - INFO -   Time [CPU Cycles]: 1413872526
2024-07-07 17:58:26,763 - INFO -   Number of Detected Objects: 7
2024-07-07 17:58:26,763 - INFO -   Number of TLVs: 5
2024-07-07 17:58:26,763 - INFO -   Subframe Number: 0
2024-07-07 17:58:26,763 - INFO - -----------------------End Frame Header -----------------------------:
2024-07-07 17:58:26,764 - ERROR - Error unpacking point data: unpack requires a buffer of 16 bytes
2024-07-07 17:58:26,764 - ERROR - Error unpacking point data: unpack requires a buffer of 16 bytes
2024-07-07 17:58:26,764 - INFO - -----------------------Detected Points ---------------------------:
2024-07-07 17:58:26,764 - INFO -   Point 1: X: -0.34, Y: 0.50, Z: 0.00, Velocity: 0.00, Distance: 0.61
2024-07-07 17:58:26,764 - INFO -   Point 2: X: -0.55, Y: 0.26, Z: 0.00, Velocity: 0.00, Distance: 0.61
2024-07-07 17:58:26,764 - INFO -   Point 3: X: -0.49, Y: 0.61, Z: 0.00, Velocity: 0.00, Distance: 0.78
2024-07-07 17:58:26,764 - INFO -   Point 4: X: -0.53, Y: 4.24, Z: 0.00, Velocity: 0.00, Distance: 4.27
2024-07-07 17:58:26,764 - INFO -   Point 5: X: -2.94, Y: 3.10, Z: 0.00, Velocity: 0.00, Distance: 4.27
2024-07-07 17:58:26,764 - INFO - -----------------------End Detected Points ---------------------------:
2024-07-07 17:58:26,863 - INFO - -----------------------Start Frame Header ---------------------------:
2024-07-07 17:58:26,863 - INFO -   Magic Word: 0201040306050807
2024-07-07 17:58:26,863 - INFO -   Version: 50659332 (decoded: 03.05.00.04)
2024-07-07 17:58:26,863 - INFO -   Total Packet Length: 768 bytes
2024-07-07 17:58:26,863 - INFO -   Platform: 0xA6843
2024-07-07 17:58:26,863 - INFO -   Frame Number: 9
2024-07-07 17:58:26,863 - INFO -   Time [CPU Cycles]: 1433872390
2024-07-07 17:58:26,863 - INFO -   Number of Detected Objects: 6
2024-07-07 17:58:26,863 - INFO -   Number of TLVs: 5
2024-07-07 17:58:26,863 - INFO -   Subframe Number: 0
2024-07-07 17:58:26,863 - INFO - -----------------------End Frame Header -----------------------------:
2024-07-07 17:58:26,864 - ERROR - Error unpacking point data: unpack requires a buffer of 16 bytes
2024-07-07 17:58:26,864 - INFO - -----------------------Detected Points ---------------------------:
2024-07-07 17:58:26,864 - INFO -   Point 1: X: -0.34, Y: 0.50, Z: 0.00, Velocity: 0.00, Distance: 0.61
2024-07-07 17:58:26,864 - INFO -   Point 2: X: -0.55, Y: 0.26, Z: 0.00, Velocity: 0.00, Distance: 0.61
2024-07-07 17:58:26,864 - INFO -   Point 3: X: -0.49, Y: 0.61, Z: 0.00, Velocity: 0.00, Distance: 0.78
2024-07-07 17:58:26,864 - INFO -   Point 4: X: -0.53, Y: 4.24, Z: 0.00, Velocity: 0.00, Distance: 4.27
2024-07-07 17:58:26,864 - INFO -   Point 5: X: -2.94, Y: 3.10, Z: 0.00, Velocity: 0.00, Distance: 4.27
2024-07-07 17:58:26,864 - INFO - -----------------------End Detected Points ---------------------------:
2024-07-07 17:58:26,963 - INFO - -----------------------Start Frame Header ---------------------------:
2024-07-07 17:58:26,963 - INFO -   Magic Word: 0201040306050807
2024-07-07 17:58:26,963 - INFO -   Version: 50659332 (decoded: 03.05.00.04)
2024-07-07 17:58:26,963 - INFO -   Total Packet Length: 800 bytes
2024-07-07 17:58:26,963 - INFO -   Platform: 0xA6843
2024-07-07 17:58:26,963 - INFO -   Frame Number: 10
2024-07-07 17:58:26,963 - INFO -   Time [CPU Cycles]: 1453871886
2024-07-07 17:58:26,963 - INFO -   Number of Detected Objects: 7
2024-07-07 17:58:26,963 - INFO -   Number of TLVs: 5
2024-07-07 17:58:26,963 - INFO -   Subframe Number: 0
2024-07-07 17:58:26,963 - INFO - -----------------------End Frame Header -----------------------------:
2024-07-07 17:58:26,964 - ERROR - Error unpacking point data: unpack requires a buffer of 16 bytes
2024-07-07 17:58:26,964 - ERROR - Error unpacking point data: unpack requires a buffer of 16 bytes
2024-07-07 17:58:26,964 - INFO - -----------------------Detected Points ---------------------------:
2024-07-07 17:58:26,964 - INFO -   Point 1: X: -0.34, Y: 0.50, Z: 0.00, Velocity: 0.00, Distance: 0.61
2024-07-07 17:58:26,964 - INFO -   Point 2: X: -0.55, Y: 0.26, Z: 0.00, Velocity: 0.00, Distance: 0.61
2024-07-07 17:58:26,964 - INFO -   Point 3: X: -0.49, Y: 0.61, Z: 0.00, Velocity: 0.00, Distance: 0.78
2024-07-07 17:58:26,964 - INFO -   Point 4: X: -0.53, Y: 4.24, Z: 0.00, Velocity: 0.00, Distance: 4.27
2024-07-07 17:58:26,964 - INFO -   Point 5: X: -2.94, Y: 3.10, Z: 0.00, Velocity: 0.00, Distance: 4.27
2024-07-07 17:58:26,964 - INFO - -----------------------End Detected Points ---------------------------:
2024-07-07 17:58:27,063 - INFO - -----------------------Start Frame Header ---------------------------:
2024-07-07 17:58:27,063 - INFO -   Magic Word: 0201040306050807
2024-07-07 17:58:27,063 - INFO -   Version: 50659332 (decoded: 03.05.00.04)
2024-07-07 17:58:27,063 - INFO -   Total Packet Length: 768 bytes
2024-07-07 17:58:27,063 - INFO -   Platform: 0xA6843
2024-07-07 17:58:27,063 - INFO -   Frame Number: 11
2024-07-07 17:58:27,063 - INFO -   Time [CPU Cycles]: 1473868567
2024-07-07 17:58:27,063 - INFO -   Number of Detected Objects: 6
2024-07-07 17:58:27,063 - INFO -   Number of TLVs: 5
2024-07-07 17:58:27,063 - INFO -   Subframe Number: 0
2024-07-07 17:58:27,063 - INFO - -----------------------End Frame Header -----------------------------:
2024-07-07 17:58:27,164 - INFO - -----------------------Start Frame Header ---------------------------:
2024-07-07 17:58:27,164 - INFO -   Magic Word: 0201040306050807
2024-07-07 17:58:27,164 - INFO -   Version: 50659332 (decoded: 03.05.00.04)
2024-07-07 17:58:27,164 - INFO -   Total Packet Length: 736 bytes
2024-07-07 17:58:27,164 - INFO -   Platform: 0xA6843
2024-07-07 17:58:27,164 - INFO -   Frame Number: 12
2024-07-07 17:58:27,164 - INFO -   Time [CPU Cycles]: 1493865028
2024-07-07 17:58:27,164 - INFO -   Number of Detected Objects: 4
2024-07-07 17:58:27,164 - INFO -   Number of TLVs: 5
2024-07-07 17:58:27,164 - INFO -   Subframe Number: 0
2024-07-07 17:58:27,164 - INFO - -----------------------End Frame Header -----------------------------:
2024-07-07 17:58:27,164 - INFO - -----------------------Detected Points ---------------------------:
2024-07-07 17:58:27,164 - INFO -   Point 1: X: -0.34, Y: 0.50, Z: 0.00, Velocity: 0.00, Distance: 0.61
2024-07-07 17:58:27,164 - INFO -   Point 2: X: -0.55, Y: 0.26, Z: 0.00, Velocity: 0.00, Distance: 0.61
2024-07-07 17:58:27,164 - INFO -   Point 3: X: -0.53, Y: 4.24, Z: 0.00, Velocity: 0.00, Distance: 4.27
2024-07-07 17:58:27,164 - INFO -   Point 4: X: -2.94, Y: 3.10, Z: 0.00, Velocity: 0.00, Distance: 4.27
2024-07-07 17:58:27,164 - INFO - -----------------------End Detected Points ---------------------------:
2024-07-07 17:58:27,264 - INFO - -----------------------Start Frame Header ---------------------------:
2024-07-07 17:58:27,264 - INFO -   Magic Word: 0201040306050807
2024-07-07 17:58:27,264 - INFO -   Version: 50659332 (decoded: 03.05.00.04)
2024-07-07 17:58:27,264 - INFO -   Total Packet Length: 832 bytes
2024-07-07 17:58:27,264 - INFO -   Platform: 0xA6843
2024-07-07 17:58:27,264 - INFO -   Frame Number: 13
2024-07-07 17:58:27,264 - INFO -   Time [CPU Cycles]: 1513868128
2024-07-07 17:58:27,264 - INFO -   Number of Detected Objects: 8
2024-07-07 17:58:27,264 - INFO -   Number of TLVs: 5
2024-07-07 17:58:27,264 - INFO -   Subframe Number: 0
2024-07-07 17:58:27,264 - INFO - -----------------------End Frame Header -----------------------------:
2024-07-07 17:58:27,264 - ERROR - Error unpacking point data: unpack requires a buffer of 16 bytes
2024-07-07 17:58:27,264 - ERROR - Error unpacking point data: unpack requires a buffer of 16 bytes
2024-07-07 17:58:27,264 - ERROR - Error unpacking point data: unpack requires a buffer of 16 bytes
2024-07-07 17:58:27,264 - INFO - -----------------------Detected Points ---------------------------:
2024-07-07 17:58:27,264 - INFO -   Point 1: X: -0.34, Y: 0.50, Z: 0.00, Velocity: 0.00, Distance: 0.61
2024-07-07 17:58:27,264 - INFO -   Point 2: X: -0.55, Y: 0.26, Z: 0.00, Velocity: 0.00, Distance: 0.61
2024-07-07 17:58:27,264 - INFO -   Point 3: X: -0.53, Y: 4.24, Z: 0.00, Velocity: 0.00, Distance: 4.27
2024-07-07 17:58:27,264 - INFO -   Point 4: X: -2.94, Y: 3.10, Z: 0.00, Velocity: 0.00, Distance: 4.27
2024-07-07 17:58:27,264 - INFO -   Point 5: X: -3.09, Y: 3.26, Z: 0.00, Velocity: 0.00, Distance: 4.49
2024-07-07 17:58:27,264 - INFO - -----------------------End Detected Points ---------------------------:
2024-07-07 17:58:27,364 - INFO - -----------------------Start Frame Header ---------------------------:
2024-07-07 17:58:27,364 - INFO -   Magic Word: 0201040306050807
2024-07-07 17:58:27,364 - INFO -   Version: 50659332 (decoded: 03.05.00.04)
2024-07-07 17:58:27,364 - INFO -   Total Packet Length: 768 bytes
2024-07-07 17:58:27,364 - INFO -   Platform: 0xA6843
2024-07-07 17:58:27,364 - INFO -   Frame Number: 14
2024-07-07 17:58:27,364 - INFO -   Time [CPU Cycles]: 1533865559
2024-07-07 17:58:27,364 - INFO -   Number of Detected Objects: 6
2024-07-07 17:58:27,364 - INFO -   Number of TLVs: 5
2024-07-07 17:58:27,364 - INFO -   Subframe Number: 0
2024-07-07 17:58:27,364 - INFO - -----------------------End Frame Header -----------------------------:
2024-07-07 17:58:27,364 - ERROR - Error unpacking point data: unpack requires a buffer of 16 bytes
2024-07-07 17:58:27,365 - INFO - -----------------------Detected Points ---------------------------:
2024-07-07 17:58:27,365 - INFO -   Point 1: X: -0.34, Y: 0.50, Z: 0.00, Velocity: 0.00, Distance: 0.61
2024-07-07 17:58:27,365 - INFO -   Point 2: X: -0.55, Y: 0.26, Z: 0.00, Velocity: 0.00, Distance: 0.61
2024-07-07 17:58:27,365 - INFO -   Point 3: X: -0.53, Y: 4.24, Z: 0.00, Velocity: 0.00, Distance: 4.27
2024-07-07 17:58:27,365 - INFO -   Point 4: X: -2.94, Y: 3.10, Z: 0.00, Velocity: 0.00, Distance: 4.27
2024-07-07 17:58:27,365 - INFO -   Point 5: X: 3.57, Y: 4.46, Z: 0.00, Velocity: 0.00, Distance: 5.71
2024-07-07 17:58:27,365 - INFO - -----------------------End Detected Points ---------------------------:
2024-07-07 17:58:27,464 - INFO - -----------------------Start Frame Header ---------------------------:
2024-07-07 17:58:27,464 - INFO -   Magic Word: 0201040306050807
2024-07-07 17:58:27,464 - INFO -   Version: 50659332 (decoded: 03.05.00.04)
2024-07-07 17:58:27,464 - INFO -   Total Packet Length: 768 bytes
2024-07-07 17:58:27,464 - INFO -   Platform: 0xA6843
2024-07-07 17:58:27,464 - INFO -   Frame Number: 15
2024-07-07 17:58:27,464 - INFO -   Time [CPU Cycles]: 1553865870
2024-07-07 17:58:27,464 - INFO -   Number of Detected Objects: 6
2024-07-07 17:58:27,464 - INFO -   Number of TLVs: 5
2024-07-07 17:58:27,464 - INFO -   Subframe Number: 0
2024-07-07 17:58:27,464 - INFO - -----------------------End Frame Header -----------------------------:
2024-07-07 17:58:27,464 - ERROR - Error unpacking point data: unpack requires a buffer of 16 bytes
2024-07-07 17:58:27,464 - INFO - -----------------------Detected Points ---------------------------:
2024-07-07 17:58:27,465 - INFO -   Point 1: X: -0.34, Y: 0.50, Z: 0.00, Velocity: 0.00, Distance: 0.61
2024-07-07 17:58:27,465 - INFO -   Point 2: X: -0.55, Y: 0.26, Z: 0.00, Velocity: 0.00, Distance: 0.61
2024-07-07 17:58:27,465 - INFO -   Point 3: X: -0.53, Y: 4.24, Z: 0.00, Velocity: 0.00, Distance: 4.27
2024-07-07 17:58:27,465 - INFO -   Point 4: X: -2.94, Y: 3.10, Z: 0.00, Velocity: 0.00, Distance: 4.27
2024-07-07 17:58:27,465 - INFO -   Point 5: X: 3.57, Y: 4.46, Z: 0.00, Velocity: 0.00, Distance: 5.71
2024-07-07 17:58:27,465 - INFO - -----------------------End Detected Points ---------------------------:
2024-07-07 17:58:27,564 - INFO - -----------------------Start Frame Header ---------------------------:
2024-07-07 17:58:27,564 - INFO -   Magic Word: 0201040306050807
2024-07-07 17:58:27,564 - INFO -   Version: 50659332 (decoded: 03.05.00.04)
2024-07-07 17:58:27,564 - INFO -   Total Packet Length: 768 bytes
2024-07-07 17:58:27,564 - INFO -   Platform: 0xA6843
2024-07-07 17:58:27,564 - INFO -   Frame Number: 16
2024-07-07 17:58:27,564 - INFO -   Time [CPU Cycles]: 1573865629
2024-07-07 17:58:27,564 - INFO -   Number of Detected Objects: 6
2024-07-07 17:58:27,564 - INFO -   Number of TLVs: 5
2024-07-07 17:58:27,564 - INFO -   Subframe Number: 0
2024-07-07 17:58:27,564 - INFO - -----------------------End Frame Header -----------------------------:
2024-07-07 17:58:27,564 - ERROR - Error unpacking point data: unpack requires a buffer of 16 bytes
2024-07-07 17:58:27,564 - INFO - -----------------------Detected Points ---------------------------:
2024-07-07 17:58:27,564 - INFO -   Point 1: X: -0.34, Y: 0.50, Z: 0.00, Velocity: 0.00, Distance: 0.61
2024-07-07 17:58:27,564 - INFO -   Point 2: X: -0.55, Y: 0.26, Z: 0.00, Velocity: 0.00, Distance: 0.61
2024-07-07 17:58:27,564 - INFO -   Point 3: X: -0.53, Y: 4.24, Z: 0.00, Velocity: 0.00, Distance: 4.27
2024-07-07 17:58:27,564 - INFO -   Point 4: X: -2.94, Y: 3.10, Z: 0.00, Velocity: 0.00, Distance: 4.27
2024-07-07 17:58:27,564 - INFO -   Point 5: X: 3.57, Y: 4.46, Z: 0.00, Velocity: 0.00, Distance: 5.71
2024-07-07 17:58:27,564 - INFO - -----------------------End Detected Points ---------------------------:
2024-07-07 17:58:27,664 - INFO - -----------------------Start Frame Header ---------------------------:
2024-07-07 17:58:27,664 - INFO -   Magic Word: 0201040306050807
2024-07-07 17:58:27,664 - INFO -   Version: 50659332 (decoded: 03.05.00.04)
2024-07-07 17:58:27,664 - INFO -   Total Packet Length: 768 bytes
2024-07-07 17:58:27,664 - INFO -   Platform: 0xA6843
2024-07-07 17:58:27,664 - INFO -   Frame Number: 17
2024-07-07 17:58:27,664 - INFO -   Time [CPU Cycles]: 1593865118
2024-07-07 17:58:27,664 - INFO -   Number of Detected Objects: 6
2024-07-07 17:58:27,664 - INFO -   Number of TLVs: 5
2024-07-07 17:58:27,664 - INFO -   Subframe Number: 0
2024-07-07 17:58:27,664 - INFO - -----------------------End Frame Header -----------------------------:
2024-07-07 17:58:27,664 - ERROR - Error unpacking point data: unpack requires a buffer of 16 bytes
2024-07-07 17:58:27,664 - INFO - -----------------------Detected Points ---------------------------:
2024-07-07 17:58:27,664 - INFO -   Point 1: X: -0.36, Y: 0.49, Z: 0.00, Velocity: 0.00, Distance: 0.61
2024-07-07 17:58:27,664 - INFO -   Point 2: X: -0.55, Y: 0.26, Z: 0.00, Velocity: 0.00, Distance: 0.61
2024-07-07 17:58:27,664 - INFO -   Point 3: X: -0.53, Y: 4.24, Z: 0.00, Velocity: 0.00, Distance: 4.27
2024-07-07 17:58:27,664 - INFO -   Point 4: X: -2.94, Y: 3.10, Z: 0.00, Velocity: 0.00, Distance: 4.27
2024-07-07 17:58:27,664 - INFO -   Point 5: X: 3.57, Y: 4.46, Z: 0.00, Velocity: 0.00, Distance: 5.71
2024-07-07 17:58:27,664 - INFO - -----------------------End Detected Points ---------------------------:
2024-07-07 17:58:27,764 - INFO - -----------------------Start Frame Header ---------------------------:
2024-07-07 17:58:27,764 - INFO -   Magic Word: 0201040306050807
2024-07-07 17:58:27,764 - INFO -   Version: 50659332 (decoded: 03.05.00.04)
2024-07-07 17:58:27,764 - INFO -   Total Packet Length: 736 bytes
2024-07-07 17:58:27,764 - INFO -   Platform: 0xA6843
2024-07-07 17:58:27,764 - INFO -   Frame Number: 18
2024-07-07 17:58:27,764 - INFO -   Time [CPU Cycles]: 1613861733
2024-07-07 17:58:27,764 - INFO -   Number of Detected Objects: 4
2024-07-07 17:58:27,764 - INFO -   Number of TLVs: 5
2024-07-07 17:58:27,764 - INFO -   Subframe Number: 0
2024-07-07 17:58:27,764 - INFO - -----------------------End Frame Header -----------------------------:
2024-07-07 17:58:27,764 - INFO - -----------------------Detected Points ---------------------------:
2024-07-07 17:58:27,764 - INFO -   Point 1: X: -0.36, Y: 0.49, Z: 0.00, Velocity: 0.00, Distance: 0.61
2024-07-07 17:58:27,764 - INFO -   Point 2: X: -0.55, Y: 0.26, Z: 0.00, Velocity: 0.00, Distance: 0.61
2024-07-07 17:58:27,764 - INFO -   Point 3: X: -0.53, Y: 4.24, Z: 0.00, Velocity: 0.00, Distance: 4.27
2024-07-07 17:58:27,765 - INFO -   Point 4: X: -2.94, Y: 3.10, Z: 0.00, Velocity: 0.00, Distance: 4.27
2024-07-07 17:58:27,765 - INFO - -----------------------End Detected Points ---------------------------:
2024-07-07 17:58:27,864 - INFO - -----------------------Start Frame Header ---------------------------:
2024-07-07 17:58:27,864 - INFO -   Magic Word: 0201040306050807
2024-07-07 17:58:27,864 - INFO -   Version: 50659332 (decoded: 03.05.00.04)
2024-07-07 17:58:27,864 - INFO -   Total Packet Length: 768 bytes
2024-07-07 17:58:27,864 - INFO -   Platform: 0xA6843
2024-07-07 17:58:27,864 - INFO -   Frame Number: 19
2024-07-07 17:58:27,864 - INFO -   Time [CPU Cycles]: 1633864894
2024-07-07 17:58:27,864 - INFO -   Number of Detected Objects: 6
2024-07-07 17:58:27,864 - INFO -   Number of TLVs: 5
2024-07-07 17:58:27,864 - INFO -   Subframe Number: 0
2024-07-07 17:58:27,864 - INFO - -----------------------End Frame Header -----------------------------:
2024-07-07 17:58:27,864 - ERROR - Error unpacking point data: unpack requires a buffer of 16 bytes
2024-07-07 17:58:27,864 - INFO - -----------------------Detected Points ---------------------------:
2024-07-07 17:58:27,864 - INFO -   Point 1: X: -0.36, Y: 0.49, Z: 0.00, Velocity: 0.00, Distance: 0.61
2024-07-07 17:58:27,864 - INFO -   Point 2: X: -0.57, Y: 0.21, Z: 0.00, Velocity: 0.00, Distance: 0.61
2024-07-07 17:58:27,864 - INFO -   Point 3: X: -0.53, Y: 4.24, Z: 0.00, Velocity: 0.00, Distance: 4.27
2024-07-07 17:58:27,864 - INFO -   Point 4: X: -2.94, Y: 3.10, Z: 0.00, Velocity: 0.00, Distance: 4.27
2024-07-07 17:58:27,864 - INFO -   Point 5: X: 3.57, Y: 4.46, Z: 0.00, Velocity: 0.00, Distance: 5.71
2024-07-07 17:58:27,864 - INFO - -----------------------End Detected Points ---------------------------:
2024-07-07 17:58:27,964 - INFO - -----------------------Start Frame Header ---------------------------:
2024-07-07 17:58:27,964 - INFO -   Magic Word: 0201040306050807
2024-07-07 17:58:27,964 - INFO -   Version: 50659332 (decoded: 03.05.00.04)
2024-07-07 17:58:27,964 - INFO -   Total Packet Length: 768 bytes
2024-07-07 17:58:27,964 - INFO -   Platform: 0xA6843
2024-07-07 17:58:27,964 - INFO -   Frame Number: 20
2024-07-07 17:58:27,964 - INFO -   Time [CPU Cycles]: 1653864902
2024-07-07 17:58:27,964 - INFO -   Number of Detected Objects: 6
2024-07-07 17:58:27,964 - INFO -   Number of TLVs: 5
2024-07-07 17:58:27,964 - INFO -   Subframe Number: 0
2024-07-07 17:58:27,964 - INFO - -----------------------End Frame Header -----------------------------:
2024-07-07 17:58:27,964 - ERROR - Error unpacking point data: unpack requires a buffer of 16 bytes
2024-07-07 17:58:27,964 - INFO - -----------------------Detected Points ---------------------------:
2024-07-07 17:58:27,965 - INFO -   Point 1: X: -0.36, Y: 0.49, Z: 0.00, Velocity: 0.00, Distance: 0.61
2024-07-07 17:58:27,965 - INFO -   Point 2: X: -0.57, Y: 0.21, Z: 0.00, Velocity: 0.00, Distance: 0.61
2024-07-07 17:58:27,965 - INFO -   Point 3: X: -0.53, Y: 4.24, Z: 0.00, Velocity: 0.00, Distance: 4.27
2024-07-07 17:58:27,965 - INFO -   Point 4: X: -2.94, Y: 3.10, Z: 0.00, Velocity: 0.00, Distance: 4.27
2024-07-07 17:58:27,965 - INFO -   Point 5: X: 3.57, Y: 4.46, Z: 0.00, Velocity: 0.00, Distance: 5.71
2024-07-07 17:58:27,965 - INFO - -----------------------End Detected Points ---------------------------:
2024-07-07 17:58:28,064 - INFO - -----------------------Start Frame Header ---------------------------:
2024-07-07 17:58:28,064 - INFO -   Magic Word: 0201040306050807
2024-07-07 17:58:28,064 - INFO -   Version: 50659332 (decoded: 03.05.00.04)
2024-07-07 17:58:28,064 - INFO -   Total Packet Length: 800 bytes
2024-07-07 17:58:28,064 - INFO -   Platform: 0xA6843
2024-07-07 17:58:28,064 - INFO -   Frame Number: 21
2024-07-07 17:58:28,064 - INFO -   Time [CPU Cycles]: 1673868969
2024-07-07 17:58:28,064 - INFO -   Number of Detected Objects: 7
2024-07-07 17:58:28,064 - INFO -   Number of TLVs: 5
2024-07-07 17:58:28,064 - INFO -   Subframe Number: 0
2024-07-07 17:58:28,064 - INFO - -----------------------End Frame Header -----------------------------:
2024-07-07 17:58:28,064 - ERROR - Error unpacking point data: unpack requires a buffer of 16 bytes
2024-07-07 17:58:28,064 - ERROR - Error unpacking point data: unpack requires a buffer of 16 bytes
2024-07-07 17:58:28,064 - INFO - -----------------------Detected Points ---------------------------:
2024-07-07 17:58:28,064 - INFO -   Point 1: X: 0.45, Y: 0.17, Z: 0.00, Velocity: 0.00, Distance: 0.48
2024-07-07 17:58:28,065 - INFO -   Point 2: X: -0.36, Y: 0.49, Z: 0.00, Velocity: 0.00, Distance: 0.61
2024-07-07 17:58:28,065 - INFO -   Point 3: X: -0.57, Y: 0.21, Z: 0.00, Velocity: 0.00, Distance: 0.61
2024-07-07 17:58:28,065 - INFO -   Point 4: X: -0.53, Y: 4.24, Z: 0.00, Velocity: 0.00, Distance: 4.27
2024-07-07 17:58:28,065 - INFO -   Point 5: X: -2.94, Y: 3.10, Z: 0.00, Velocity: 0.00, Distance: 4.27
2024-07-07 17:58:28,065 - INFO - -----------------------End Detected Points ---------------------------:
2024-07-07 17:58:28,164 - INFO - -----------------------Start Frame Header ---------------------------:
2024-07-07 17:58:28,164 - INFO -   Magic Word: 0201040306050807
2024-07-07 17:58:28,164 - INFO -   Version: 50659332 (decoded: 03.05.00.04)
2024-07-07 17:58:28,164 - INFO -   Total Packet Length: 768 bytes
2024-07-07 17:58:28,164 - INFO -   Platform: 0xA6843
2024-07-07 17:58:28,164 - INFO -   Frame Number: 22
2024-07-07 17:58:28,164 - INFO -   Time [CPU Cycles]: 1693865304
2024-07-07 17:58:28,164 - INFO -   Number of Detected Objects: 5
2024-07-07 17:58:28,164 - INFO -   Number of TLVs: 5
2024-07-07 17:58:28,164 - INFO -   Subframe Number: 0
2024-07-07 17:58:28,164 - INFO - -----------------------End Frame Header -----------------------------:
2024-07-07 17:58:28,165 - INFO - -----------------------Detected Points ---------------------------:
2024-07-07 17:58:28,165 - INFO -   Point 1: X: 0.45, Y: 0.17, Z: 0.00, Velocity: 0.00, Distance: 0.48
2024-07-07 17:58:28,165 - INFO -   Point 2: X: -0.36, Y: 0.49, Z: 0.00, Velocity: 0.00, Distance: 0.61
2024-07-07 17:58:28,165 - INFO -   Point 3: X: -0.57, Y: 0.21, Z: 0.00, Velocity: 0.00, Distance: 0.61
2024-07-07 17:58:28,165 - INFO -   Point 4: X: -0.53, Y: 4.24, Z: 0.00, Velocity: 0.00, Distance: 4.27
2024-07-07 17:58:28,165 - INFO -   Point 5: X: -2.94, Y: 3.10, Z: 0.00, Velocity: 0.00, Distance: 4.27
2024-07-07 17:58:28,165 - INFO - -----------------------End Detected Points ---------------------------:
2024-07-07 17:58:28,264 - INFO - -----------------------Start Frame Header ---------------------------:
2024-07-07 17:58:28,264 - INFO -   Magic Word: 0201040306050807
2024-07-07 17:58:28,264 - INFO -   Version: 50659332 (decoded: 03.05.00.04)
2024-07-07 17:58:28,264 - INFO -   Total Packet Length: 800 bytes
2024-07-07 17:58:28,264 - INFO -   Platform: 0xA6843
2024-07-07 17:58:28,264 - INFO -   Frame Number: 23
2024-07-07 17:58:28,264 - INFO -   Time [CPU Cycles]: 1713869637
2024-07-07 17:58:28,264 - INFO -   Number of Detected Objects: 7
2024-07-07 17:58:28,264 - INFO -   Number of TLVs: 5
2024-07-07 17:58:28,264 - INFO -   Subframe Number: 0
2024-07-07 17:58:28,264 - INFO - -----------------------End Frame Header -----------------------------:
2024-07-07 17:58:28,264 - ERROR - Error unpacking point data: unpack requires a buffer of 16 bytes
2024-07-07 17:58:28,264 - ERROR - Error unpacking point data: unpack requires a buffer of 16 bytes
2024-07-07 17:58:28,264 - INFO - -----------------------Detected Points ---------------------------:
2024-07-07 17:58:28,264 - INFO -   Point 1: X: -0.36, Y: 0.49, Z: 0.00, Velocity: 0.00, Distance: 0.61
2024-07-07 17:58:28,264 - INFO -   Point 2: X: -0.57, Y: 0.21, Z: 0.00, Velocity: 0.00, Distance: 0.61
2024-07-07 17:58:28,264 - INFO -   Point 3: X: -0.54, Y: 0.57, Z: 0.00, Velocity: 0.00, Distance: 0.78
2024-07-07 17:58:28,264 - INFO -   Point 4: X: 0.25, Y: 0.75, Z: 0.00, Velocity: 0.00, Distance: 0.78
2024-07-07 17:58:28,264 - INFO -   Point 5: X: 0.55, Y: 0.68, Z: 0.00, Velocity: 0.00, Distance: 0.87
2024-07-07 17:58:28,264 - INFO - -----------------------End Detected Points ---------------------------:
2024-07-07 17:58:28,364 - INFO - -----------------------Start Frame Header ---------------------------:
2024-07-07 17:58:28,364 - INFO -   Magic Word: 0201040306050807
2024-07-07 17:58:28,364 - INFO -   Version: 50659332 (decoded: 03.05.00.04)
2024-07-07 17:58:28,364 - INFO -   Total Packet Length: 736 bytes
2024-07-07 17:58:28,364 - INFO -   Platform: 0xA6843
2024-07-07 17:58:28,364 - INFO -   Frame Number: 24
2024-07-07 17:58:28,364 - INFO -   Time [CPU Cycles]: 1733862207
2024-07-07 17:58:28,364 - INFO -   Number of Detected Objects: 4
2024-07-07 17:58:28,364 - INFO -   Number of TLVs: 5
2024-07-07 17:58:28,364 - INFO -   Subframe Number: 0
2024-07-07 17:58:28,364 - INFO - -----------------------End Frame Header -----------------------------:
2024-07-07 17:58:28,364 - INFO - -----------------------Detected Points ---------------------------:
2024-07-07 17:58:28,364 - INFO -   Point 1: X: -0.34, Y: 0.50, Z: 0.00, Velocity: 0.00, Distance: 0.61
2024-07-07 17:58:28,365 - INFO -   Point 2: X: -0.57, Y: 0.21, Z: 0.00, Velocity: 0.00, Distance: 0.61
2024-07-07 17:58:28,365 - INFO -   Point 3: X: -0.53, Y: 4.24, Z: 0.00, Velocity: 0.00, Distance: 4.27
2024-07-07 17:58:28,365 - INFO -   Point 4: X: -2.94, Y: 3.10, Z: 0.00, Velocity: 0.00, Distance: 4.27
2024-07-07 17:58:28,365 - INFO - -----------------------End Detected Points ---------------------------:
2024-07-07 17:58:28,464 - INFO - -----------------------Start Frame Header ---------------------------:
2024-07-07 17:58:28,464 - INFO -   Magic Word: 0201040306050807
2024-07-07 17:58:28,464 - INFO -   Version: 50659332 (decoded: 03.05.00.04)
2024-07-07 17:58:28,464 - INFO -   Total Packet Length: 736 bytes
2024-07-07 17:58:28,464 - INFO -   Platform: 0xA6843
2024-07-07 17:58:28,465 - INFO -   Frame Number: 25
2024-07-07 17:58:28,465 - INFO -   Time [CPU Cycles]: 1753863148
2024-07-07 17:58:28,465 - INFO -   Number of Detected Objects: 4
2024-07-07 17:58:28,465 - INFO -   Number of TLVs: 5
2024-07-07 17:58:28,465 - INFO -   Subframe Number: 0
2024-07-07 17:58:28,465 - INFO - -----------------------End Frame Header -----------------------------:
2024-07-07 17:58:28,465 - INFO - -----------------------Detected Points ---------------------------:
2024-07-07 17:58:28,465 - INFO -   Point 1: X: -0.34, Y: 0.50, Z: 0.00, Velocity: 0.00, Distance: 0.61
2024-07-07 17:58:28,465 - INFO -   Point 2: X: -0.57, Y: 0.21, Z: 0.00, Velocity: 0.00, Distance: 0.61
2024-07-07 17:58:28,465 - INFO -   Point 3: X: -0.53, Y: 4.24, Z: 0.00, Velocity: 0.00, Distance: 4.27
2024-07-07 17:58:28,465 - INFO -   Point 4: X: -2.94, Y: 3.10, Z: 0.00, Velocity: 0.00, Distance: 4.27
2024-07-07 17:58:28,465 - INFO - -----------------------End Detected Points ---------------------------:
2024-07-07 17:58:28,564 - INFO - -----------------------Start Frame Header ---------------------------:
2024-07-07 17:58:28,564 - INFO -   Magic Word: 0201040306050807
2024-07-07 17:58:28,564 - INFO -   Version: 50659332 (decoded: 03.05.00.04)
2024-07-07 17:58:28,564 - INFO -   Total Packet Length: 768 bytes
2024-07-07 17:58:28,564 - INFO -   Platform: 0xA6843
2024-07-07 17:58:28,564 - INFO -   Frame Number: 26
2024-07-07 17:58:28,564 - INFO -   Time [CPU Cycles]: 1773864560
2024-07-07 17:58:28,564 - INFO -   Number of Detected Objects: 6
2024-07-07 17:58:28,564 - INFO -   Number of TLVs: 5
2024-07-07 17:58:28,564 - INFO -   Subframe Number: 0
2024-07-07 17:58:28,564 - INFO - -----------------------End Frame Header -----------------------------:
2024-07-07 17:58:28,564 - ERROR - Error unpacking point data: unpack requires a buffer of 16 bytes
2024-07-07 17:58:28,564 - INFO - -----------------------Detected Points ---------------------------:
2024-07-07 17:58:28,565 - INFO -   Point 1: X: -0.34, Y: 0.50, Z: 0.00, Velocity: 0.00, Distance: 0.61
2024-07-07 17:58:28,565 - INFO -   Point 2: X: -0.57, Y: 0.21, Z: 0.00, Velocity: 0.00, Distance: 0.61
2024-07-07 17:58:28,565 - INFO -   Point 3: X: -0.59, Y: 0.52, Z: 0.00, Velocity: 0.00, Distance: 0.78
2024-07-07 17:58:28,565 - INFO -   Point 4: X: 0.22, Y: 0.75, Z: 0.00, Velocity: 0.00, Distance: 0.78
2024-07-07 17:58:28,565 - INFO -   Point 5: X: -0.53, Y: 4.24, Z: 0.00, Velocity: 0.00, Distance: 4.27
2024-07-07 17:58:28,565 - INFO - -----------------------End Detected Points ---------------------------:
2024-07-07 17:58:28,664 - INFO - -----------------------Start Frame Header ---------------------------:
2024-07-07 17:58:28,664 - INFO -   Magic Word: 0201040306050807
2024-07-07 17:58:28,664 - INFO -   Version: 50659332 (decoded: 03.05.00.04)
2024-07-07 17:58:28,664 - INFO -   Total Packet Length: 736 bytes
2024-07-07 17:58:28,664 - INFO -   Platform: 0xA6843
2024-07-07 17:58:28,664 - INFO -   Frame Number: 27
2024-07-07 17:58:28,664 - INFO -   Time [CPU Cycles]: 1793861615
2024-07-07 17:58:28,664 - INFO -   Number of Detected Objects: 4
2024-07-07 17:58:28,664 - INFO -   Number of TLVs: 5
2024-07-07 17:58:28,664 - INFO -   Subframe Number: 0
2024-07-07 17:58:28,664 - INFO - -----------------------End Frame Header -----------------------------:
2024-07-07 17:58:28,664 - INFO - -----------------------Detected Points ---------------------------:
2024-07-07 17:58:28,664 - INFO -   Point 1: X: -0.34, Y: 0.50, Z: 0.00, Velocity: 0.00, Distance: 0.61
2024-07-07 17:58:28,664 - INFO -   Point 2: X: -0.55, Y: 0.26, Z: 0.00, Velocity: 0.00, Distance: 0.61
2024-07-07 17:58:28,664 - INFO -   Point 3: X: -0.53, Y: 4.24, Z: 0.00, Velocity: 0.00, Distance: 4.27
2024-07-07 17:58:28,664 - INFO -   Point 4: X: -2.94, Y: 3.10, Z: 0.00, Velocity: 0.00, Distance: 4.27
2024-07-07 17:58:28,665 - INFO - -----------------------End Detected Points ---------------------------:
2024-07-07 17:58:28,764 - INFO - -----------------------Start Frame Header ---------------------------:
2024-07-07 17:58:28,764 - INFO -   Magic Word: 0201040306050807
2024-07-07 17:58:28,764 - INFO -   Version: 50659332 (decoded: 03.05.00.04)
2024-07-07 17:58:28,764 - INFO -   Total Packet Length: 768 bytes
2024-07-07 17:58:28,764 - INFO -   Platform: 0xA6843
2024-07-07 17:58:28,764 - INFO -   Frame Number: 28
2024-07-07 17:58:28,764 - INFO -   Time [CPU Cycles]: 1813865394
2024-07-07 17:58:28,764 - INFO -   Number of Detected Objects: 5
2024-07-07 17:58:28,764 - INFO -   Number of TLVs: 5
2024-07-07 17:58:28,764 - INFO -   Subframe Number: 0
2024-07-07 17:58:28,764 - INFO - -----------------------End Frame Header -----------------------------:
2024-07-07 17:58:28,764 - INFO - -----------------------Detected Points ---------------------------:
2024-07-07 17:58:28,764 - INFO -   Point 1: X: -0.41, Y: 0.15, Z: 0.00, Velocity: 0.00, Distance: 0.44
2024-07-07 17:58:28,764 - INFO -   Point 2: X: -0.34, Y: 0.50, Z: 0.00, Velocity: 0.00, Distance: 0.61
2024-07-07 17:58:28,764 - INFO -   Point 3: X: -0.55, Y: 0.26, Z: 0.00, Velocity: 0.00, Distance: 0.61
2024-07-07 17:58:28,764 - INFO -   Point 4: X: -0.53, Y: 4.24, Z: 0.00, Velocity: 0.00, Distance: 4.27
2024-07-07 17:58:28,764 - INFO -   Point 5: X: -2.94, Y: 3.10, Z: 0.00, Velocity: 0.00, Distance: 4.27
2024-07-07 17:58:28,764 - INFO - -----------------------End Detected Points ---------------------------:
2024-07-07 17:58:28,864 - INFO - -----------------------Start Frame Header ---------------------------:
2024-07-07 17:58:28,864 - INFO -   Magic Word: 0201040306050807
2024-07-07 17:58:28,864 - INFO -   Version: 50659332 (decoded: 03.05.00.04)
2024-07-07 17:58:28,864 - INFO -   Total Packet Length: 768 bytes
2024-07-07 17:58:28,864 - INFO -   Platform: 0xA6843
2024-07-07 17:58:28,864 - INFO -   Frame Number: 29
2024-07-07 17:58:28,864 - INFO -   Time [CPU Cycles]: 1833865451
2024-07-07 17:58:28,864 - INFO -   Number of Detected Objects: 5
2024-07-07 17:58:28,864 - INFO -   Number of TLVs: 5
2024-07-07 17:58:28,864 - INFO -   Subframe Number: 0
2024-07-07 17:58:28,864 - INFO - -----------------------End Frame Header -----------------------------:
2024-07-07 17:58:28,864 - INFO - -----------------------Detected Points ---------------------------:
2024-07-07 17:58:28,864 - INFO -   Point 1: X: -0.41, Y: 0.15, Z: 0.00, Velocity: 0.00, Distance: 0.44
2024-07-07 17:58:28,864 - INFO -   Point 2: X: -0.34, Y: 0.50, Z: 0.00, Velocity: 0.00, Distance: 0.61
2024-07-07 17:58:28,864 - INFO -   Point 3: X: -0.55, Y: 0.26, Z: 0.00, Velocity: 0.00, Distance: 0.61
2024-07-07 17:58:28,864 - INFO -   Point 4: X: -0.53, Y: 4.24, Z: 0.00, Velocity: 0.00, Distance: 4.27
2024-07-07 17:58:28,864 - INFO -   Point 5: X: -2.94, Y: 3.10, Z: 0.00, Velocity: 0.00, Distance: 4.27
2024-07-07 17:58:28,864 - INFO - -----------------------End Detected Points ---------------------------:
2024-07-07 17:58:28,964 - INFO - -----------------------Start Frame Header ---------------------------:
2024-07-07 17:58:28,964 - INFO -   Magic Word: 0201040306050807
2024-07-07 17:58:28,964 - INFO -   Version: 50659332 (decoded: 03.05.00.04)
2024-07-07 17:58:28,964 - INFO -   Total Packet Length: 768 bytes
2024-07-07 17:58:28,964 - INFO -   Platform: 0xA6843
2024-07-07 17:58:28,964 - INFO -   Frame Number: 30
2024-07-07 17:58:28,964 - INFO -   Time [CPU Cycles]: 1853864671
2024-07-07 17:58:28,964 - INFO -   Number of Detected Objects: 5
2024-07-07 17:58:28,964 - INFO -   Number of TLVs: 5
2024-07-07 17:58:28,964 - INFO -   Subframe Number: 0
2024-07-07 17:58:28,964 - INFO - -----------------------End Frame Header -----------------------------:
2024-07-07 17:58:28,964 - INFO - -----------------------Detected Points ---------------------------:
2024-07-07 17:58:28,964 - INFO -   Point 1: X: -0.41, Y: 0.15, Z: 0.00, Velocity: 0.00, Distance: 0.44
2024-07-07 17:58:28,964 - INFO -   Point 2: X: -0.34, Y: 0.50, Z: 0.00, Velocity: 0.00, Distance: 0.61
2024-07-07 17:58:28,964 - INFO -   Point 3: X: -0.55, Y: 0.26, Z: 0.00, Velocity: 0.00, Distance: 0.61
2024-07-07 17:58:28,964 - INFO -   Point 4: X: -0.53, Y: 4.24, Z: 0.00, Velocity: 0.00, Distance: 4.27
2024-07-07 17:58:28,965 - INFO -   Point 5: X: -2.94, Y: 3.10, Z: 0.00, Velocity: 0.00, Distance: 4.27
2024-07-07 17:58:28,965 - INFO - -----------------------End Detected Points ---------------------------:
2024-07-07 17:58:29,064 - INFO - -----------------------Start Frame Header ---------------------------:
2024-07-07 17:58:29,064 - INFO -   Magic Word: 0201040306050807
2024-07-07 17:58:29,064 - INFO -   Version: 50659332 (decoded: 03.05.00.04)
2024-07-07 17:58:29,064 - INFO -   Total Packet Length: 768 bytes
2024-07-07 17:58:29,064 - INFO -   Platform: 0xA6843
2024-07-07 17:58:29,064 - INFO -   Frame Number: 31
2024-07-07 17:58:29,064 - INFO -   Time [CPU Cycles]: 1873864231
2024-07-07 17:58:29,064 - INFO -   Number of Detected Objects: 5
2024-07-07 17:58:29,064 - INFO -   Number of TLVs: 5
2024-07-07 17:58:29,064 - INFO -   Subframe Number: 0
2024-07-07 17:58:29,064 - INFO - -----------------------End Frame Header -----------------------------:
2024-07-07 17:58:29,064 - INFO - -----------------------Detected Points ---------------------------:
2024-07-07 17:58:29,064 - INFO -   Point 1: X: -0.41, Y: 0.15, Z: 0.00, Velocity: 0.00, Distance: 0.44
2024-07-07 17:58:29,065 - INFO -   Point 2: X: -0.34, Y: 0.50, Z: 0.00, Velocity: 0.00, Distance: 0.61
2024-07-07 17:58:29,065 - INFO -   Point 3: X: -0.55, Y: 0.26, Z: 0.00, Velocity: 0.00, Distance: 0.61
2024-07-07 17:58:29,065 - INFO -   Point 4: X: -0.53, Y: 4.24, Z: 0.00, Velocity: 0.00, Distance: 4.27
2024-07-07 17:58:29,065 - INFO -   Point 5: X: -2.94, Y: 3.10, Z: 0.00, Velocity: 0.00, Distance: 4.27
2024-07-07 17:58:29,065 - INFO - -----------------------End Detected Points ---------------------------:
2024-07-07 17:58:29,164 - INFO - -----------------------Start Frame Header ---------------------------:
2024-07-07 17:58:29,164 - INFO -   Magic Word: 0201040306050807
2024-07-07 17:58:29,164 - INFO -   Version: 50659332 (decoded: 03.05.00.04)
2024-07-07 17:58:29,164 - INFO -   Total Packet Length: 800 bytes
2024-07-07 17:58:29,164 - INFO -   Platform: 0xA6843
2024-07-07 17:58:29,164 - INFO -   Frame Number: 32
2024-07-07 17:58:29,164 - INFO -   Time [CPU Cycles]: 1893868697
2024-07-07 17:58:29,164 - INFO -   Number of Detected Objects: 7
2024-07-07 17:58:29,164 - INFO -   Number of TLVs: 5
2024-07-07 17:58:29,164 - INFO -   Subframe Number: 0
2024-07-07 17:58:29,164 - INFO - -----------------------End Frame Header -----------------------------:
2024-07-07 17:58:29,165 - ERROR - Error unpacking point data: unpack requires a buffer of 16 bytes
2024-07-07 17:58:29,165 - ERROR - Error unpacking point data: unpack requires a buffer of 16 bytes
2024-07-07 17:58:29,165 - INFO - -----------------------Detected Points ---------------------------:
2024-07-07 17:58:29,165 - INFO -   Point 1: X: -0.41, Y: 0.15, Z: 0.00, Velocity: 0.00, Distance: 0.44
2024-07-07 17:58:29,165 - INFO -   Point 2: X: -0.34, Y: 0.50, Z: 0.00, Velocity: 0.00, Distance: 0.61
2024-07-07 17:58:29,165 - INFO -   Point 3: X: -0.57, Y: 0.21, Z: 0.00, Velocity: 0.00, Distance: 0.61
2024-07-07 17:58:29,165 - INFO -   Point 4: X: -0.53, Y: 4.24, Z: 0.00, Velocity: 0.00, Distance: 4.27
2024-07-07 17:58:29,165 - INFO -   Point 5: X: -2.94, Y: 3.10, Z: 0.00, Velocity: 0.00, Distance: 4.27
2024-07-07 17:58:29,165 - INFO - -----------------------End Detected Points ---------------------------:
2024-07-07 17:58:29,264 - INFO - -----------------------Start Frame Header ---------------------------:
2024-07-07 17:58:29,264 - INFO -   Magic Word: 0201040306050807
2024-07-07 17:58:29,264 - INFO -   Version: 50659332 (decoded: 03.05.00.04)
2024-07-07 17:58:29,264 - INFO -   Total Packet Length: 800 bytes
2024-07-07 17:58:29,264 - INFO -   Platform: 0xA6843
2024-07-07 17:58:29,264 - INFO -   Frame Number: 33
2024-07-07 17:58:29,264 - INFO -   Time [CPU Cycles]: 1913869718
2024-07-07 17:58:29,264 - INFO -   Number of Detected Objects: 7
2024-07-07 17:58:29,264 - INFO -   Number of TLVs: 5
2024-07-07 17:58:29,264 - INFO -   Subframe Number: 0
2024-07-07 17:58:29,264 - INFO - -----------------------End Frame Header -----------------------------:
2024-07-07 17:58:29,264 - ERROR - Error unpacking point data: unpack requires a buffer of 16 bytes
2024-07-07 17:58:29,264 - ERROR - Error unpacking point data: unpack requires a buffer of 16 bytes
2024-07-07 17:58:29,264 - INFO - -----------------------Detected Points ---------------------------:
2024-07-07 17:58:29,264 - INFO -   Point 1: X: -0.41, Y: 0.15, Z: 0.00, Velocity: 0.00, Distance: 0.44
2024-07-07 17:58:29,264 - INFO -   Point 2: X: -0.34, Y: 0.50, Z: 0.00, Velocity: 0.00, Distance: 0.61
2024-07-07 17:58:29,264 - INFO -   Point 3: X: -0.57, Y: 0.21, Z: 0.00, Velocity: 0.00, Distance: 0.61
2024-07-07 17:58:29,264 - INFO -   Point 4: X: -0.53, Y: 4.24, Z: 0.00, Velocity: 0.00, Distance: 4.27
2024-07-07 17:58:29,264 - INFO -   Point 5: X: -2.94, Y: 3.10, Z: 0.00, Velocity: 0.00, Distance: 4.27
2024-07-07 17:58:29,264 - INFO - -----------------------End Detected Points ---------------------------:
2024-07-07 17:58:29,364 - INFO - -----------------------Start Frame Header ---------------------------:
2024-07-07 17:58:29,364 - INFO -   Magic Word: 0201040306050807
2024-07-07 17:58:29,364 - INFO -   Version: 50659332 (decoded: 03.05.00.04)
2024-07-07 17:58:29,364 - INFO -   Total Packet Length: 800 bytes
2024-07-07 17:58:29,364 - INFO -   Platform: 0xA6843
2024-07-07 17:58:29,364 - INFO -   Frame Number: 34
2024-07-07 17:58:29,364 - INFO -   Time [CPU Cycles]: 1933869583
2024-07-07 17:58:29,364 - INFO -   Number of Detected Objects: 7
2024-07-07 17:58:29,365 - INFO -   Number of TLVs: 5
2024-07-07 17:58:29,365 - INFO -   Subframe Number: 0
2024-07-07 17:58:29,365 - INFO - -----------------------End Frame Header -----------------------------:
2024-07-07 17:58:29,365 - ERROR - Error unpacking point data: unpack requires a buffer of 16 bytes
2024-07-07 17:58:29,365 - ERROR - Error unpacking point data: unpack requires a buffer of 16 bytes
2024-07-07 17:58:29,365 - INFO - -----------------------Detected Points ---------------------------:
2024-07-07 17:58:29,365 - INFO -   Point 1: X: -0.41, Y: 0.15, Z: 0.00, Velocity: 0.00, Distance: 0.44
2024-07-07 17:58:29,365 - INFO -   Point 2: X: -0.34, Y: 0.50, Z: 0.00, Velocity: 0.00, Distance: 0.61
2024-07-07 17:58:29,365 - INFO -   Point 3: X: -0.57, Y: 0.21, Z: 0.00, Velocity: 0.00, Distance: 0.61
2024-07-07 17:58:29,365 - INFO -   Point 4: X: -0.53, Y: 4.24, Z: 0.00, Velocity: 0.00, Distance: 4.27
2024-07-07 17:58:29,365 - INFO -   Point 5: X: -2.94, Y: 3.10, Z: 0.00, Velocity: 0.00, Distance: 4.27
2024-07-07 17:58:29,365 - INFO - -----------------------End Detected Points ---------------------------:
2024-07-07 17:58:29,464 - INFO - -----------------------Start Frame Header ---------------------------:
2024-07-07 17:58:29,464 - INFO -   Magic Word: 0201040306050807
2024-07-07 17:58:29,464 - INFO -   Version: 50659332 (decoded: 03.05.00.04)
2024-07-07 17:58:29,464 - INFO -   Total Packet Length: 768 bytes
2024-07-07 17:58:29,464 - INFO -   Platform: 0xA6843
2024-07-07 17:58:29,464 - INFO -   Frame Number: 35
2024-07-07 17:58:29,464 - INFO -   Time [CPU Cycles]: 1953867864
2024-07-07 17:58:29,464 - INFO -   Number of Detected Objects: 5
2024-07-07 17:58:29,464 - INFO -   Number of TLVs: 5
2024-07-07 17:58:29,464 - INFO -   Subframe Number: 0
2024-07-07 17:58:29,465 - INFO - -----------------------End Frame Header -----------------------------:
2024-07-07 17:58:29,465 - INFO - -----------------------Detected Points ---------------------------:
2024-07-07 17:58:29,465 - INFO -   Point 1: X: -0.41, Y: 0.15, Z: 0.00, Velocity: 0.00, Distance: 0.44
2024-07-07 17:58:29,465 - INFO -   Point 2: X: -0.34, Y: 0.50, Z: 0.00, Velocity: 0.00, Distance: 0.61
2024-07-07 17:58:29,465 - INFO -   Point 3: X: -0.57, Y: 0.21, Z: 0.00, Velocity: 0.00, Distance: 0.61
2024-07-07 17:58:29,465 - INFO -   Point 4: X: -0.53, Y: 4.24, Z: 0.00, Velocity: 0.00, Distance: 4.27
2024-07-07 17:58:29,465 - INFO -   Point 5: X: -2.94, Y: 3.10, Z: 0.00, Velocity: 0.00, Distance: 4.27
2024-07-07 17:58:29,465 - INFO - -----------------------End Detected Points ---------------------------:
2024-07-07 17:58:29,564 - INFO - -----------------------Start Frame Header ---------------------------:
2024-07-07 17:58:29,564 - INFO -   Magic Word: 0201040306050807
2024-07-07 17:58:29,564 - INFO -   Version: 50659332 (decoded: 03.05.00.04)
2024-07-07 17:58:29,564 - INFO -   Total Packet Length: 800 bytes
2024-07-07 17:58:29,564 - INFO -   Platform: 0xA6843
2024-07-07 17:58:29,564 - INFO -   Frame Number: 36
2024-07-07 17:58:29,564 - INFO -   Time [CPU Cycles]: 1973869815
2024-07-07 17:58:29,564 - INFO -   Number of Detected Objects: 7
2024-07-07 17:58:29,565 - INFO -   Number of TLVs: 5
2024-07-07 17:58:29,565 - INFO -   Subframe Number: 0
2024-07-07 17:58:29,565 - INFO - -----------------------End Frame Header -----------------------------:
2024-07-07 17:58:29,565 - ERROR - Error unpacking point data: unpack requires a buffer of 16 bytes
2024-07-07 17:58:29,565 - ERROR - Error unpacking point data: unpack requires a buffer of 16 bytes
2024-07-07 17:58:29,565 - INFO - -----------------------Detected Points ---------------------------:
2024-07-07 17:58:29,565 - INFO -   Point 1: X: -0.41, Y: 0.15, Z: 0.00, Velocity: 0.00, Distance: 0.44
2024-07-07 17:58:29,565 - INFO -   Point 2: X: -0.34, Y: 0.50, Z: 0.00, Velocity: 0.00, Distance: 0.61
2024-07-07 17:58:29,565 - INFO -   Point 3: X: -0.57, Y: 0.21, Z: 0.00, Velocity: 0.00, Distance: 0.61
2024-07-07 17:58:29,565 - INFO -   Point 4: X: -0.53, Y: 4.24, Z: 0.00, Velocity: 0.00, Distance: 4.27
2024-07-07 17:58:29,565 - INFO -   Point 5: X: -2.94, Y: 3.10, Z: 0.00, Velocity: 0.00, Distance: 4.27
2024-07-07 17:58:29,565 - INFO - -----------------------End Detected Points ---------------------------:
2024-07-07 17:58:29,664 - INFO - -----------------------Start Frame Header ---------------------------:
2024-07-07 17:58:29,664 - INFO -   Magic Word: 0201040306050807
2024-07-07 17:58:29,664 - INFO -   Version: 50659332 (decoded: 03.05.00.04)
2024-07-07 17:58:29,664 - INFO -   Total Packet Length: 800 bytes
2024-07-07 17:58:29,664 - INFO -   Platform: 0xA6843
2024-07-07 17:58:29,664 - INFO -   Frame Number: 37
2024-07-07 17:58:29,664 - INFO -   Time [CPU Cycles]: 1993869880
2024-07-07 17:58:29,664 - INFO -   Number of Detected Objects: 7
2024-07-07 17:58:29,664 - INFO -   Number of TLVs: 5
2024-07-07 17:58:29,664 - INFO -   Subframe Number: 0
2024-07-07 17:58:29,664 - INFO - -----------------------End Frame Header -----------------------------:
2024-07-07 17:58:29,664 - ERROR - Error unpacking point data: unpack requires a buffer of 16 bytes
2024-07-07 17:58:29,664 - ERROR - Error unpacking point data: unpack requires a buffer of 16 bytes
2024-07-07 17:58:29,664 - INFO - -----------------------Detected Points ---------------------------:
2024-07-07 17:58:29,664 - INFO -   Point 1: X: -0.41, Y: 0.15, Z: 0.00, Velocity: 0.00, Distance: 0.44
2024-07-07 17:58:29,665 - INFO -   Point 2: X: -0.34, Y: 0.50, Z: 0.00, Velocity: 0.00, Distance: 0.61
2024-07-07 17:58:29,665 - INFO -   Point 3: X: -0.57, Y: 0.21, Z: 0.00, Velocity: 0.00, Distance: 0.61
2024-07-07 17:58:29,665 - INFO -   Point 4: X: -0.53, Y: 4.24, Z: 0.00, Velocity: 0.00, Distance: 4.27
2024-07-07 17:58:29,665 - INFO -   Point 5: X: -2.94, Y: 3.10, Z: 0.00, Velocity: 0.00, Distance: 4.27
2024-07-07 17:58:29,665 - INFO - -----------------------End Detected Points ---------------------------:
2024-07-07 17:58:29,764 - INFO - -----------------------Start Frame Header ---------------------------:
2024-07-07 17:58:29,764 - INFO -   Magic Word: 0201040306050807
2024-07-07 17:58:29,764 - INFO -   Version: 50659332 (decoded: 03.05.00.04)
2024-07-07 17:58:29,764 - INFO -   Total Packet Length: 800 bytes
2024-07-07 17:58:29,764 - INFO -   Platform: 0xA6843
2024-07-07 17:58:29,764 - INFO -   Frame Number: 38
2024-07-07 17:58:29,764 - INFO -   Time [CPU Cycles]: 2013870577
2024-07-07 17:58:29,764 - INFO -   Number of Detected Objects: 7
2024-07-07 17:58:29,765 - INFO -   Number of TLVs: 5
2024-07-07 17:58:29,765 - INFO -   Subframe Number: 0
2024-07-07 17:58:29,765 - INFO - -----------------------End Frame Header -----------------------------:
2024-07-07 17:58:29,765 - ERROR - Error unpacking point data: unpack requires a buffer of 16 bytes
2024-07-07 17:58:29,765 - ERROR - Error unpacking point data: unpack requires a buffer of 16 bytes
2024-07-07 17:58:29,765 - INFO - -----------------------Detected Points ---------------------------:
2024-07-07 17:58:29,765 - INFO -   Point 1: X: -0.41, Y: 0.15, Z: 0.00, Velocity: 0.00, Distance: 0.44
2024-07-07 17:58:29,765 - INFO -   Point 2: X: -0.36, Y: 0.49, Z: 0.00, Velocity: 0.00, Distance: 0.61
2024-07-07 17:58:29,765 - INFO -   Point 3: X: -0.57, Y: 0.21, Z: 0.00, Velocity: 0.00, Distance: 0.61
2024-07-07 17:58:29,765 - INFO -   Point 4: X: -0.53, Y: 4.24, Z: 0.00, Velocity: 0.00, Distance: 4.27
2024-07-07 17:58:29,765 - INFO -   Point 5: X: -2.94, Y: 3.10, Z: 0.00, Velocity: 0.00, Distance: 4.27
2024-07-07 17:58:29,765 - INFO - -----------------------End Detected Points ---------------------------:
2024-07-07 17:58:29,864 - INFO - -----------------------Start Frame Header ---------------------------:
2024-07-07 17:58:29,864 - INFO -   Magic Word: 0201040306050807
2024-07-07 17:58:29,864 - INFO -   Version: 50659332 (decoded: 03.05.00.04)
2024-07-07 17:58:29,864 - INFO -   Total Packet Length: 800 bytes
2024-07-07 17:58:29,864 - INFO -   Platform: 0xA6843
2024-07-07 17:58:29,864 - INFO -   Frame Number: 39
2024-07-07 17:58:29,864 - INFO -   Time [CPU Cycles]: 2033869547
2024-07-07 17:58:29,865 - INFO -   Number of Detected Objects: 7
2024-07-07 17:58:29,865 - INFO -   Number of TLVs: 5
2024-07-07 17:58:29,865 - INFO -   Subframe Number: 0
2024-07-07 17:58:29,865 - INFO - -----------------------End Frame Header -----------------------------:
2024-07-07 17:58:29,865 - ERROR - Error unpacking point data: unpack requires a buffer of 16 bytes
2024-07-07 17:58:29,865 - ERROR - Error unpacking point data: unpack requires a buffer of 16 bytes
2024-07-07 17:58:29,865 - INFO - -----------------------Detected Points ---------------------------:
2024-07-07 17:58:29,865 - INFO -   Point 1: X: -0.41, Y: 0.15, Z: 0.00, Velocity: 0.00, Distance: 0.44
2024-07-07 17:58:29,865 - INFO -   Point 2: X: -0.36, Y: 0.49, Z: 0.00, Velocity: 0.00, Distance: 0.61
2024-07-07 17:58:29,865 - INFO -   Point 3: X: -0.57, Y: 0.21, Z: 0.00, Velocity: 0.00, Distance: 0.61
2024-07-07 17:58:29,865 - INFO -   Point 4: X: -0.53, Y: 4.24, Z: 0.00, Velocity: 0.00, Distance: 4.27
2024-07-07 17:58:29,865 - INFO -   Point 5: X: -2.94, Y: 3.10, Z: 0.00, Velocity: 0.00, Distance: 4.27
2024-07-07 17:58:29,865 - INFO - -----------------------End Detected Points ---------------------------:
2024-07-07 17:58:29,964 - INFO - -----------------------Start Frame Header ---------------------------:
2024-07-07 17:58:29,964 - INFO -   Magic Word: 0201040306050807
2024-07-07 17:58:29,964 - INFO -   Version: 50659332 (decoded: 03.05.00.04)
2024-07-07 17:58:29,964 - INFO -   Total Packet Length: 768 bytes
2024-07-07 17:58:29,964 - INFO -   Platform: 0xA6843
2024-07-07 17:58:29,964 - INFO -   Frame Number: 40
2024-07-07 17:58:29,964 - INFO -   Time [CPU Cycles]: 2053866154
2024-07-07 17:58:29,964 - INFO -   Number of Detected Objects: 5
2024-07-07 17:58:29,964 - INFO -   Number of TLVs: 5
2024-07-07 17:58:29,964 - INFO -   Subframe Number: 0
2024-07-07 17:58:29,964 - INFO - -----------------------End Frame Header -----------------------------:
2024-07-07 17:58:29,964 - INFO - -----------------------Detected Points ---------------------------:
2024-07-07 17:58:29,964 - INFO -   Point 1: X: -0.41, Y: 0.15, Z: 0.00, Velocity: 0.00, Distance: 0.44
2024-07-07 17:58:29,964 - INFO -   Point 2: X: -0.36, Y: 0.49, Z: 0.00, Velocity: 0.00, Distance: 0.61
2024-07-07 17:58:29,964 - INFO -   Point 3: X: -0.57, Y: 0.21, Z: 0.00, Velocity: 0.00, Distance: 0.61
2024-07-07 17:58:29,964 - INFO -   Point 4: X: -0.53, Y: 4.24, Z: 0.00, Velocity: 0.00, Distance: 4.27
2024-07-07 17:58:29,964 - INFO -   Point 5: X: -2.94, Y: 3.10, Z: 0.00, Velocity: 0.00, Distance: 4.27
2024-07-07 17:58:29,964 - INFO - -----------------------End Detected Points ---------------------------:
2024-07-07 17:58:30,064 - INFO - -----------------------Start Frame Header ---------------------------:
2024-07-07 17:58:30,064 - INFO -   Magic Word: 0201040306050807
2024-07-07 17:58:30,064 - INFO -   Version: 50659332 (decoded: 03.05.00.04)
2024-07-07 17:58:30,064 - INFO -   Total Packet Length: 768 bytes
2024-07-07 17:58:30,064 - INFO -   Platform: 0xA6843
2024-07-07 17:58:30,064 - INFO -   Frame Number: 41
2024-07-07 17:58:30,064 - INFO -   Time [CPU Cycles]: 2073865611
2024-07-07 17:58:30,064 - INFO -   Number of Detected Objects: 5
2024-07-07 17:58:30,064 - INFO -   Number of TLVs: 5
2024-07-07 17:58:30,064 - INFO -   Subframe Number: 0
2024-07-07 17:58:30,064 - INFO - -----------------------End Frame Header -----------------------------:
2024-07-07 17:58:30,064 - INFO - -----------------------Detected Points ---------------------------:
2024-07-07 17:58:30,064 - INFO -   Point 1: X: -0.41, Y: 0.15, Z: 0.00, Velocity: 0.00, Distance: 0.44
2024-07-07 17:58:30,064 - INFO -   Point 2: X: -0.36, Y: 0.49, Z: 0.00, Velocity: 0.00, Distance: 0.61
2024-07-07 17:58:30,064 - INFO -   Point 3: X: -0.57, Y: 0.21, Z: 0.00, Velocity: 0.00, Distance: 0.61
2024-07-07 17:58:30,064 - INFO -   Point 4: X: -0.53, Y: 4.24, Z: 0.00, Velocity: 0.00, Distance: 4.27
2024-07-07 17:58:30,064 - INFO -   Point 5: X: -2.94, Y: 3.10, Z: 0.00, Velocity: 0.00, Distance: 4.27
2024-07-07 17:58:30,065 - INFO - -----------------------End Detected Points ---------------------------:
2024-07-07 17:58:30,164 - INFO - -----------------------Start Frame Header ---------------------------:
2024-07-07 17:58:30,164 - INFO -   Magic Word: 0201040306050807
2024-07-07 17:58:30,164 - INFO -   Version: 50659332 (decoded: 03.05.00.04)
2024-07-07 17:58:30,164 - INFO -   Total Packet Length: 768 bytes
2024-07-07 17:58:30,164 - INFO -   Platform: 0xA6843
2024-07-07 17:58:30,164 - INFO -   Frame Number: 42
2024-07-07 17:58:30,164 - INFO -   Time [CPU Cycles]: 2093865674
2024-07-07 17:58:30,164 - INFO -   Number of Detected Objects: 5
2024-07-07 17:58:30,164 - INFO -   Number of TLVs: 5
2024-07-07 17:58:30,164 - INFO -   Subframe Number: 0
2024-07-07 17:58:30,164 - INFO - -----------------------End Frame Header -----------------------------:
2024-07-07 17:58:30,164 - INFO - -----------------------Detected Points ---------------------------:
2024-07-07 17:58:30,164 - INFO -   Point 1: X: -0.41, Y: 0.15, Z: 0.00, Velocity: 0.00, Distance: 0.44
2024-07-07 17:58:30,164 - INFO -   Point 2: X: -0.36, Y: 0.49, Z: 0.00, Velocity: 0.00, Distance: 0.61
2024-07-07 17:58:30,164 - INFO -   Point 3: X: -0.57, Y: 0.21, Z: 0.00, Velocity: 0.00, Distance: 0.61
2024-07-07 17:58:30,164 - INFO -   Point 4: X: -0.53, Y: 4.24, Z: 0.00, Velocity: 0.00, Distance: 4.27
2024-07-07 17:58:30,164 - INFO -   Point 5: X: -2.94, Y: 3.10, Z: 0.00, Velocity: 0.00, Distance: 4.27
2024-07-07 17:58:30,164 - INFO - -----------------------End Detected Points ---------------------------:
2024-07-07 17:58:30,264 - INFO - -----------------------Start Frame Header ---------------------------:
2024-07-07 17:58:30,264 - INFO -   Magic Word: 0201040306050807
2024-07-07 17:58:30,264 - INFO -   Version: 50659332 (decoded: 03.05.00.04)
2024-07-07 17:58:30,264 - INFO -   Total Packet Length: 736 bytes
2024-07-07 17:58:30,264 - INFO -   Platform: 0xA6843
2024-07-07 17:58:30,264 - INFO -   Frame Number: 43
2024-07-07 17:58:30,264 - INFO -   Time [CPU Cycles]: 2113862764
2024-07-07 17:58:30,264 - INFO -   Number of Detected Objects: 4
2024-07-07 17:58:30,264 - INFO -   Number of TLVs: 5
2024-07-07 17:58:30,264 - INFO -   Subframe Number: 0
2024-07-07 17:58:30,264 - INFO - -----------------------End Frame Header -----------------------------:
2024-07-07 17:58:30,264 - INFO - -----------------------Detected Points ---------------------------:
2024-07-07 17:58:30,264 - INFO -   Point 1: X: -0.36, Y: 0.49, Z: 0.00, Velocity: 0.00, Distance: 0.61
2024-07-07 17:58:30,264 - INFO -   Point 2: X: -0.57, Y: 0.21, Z: 0.00, Velocity: 0.00, Distance: 0.61
2024-07-07 17:58:30,264 - INFO -   Point 3: X: -0.53, Y: 4.24, Z: 0.00, Velocity: 0.00, Distance: 4.27
2024-07-07 17:58:30,264 - INFO -   Point 4: X: -2.94, Y: 3.10, Z: 0.00, Velocity: 0.00, Distance: 4.27
2024-07-07 17:58:30,264 - INFO - -----------------------End Detected Points ---------------------------:
2024-07-07 17:58:30,364 - INFO - -----------------------Start Frame Header ---------------------------:
2024-07-07 17:58:30,364 - INFO -   Magic Word: 0201040306050807
2024-07-07 17:58:30,364 - INFO -   Version: 50659332 (decoded: 03.05.00.04)
2024-07-07 17:58:30,364 - INFO -   Total Packet Length: 736 bytes
2024-07-07 17:58:30,364 - INFO -   Platform: 0xA6843
2024-07-07 17:58:30,364 - INFO -   Frame Number: 44
2024-07-07 17:58:30,364 - INFO -   Time [CPU Cycles]: 2133862565
2024-07-07 17:58:30,364 - INFO -   Number of Detected Objects: 4
2024-07-07 17:58:30,364 - INFO -   Number of TLVs: 5
2024-07-07 17:58:30,364 - INFO -   Subframe Number: 0
2024-07-07 17:58:30,364 - INFO - -----------------------End Frame Header -----------------------------:
2024-07-07 17:58:30,364 - INFO - -----------------------Detected Points ---------------------------:
2024-07-07 17:58:30,364 - INFO -   Point 1: X: -0.36, Y: 0.49, Z: 0.00, Velocity: 0.00, Distance: 0.61
2024-07-07 17:58:30,364 - INFO -   Point 2: X: -0.57, Y: 0.21, Z: 0.00, Velocity: 0.00, Distance: 0.61
2024-07-07 17:58:30,364 - INFO -   Point 3: X: -0.53, Y: 4.24, Z: 0.00, Velocity: 0.00, Distance: 4.27
2024-07-07 17:58:30,364 - INFO -   Point 4: X: -2.94, Y: 3.10, Z: 0.00, Velocity: 0.00, Distance: 4.27
2024-07-07 17:58:30,364 - INFO - -----------------------End Detected Points ---------------------------:
2024-07-07 17:58:30,464 - INFO - -----------------------Start Frame Header ---------------------------:
2024-07-07 17:58:30,464 - INFO -   Magic Word: 0201040306050807
2024-07-07 17:58:30,464 - INFO -   Version: 50659332 (decoded: 03.05.00.04)
2024-07-07 17:58:30,464 - INFO -   Total Packet Length: 736 bytes
2024-07-07 17:58:30,464 - INFO -   Platform: 0xA6843
2024-07-07 17:58:30,464 - INFO -   Frame Number: 45
2024-07-07 17:58:30,464 - INFO -   Time [CPU Cycles]: 2153862550
2024-07-07 17:58:30,464 - INFO -   Number of Detected Objects: 4
2024-07-07 17:58:30,464 - INFO -   Number of TLVs: 5
2024-07-07 17:58:30,464 - INFO -   Subframe Number: 0
2024-07-07 17:58:30,464 - INFO - -----------------------End Frame Header -----------------------------:
2024-07-07 17:58:30,464 - INFO - -----------------------Detected Points ---------------------------:
2024-07-07 17:58:30,464 - INFO -   Point 1: X: -0.36, Y: 0.49, Z: 0.00, Velocity: 0.00, Distance: 0.61
2024-07-07 17:58:30,464 - INFO -   Point 2: X: -0.57, Y: 0.21, Z: 0.00, Velocity: 0.00, Distance: 0.61
2024-07-07 17:58:30,464 - INFO -   Point 3: X: -0.53, Y: 4.24, Z: 0.00, Velocity: 0.00, Distance: 4.27
2024-07-07 17:58:30,464 - INFO -   Point 4: X: -2.94, Y: 3.10, Z: 0.00, Velocity: 0.00, Distance: 4.27
2024-07-07 17:58:30,464 - INFO - -----------------------End Detected Points ---------------------------:
2024-07-07 17:58:30,564 - INFO - -----------------------Start Frame Header ---------------------------:
2024-07-07 17:58:30,564 - INFO -   Magic Word: 0201040306050807
2024-07-07 17:58:30,564 - INFO -   Version: 50659332 (decoded: 03.05.00.04)
2024-07-07 17:58:30,564 - INFO -   Total Packet Length: 736 bytes
2024-07-07 17:58:30,564 - INFO -   Platform: 0xA6843
2024-07-07 17:58:30,564 - INFO -   Frame Number: 46
2024-07-07 17:58:30,564 - INFO -   Time [CPU Cycles]: 2173862871
2024-07-07 17:58:30,564 - INFO -   Number of Detected Objects: 4
2024-07-07 17:58:30,564 - INFO -   Number of TLVs: 5
2024-07-07 17:58:30,564 - INFO -   Subframe Number: 0
2024-07-07 17:58:30,564 - INFO - -----------------------End Frame Header -----------------------------:
2024-07-07 17:58:30,564 - INFO - -----------------------Detected Points ---------------------------:
2024-07-07 17:58:30,564 - INFO -   Point 1: X: -0.36, Y: 0.49, Z: 0.00, Velocity: 0.00, Distance: 0.61
2024-07-07 17:58:30,564 - INFO -   Point 2: X: -0.57, Y: 0.21, Z: 0.00, Velocity: 0.00, Distance: 0.61
2024-07-07 17:58:30,564 - INFO -   Point 3: X: -0.53, Y: 4.24, Z: 0.00, Velocity: 0.00, Distance: 4.27
2024-07-07 17:58:30,564 - INFO -   Point 4: X: -2.94, Y: 3.10, Z: 0.00, Velocity: 0.00, Distance: 4.27
2024-07-07 17:58:30,564 - INFO - -----------------------End Detected Points ---------------------------:
2024-07-07 17:58:30,664 - INFO - -----------------------Start Frame Header ---------------------------:
2024-07-07 17:58:30,664 - INFO -   Magic Word: 0201040306050807
2024-07-07 17:58:30,664 - INFO -   Version: 50659332 (decoded: 03.05.00.04)
2024-07-07 17:58:30,664 - INFO -   Total Packet Length: 736 bytes
2024-07-07 17:58:30,664 - INFO -   Platform: 0xA6843
2024-07-07 17:58:30,664 - INFO -   Frame Number: 47
2024-07-07 17:58:30,664 - INFO -   Time [CPU Cycles]: 2193862869
2024-07-07 17:58:30,664 - INFO -   Number of Detected Objects: 4
2024-07-07 17:58:30,664 - INFO -   Number of TLVs: 5
2024-07-07 17:58:30,664 - INFO -   Subframe Number: 0
2024-07-07 17:58:30,664 - INFO - -----------------------End Frame Header -----------------------------:
2024-07-07 17:58:30,664 - INFO - -----------------------Detected Points ---------------------------:
2024-07-07 17:58:30,664 - INFO -   Point 1: X: -0.36, Y: 0.49, Z: 0.00, Velocity: 0.00, Distance: 0.61
2024-07-07 17:58:30,664 - INFO -   Point 2: X: -0.57, Y: 0.21, Z: 0.00, Velocity: 0.00, Distance: 0.61
2024-07-07 17:58:30,664 - INFO -   Point 3: X: -0.53, Y: 4.24, Z: 0.00, Velocity: 0.00, Distance: 4.27
2024-07-07 17:58:30,664 - INFO -   Point 4: X: -2.94, Y: 3.10, Z: 0.00, Velocity: 0.00, Distance: 4.27
2024-07-07 17:58:30,664 - INFO - -----------------------End Detected Points ---------------------------:
2024-07-07 17:58:30,764 - INFO - -----------------------Start Frame Header ---------------------------:
2024-07-07 17:58:30,764 - INFO -   Magic Word: 0201040306050807
2024-07-07 17:58:30,764 - INFO -   Version: 50659332 (decoded: 03.05.00.04)
2024-07-07 17:58:30,764 - INFO -   Total Packet Length: 736 bytes
2024-07-07 17:58:30,764 - INFO -   Platform: 0xA6843
2024-07-07 17:58:30,764 - INFO -   Frame Number: 48
2024-07-07 17:58:30,764 - INFO -   Time [CPU Cycles]: 2213862421
2024-07-07 17:58:30,764 - INFO -   Number of Detected Objects: 4
2024-07-07 17:58:30,764 - INFO -   Number of TLVs: 5
2024-07-07 17:58:30,764 - INFO -   Subframe Number: 0
2024-07-07 17:58:30,764 - INFO - -----------------------End Frame Header -----------------------------:
2024-07-07 17:58:30,764 - INFO - -----------------------Detected Points ---------------------------:
2024-07-07 17:58:30,764 - INFO -   Point 1: X: -0.36, Y: 0.49, Z: 0.00, Velocity: 0.00, Distance: 0.61
2024-07-07 17:58:30,764 - INFO -   Point 2: X: -0.57, Y: 0.21, Z: 0.00, Velocity: 0.00, Distance: 0.61
2024-07-07 17:58:30,764 - INFO -   Point 3: X: -0.53, Y: 4.24, Z: 0.00, Velocity: 0.00, Distance: 4.27
2024-07-07 17:58:30,764 - INFO -   Point 4: X: -2.94, Y: 3.10, Z: 0.00, Velocity: 0.00, Distance: 4.27
2024-07-07 17:58:30,764 - INFO - -----------------------End Detected Points ---------------------------:
2024-07-07 17:58:30,864 - INFO - -----------------------Start Frame Header ---------------------------:
2024-07-07 17:58:30,864 - INFO -   Magic Word: 0201040306050807
2024-07-07 17:58:30,864 - INFO -   Version: 50659332 (decoded: 03.05.00.04)
2024-07-07 17:58:30,864 - INFO -   Total Packet Length: 736 bytes
2024-07-07 17:58:30,864 - INFO -   Platform: 0xA6843
2024-07-07 17:58:30,864 - INFO -   Frame Number: 49
2024-07-07 17:58:30,864 - INFO -   Time [CPU Cycles]: 2233862043
2024-07-07 17:58:30,864 - INFO -   Number of Detected Objects: 4
2024-07-07 17:58:30,864 - INFO -   Number of TLVs: 5
2024-07-07 17:58:30,864 - INFO -   Subframe Number: 0
2024-07-07 17:58:30,864 - INFO - -----------------------End Frame Header -----------------------------:
2024-07-07 17:58:30,864 - INFO - -----------------------Detected Points ---------------------------:
2024-07-07 17:58:30,864 - INFO -   Point 1: X: -0.36, Y: 0.49, Z: 0.00, Velocity: 0.00, Distance: 0.61
2024-07-07 17:58:30,864 - INFO -   Point 2: X: -0.57, Y: 0.21, Z: 0.00, Velocity: 0.00, Distance: 0.61
2024-07-07 17:58:30,864 - INFO -   Point 3: X: -0.53, Y: 4.24, Z: 0.00, Velocity: 0.00, Distance: 4.27
2024-07-07 17:58:30,864 - INFO -   Point 4: X: -2.94, Y: 3.10, Z: 0.00, Velocity: 0.00, Distance: 4.27
2024-07-07 17:58:30,864 - INFO - -----------------------End Detected Points ---------------------------:
2024-07-07 17:58:30,964 - INFO - -----------------------Start Frame Header ---------------------------:
2024-07-07 17:58:30,964 - INFO -   Magic Word: 0201040306050807
2024-07-07 17:58:30,964 - INFO -   Version: 50659332 (decoded: 03.05.00.04)
2024-07-07 17:58:30,964 - INFO -   Total Packet Length: 736 bytes
2024-07-07 17:58:30,964 - INFO -   Platform: 0xA6843
2024-07-07 17:58:30,964 - INFO -   Frame Number: 50
2024-07-07 17:58:30,964 - INFO -   Time [CPU Cycles]: 2253862585
2024-07-07 17:58:30,964 - INFO -   Number of Detected Objects: 4
2024-07-07 17:58:30,964 - INFO -   Number of TLVs: 5
2024-07-07 17:58:30,964 - INFO -   Subframe Number: 0
2024-07-07 17:58:30,964 - INFO - -----------------------End Frame Header -----------------------------:
2024-07-07 17:58:30,964 - INFO - -----------------------Detected Points ---------------------------:
2024-07-07 17:58:30,964 - INFO -   Point 1: X: -0.36, Y: 0.49, Z: 0.00, Velocity: 0.00, Distance: 0.61
2024-07-07 17:58:30,964 - INFO -   Point 2: X: -0.57, Y: 0.21, Z: 0.00, Velocity: 0.00, Distance: 0.61
2024-07-07 17:58:30,964 - INFO -   Point 3: X: -0.53, Y: 4.24, Z: 0.00, Velocity: 0.00, Distance: 4.27
2024-07-07 17:58:30,964 - INFO -   Point 4: X: -2.94, Y: 3.10, Z: 0.00, Velocity: 0.00, Distance: 4.27
2024-07-07 17:58:30,964 - INFO - -----------------------End Detected Points ---------------------------:
2024-07-07 17:58:31,064 - INFO - -----------------------Start Frame Header ---------------------------:
2024-07-07 17:58:31,064 - INFO -   Magic Word: 0201040306050807
2024-07-07 17:58:31,064 - INFO -   Version: 50659332 (decoded: 03.05.00.04)
2024-07-07 17:58:31,064 - INFO -   Total Packet Length: 736 bytes
2024-07-07 17:58:31,064 - INFO -   Platform: 0xA6843
2024-07-07 17:58:31,064 - INFO -   Frame Number: 51
2024-07-07 17:58:31,064 - INFO -   Time [CPU Cycles]: 2273862300
2024-07-07 17:58:31,064 - INFO -   Number of Detected Objects: 4
2024-07-07 17:58:31,064 - INFO -   Number of TLVs: 5
2024-07-07 17:58:31,064 - INFO -   Subframe Number: 0
2024-07-07 17:58:31,064 - INFO - -----------------------End Frame Header -----------------------------:
2024-07-07 17:58:31,164 - INFO - -----------------------Start Frame Header ---------------------------:
2024-07-07 17:58:31,164 - INFO -   Magic Word: 0201040306050807
2024-07-07 17:58:31,164 - INFO -   Version: 50659332 (decoded: 03.05.00.04)
2024-07-07 17:58:31,164 - INFO -   Total Packet Length: 768 bytes
2024-07-07 17:58:31,164 - INFO -   Platform: 0xA6843
2024-07-07 17:58:31,164 - INFO -   Frame Number: 52
2024-07-07 17:58:31,164 - INFO -   Time [CPU Cycles]: 2293865944
2024-07-07 17:58:31,164 - INFO -   Number of Detected Objects: 6
2024-07-07 17:58:31,164 - INFO -   Number of TLVs: 5
2024-07-07 17:58:31,164 - INFO -   Subframe Number: 0
2024-07-07 17:58:31,164 - INFO - -----------------------End Frame Header -----------------------------:
2024-07-07 17:58:31,164 - ERROR - Error unpacking point data: unpack requires a buffer of 16 bytes
2024-07-07 17:58:31,164 - INFO - -----------------------Detected Points ---------------------------:
2024-07-07 17:58:31,164 - INFO -   Point 1: X: -0.36, Y: 0.49, Z: 0.00, Velocity: 0.00, Distance: 0.61
2024-07-07 17:58:31,164 - INFO -   Point 2: X: -0.57, Y: 0.21, Z: 0.00, Velocity: 0.00, Distance: 0.61
2024-07-07 17:58:31,164 - INFO -   Point 3: X: -0.53, Y: 4.24, Z: 0.00, Velocity: 0.00, Distance: 4.27
2024-07-07 17:58:31,164 - INFO -   Point 4: X: -2.94, Y: 3.10, Z: 0.00, Velocity: 0.00, Distance: 4.27
2024-07-07 17:58:31,164 - INFO -   Point 5: X: 3.57, Y: 4.46, Z: 0.00, Velocity: 0.00, Distance: 5.71
2024-07-07 17:58:31,164 - INFO - -----------------------End Detected Points ---------------------------:
2024-07-07 17:58:31,264 - INFO - -----------------------Start Frame Header ---------------------------:
2024-07-07 17:58:31,264 - INFO -   Magic Word: 0201040306050807
2024-07-07 17:58:31,264 - INFO -   Version: 50659332 (decoded: 03.05.00.04)
2024-07-07 17:58:31,264 - INFO -   Total Packet Length: 768 bytes
2024-07-07 17:58:31,264 - INFO -   Platform: 0xA6843
2024-07-07 17:58:31,264 - INFO -   Frame Number: 53
2024-07-07 17:58:31,264 - INFO -   Time [CPU Cycles]: 2313865576
2024-07-07 17:58:31,264 - INFO -   Number of Detected Objects: 6
2024-07-07 17:58:31,264 - INFO -   Number of TLVs: 5
2024-07-07 17:58:31,264 - INFO -   Subframe Number: 0
2024-07-07 17:58:31,264 - INFO - -----------------------End Frame Header -----------------------------:
2024-07-07 17:58:31,264 - ERROR - Error unpacking point data: unpack requires a buffer of 16 bytes
2024-07-07 17:58:31,264 - INFO - -----------------------Detected Points ---------------------------:
2024-07-07 17:58:31,264 - INFO -   Point 1: X: -0.36, Y: 0.49, Z: 0.00, Velocity: 0.00, Distance: 0.61
2024-07-07 17:58:31,264 - INFO -   Point 2: X: -0.57, Y: 0.21, Z: 0.00, Velocity: 0.00, Distance: 0.61
2024-07-07 17:58:31,264 - INFO -   Point 3: X: -0.53, Y: 4.24, Z: 0.00, Velocity: 0.00, Distance: 4.27
2024-07-07 17:58:31,264 - INFO -   Point 4: X: -2.94, Y: 3.10, Z: 0.00, Velocity: 0.00, Distance: 4.27
2024-07-07 17:58:31,264 - INFO -   Point 5: X: 3.57, Y: 4.46, Z: 0.00, Velocity: 0.00, Distance: 5.71
2024-07-07 17:58:31,264 - INFO - -----------------------End Detected Points ---------------------------:
2024-07-07 17:58:31,364 - INFO - -----------------------Start Frame Header ---------------------------:
2024-07-07 17:58:31,364 - INFO -   Magic Word: 0201040306050807
2024-07-07 17:58:31,364 - INFO -   Version: 50659332 (decoded: 03.05.00.04)
2024-07-07 17:58:31,364 - INFO -   Total Packet Length: 768 bytes
2024-07-07 17:58:31,364 - INFO -   Platform: 0xA6843
2024-07-07 17:58:31,364 - INFO -   Frame Number: 54
2024-07-07 17:58:31,364 - INFO -   Time [CPU Cycles]: 2333865698
2024-07-07 17:58:31,364 - INFO -   Number of Detected Objects: 5
2024-07-07 17:58:31,364 - INFO -   Number of TLVs: 5
2024-07-07 17:58:31,364 - INFO -   Subframe Number: 0
2024-07-07 17:58:31,364 - INFO - -----------------------End Frame Header -----------------------------:
2024-07-07 17:58:31,463 - INFO - -----------------------Start Frame Header ---------------------------:
2024-07-07 17:58:31,463 - INFO -   Magic Word: 0201040306050807
2024-07-07 17:58:31,463 - INFO -   Version: 50659332 (decoded: 03.05.00.04)
2024-07-07 17:58:31,463 - INFO -   Total Packet Length: 736 bytes
2024-07-07 17:58:31,463 - INFO -   Platform: 0xA6843
2024-07-07 17:58:31,463 - INFO -   Frame Number: 55
2024-07-07 17:58:31,463 - INFO -   Time [CPU Cycles]: 2353862471
2024-07-07 17:58:31,463 - INFO -   Number of Detected Objects: 4
2024-07-07 17:58:31,463 - INFO -   Number of TLVs: 5
2024-07-07 17:58:31,463 - INFO -   Subframe Number: 0
2024-07-07 17:58:31,463 - INFO - -----------------------End Frame Header -----------------------------:
2024-07-07 17:58:31,463 - INFO - -----------------------Detected Points ---------------------------:
2024-07-07 17:58:31,463 - INFO -   Point 1: X: -0.36, Y: 0.49, Z: 0.00, Velocity: 0.00, Distance: 0.61
2024-07-07 17:58:31,463 - INFO -   Point 2: X: -0.57, Y: 0.21, Z: 0.00, Velocity: 0.00, Distance: 0.61
2024-07-07 17:58:31,463 - INFO -   Point 3: X: -0.53, Y: 4.24, Z: 0.00, Velocity: 0.00, Distance: 4.27
2024-07-07 17:58:31,463 - INFO -   Point 4: X: -2.94, Y: 3.10, Z: 0.00, Velocity: 0.00, Distance: 4.27
2024-07-07 17:58:31,463 - INFO - -----------------------End Detected Points ---------------------------:
2024-07-07 17:58:31,564 - INFO - -----------------------Start Frame Header ---------------------------:
2024-07-07 17:58:31,564 - INFO -   Magic Word: 0201040306050807
2024-07-07 17:58:31,564 - INFO -   Version: 50659332 (decoded: 03.05.00.04)
2024-07-07 17:58:31,564 - INFO -   Total Packet Length: 768 bytes
2024-07-07 17:58:31,564 - INFO -   Platform: 0xA6843
2024-07-07 17:58:31,564 - INFO -   Frame Number: 56
2024-07-07 17:58:31,564 - INFO -   Time [CPU Cycles]: 2373866140
2024-07-07 17:58:31,564 - INFO -   Number of Detected Objects: 6
2024-07-07 17:58:31,564 - INFO -   Number of TLVs: 5
2024-07-07 17:58:31,564 - INFO -   Subframe Number: 0
2024-07-07 17:58:31,564 - INFO - -----------------------End Frame Header -----------------------------:
2024-07-07 17:58:31,564 - ERROR - Error unpacking point data: unpack requires a buffer of 16 bytes
2024-07-07 17:58:31,564 - INFO - -----------------------Detected Points ---------------------------:
2024-07-07 17:58:31,564 - INFO -   Point 1: X: -0.36, Y: 0.49, Z: 0.00, Velocity: 0.00, Distance: 0.61
2024-07-07 17:58:31,564 - INFO -   Point 2: X: -0.57, Y: 0.21, Z: 0.00, Velocity: 0.00, Distance: 0.61
2024-07-07 17:58:31,564 - INFO -   Point 3: X: -0.53, Y: 4.24, Z: 0.00, Velocity: 0.00, Distance: 4.27
2024-07-07 17:58:31,564 - INFO -   Point 4: X: -2.94, Y: 3.10, Z: 0.00, Velocity: 0.00, Distance: 4.27
2024-07-07 17:58:31,564 - INFO -   Point 5: X: 3.57, Y: 4.46, Z: 0.00, Velocity: 0.00, Distance: 5.71
2024-07-07 17:58:31,564 - INFO - -----------------------End Detected Points ---------------------------:
2024-07-07 17:58:31,664 - INFO - -----------------------Start Frame Header ---------------------------:
2024-07-07 17:58:31,664 - INFO -   Magic Word: 0201040306050807
2024-07-07 17:58:31,664 - INFO -   Version: 50659332 (decoded: 03.05.00.04)
2024-07-07 17:58:31,664 - INFO -   Total Packet Length: 736 bytes
2024-07-07 17:58:31,664 - INFO -   Platform: 0xA6843
2024-07-07 17:58:31,664 - INFO -   Frame Number: 57
2024-07-07 17:58:31,664 - INFO -   Time [CPU Cycles]: 2393862745
2024-07-07 17:58:31,664 - INFO -   Number of Detected Objects: 4
2024-07-07 17:58:31,664 - INFO -   Number of TLVs: 5
2024-07-07 17:58:31,664 - INFO -   Subframe Number: 0
2024-07-07 17:58:31,664 - INFO - -----------------------End Frame Header -----------------------------:
2024-07-07 17:58:31,664 - INFO - -----------------------Detected Points ---------------------------:
2024-07-07 17:58:31,664 - INFO -   Point 1: X: -0.36, Y: 0.49, Z: 0.00, Velocity: 0.00, Distance: 0.61
2024-07-07 17:58:31,664 - INFO -   Point 2: X: -0.57, Y: 0.21, Z: 0.00, Velocity: 0.00, Distance: 0.61
2024-07-07 17:58:31,664 - INFO -   Point 3: X: -0.53, Y: 4.24, Z: 0.00, Velocity: 0.00, Distance: 4.27
2024-07-07 17:58:31,664 - INFO -   Point 4: X: -2.94, Y: 3.10, Z: 0.00, Velocity: 0.00, Distance: 4.27
2024-07-07 17:58:31,664 - INFO - -----------------------End Detected Points ---------------------------:
2024-07-07 17:58:31,764 - INFO - -----------------------Start Frame Header ---------------------------:
2024-07-07 17:58:31,764 - INFO -   Magic Word: 0201040306050807
2024-07-07 17:58:31,764 - INFO -   Version: 50659332 (decoded: 03.05.00.04)
2024-07-07 17:58:31,764 - INFO -   Total Packet Length: 768 bytes
2024-07-07 17:58:31,764 - INFO -   Platform: 0xA6843
2024-07-07 17:58:31,764 - INFO -   Frame Number: 58
2024-07-07 17:58:31,764 - INFO -   Time [CPU Cycles]: 2413865824
2024-07-07 17:58:31,764 - INFO -   Number of Detected Objects: 6
2024-07-07 17:58:31,764 - INFO -   Number of TLVs: 5
2024-07-07 17:58:31,764 - INFO -   Subframe Number: 0
2024-07-07 17:58:31,764 - INFO - -----------------------End Frame Header -----------------------------:
2024-07-07 17:58:31,764 - ERROR - Error unpacking point data: unpack requires a buffer of 16 bytes
2024-07-07 17:58:31,764 - INFO - -----------------------Detected Points ---------------------------:
2024-07-07 17:58:31,764 - INFO -   Point 1: X: -0.36, Y: 0.49, Z: 0.00, Velocity: 0.00, Distance: 0.61
2024-07-07 17:58:31,764 - INFO -   Point 2: X: -0.57, Y: 0.21, Z: 0.00, Velocity: 0.00, Distance: 0.61
2024-07-07 17:58:31,764 - INFO -   Point 3: X: -0.53, Y: 4.24, Z: 0.00, Velocity: 0.00, Distance: 4.27
2024-07-07 17:58:31,764 - INFO -   Point 4: X: -2.94, Y: 3.10, Z: 0.00, Velocity: 0.00, Distance: 4.27
2024-07-07 17:58:31,764 - INFO -   Point 5: X: 3.57, Y: 4.46, Z: 0.00, Velocity: 0.00, Distance: 5.71
2024-07-07 17:58:31,764 - INFO - -----------------------End Detected Points ---------------------------:
2024-07-07 17:58:31,863 - INFO - -----------------------Start Frame Header ---------------------------:
2024-07-07 17:58:31,863 - INFO -   Magic Word: 0201040306050807
2024-07-07 17:58:31,863 - INFO -   Version: 50659332 (decoded: 03.05.00.04)
2024-07-07 17:58:31,863 - INFO -   Total Packet Length: 736 bytes
2024-07-07 17:58:31,863 - INFO -   Platform: 0xA6843
2024-07-07 17:58:31,863 - INFO -   Frame Number: 59
2024-07-07 17:58:31,863 - INFO -   Time [CPU Cycles]: 2433862629
2024-07-07 17:58:31,863 - INFO -   Number of Detected Objects: 4
2024-07-07 17:58:31,863 - INFO -   Number of TLVs: 5
2024-07-07 17:58:31,863 - INFO -   Subframe Number: 0
2024-07-07 17:58:31,863 - INFO - -----------------------End Frame Header -----------------------------:
2024-07-07 17:58:31,863 - INFO - -----------------------Detected Points ---------------------------:
2024-07-07 17:58:31,863 - INFO -   Point 1: X: -0.36, Y: 0.49, Z: 0.00, Velocity: 0.00, Distance: 0.61
2024-07-07 17:58:31,863 - INFO -   Point 2: X: -0.57, Y: 0.21, Z: 0.00, Velocity: 0.00, Distance: 0.61
2024-07-07 17:58:31,863 - INFO -   Point 3: X: -0.53, Y: 4.24, Z: 0.00, Velocity: 0.00, Distance: 4.27
2024-07-07 17:58:31,864 - INFO -   Point 4: X: -2.94, Y: 3.10, Z: 0.00, Velocity: 0.00, Distance: 4.27
2024-07-07 17:58:31,864 - INFO - -----------------------End Detected Points ---------------------------:
2024-07-07 17:58:31,964 - INFO - -----------------------Start Frame Header ---------------------------:
2024-07-07 17:58:31,964 - INFO -   Magic Word: 0201040306050807
2024-07-07 17:58:31,964 - INFO -   Version: 50659332 (decoded: 03.05.00.04)
2024-07-07 17:58:31,964 - INFO -   Total Packet Length: 768 bytes
2024-07-07 17:58:31,964 - INFO -   Platform: 0xA6843
2024-07-07 17:58:31,964 - INFO -   Frame Number: 60
2024-07-07 17:58:31,964 - INFO -   Time [CPU Cycles]: 2453865678
2024-07-07 17:58:31,964 - INFO -   Number of Detected Objects: 6
2024-07-07 17:58:31,964 - INFO -   Number of TLVs: 5
2024-07-07 17:58:31,964 - INFO -   Subframe Number: 0
2024-07-07 17:58:31,964 - INFO - -----------------------End Frame Header -----------------------------:
2024-07-07 17:58:31,964 - ERROR - Error unpacking point data: unpack requires a buffer of 16 bytes
2024-07-07 17:58:31,964 - ERROR - Error unpacking point data: unpack requires a buffer of 16 bytes
2024-07-07 17:58:31,964 - ERROR - Error unpacking point data: unpack requires a buffer of 16 bytes
2024-07-07 17:58:31,964 - ERROR - Error unpacking point data: unpack requires a buffer of 16 bytes
2024-07-07 17:58:31,964 - ERROR - Error unpacking point data: unpack requires a buffer of 16 bytes
2024-07-07 17:58:31,964 - INFO - -----------------------Detected Points ---------------------------:
2024-07-07 17:58:31,964 - INFO -   Point 1: X: -0.36, Y: 0.49, Z: 0.00, Velocity: 0.00, Distance: 0.61
2024-07-07 17:58:31,964 - INFO - -----------------------End Detected Points ---------------------------:
2024-07-07 17:58:32,063 - INFO - -----------------------Start Frame Header ---------------------------:
2024-07-07 17:58:32,063 - INFO -   Magic Word: 0201040306050807
2024-07-07 17:58:32,063 - INFO -   Version: 50659332 (decoded: 03.05.00.04)
2024-07-07 17:58:32,063 - INFO -   Total Packet Length: 832 bytes
2024-07-07 17:58:32,063 - INFO -   Platform: 0xA6843
2024-07-07 17:58:32,063 - INFO -   Frame Number: 61
2024-07-07 17:58:32,063 - INFO -   Time [CPU Cycles]: 2473868606
2024-07-07 17:58:32,063 - INFO -   Number of Detected Objects: 8
2024-07-07 17:58:32,063 - INFO -   Number of TLVs: 5
2024-07-07 17:58:32,063 - INFO -   Subframe Number: 0
2024-07-07 17:58:32,063 - INFO - -----------------------End Frame Header -----------------------------:
2024-07-07 17:58:32,063 - ERROR - Error unpacking point data: unpack requires a buffer of 16 bytes
2024-07-07 17:58:32,063 - ERROR - Error unpacking point data: unpack requires a buffer of 16 bytes
2024-07-07 17:58:32,063 - ERROR - Error unpacking point data: unpack requires a buffer of 16 bytes
2024-07-07 17:58:32,063 - INFO - -----------------------Detected Points ---------------------------:
2024-07-07 17:58:32,063 - INFO -   Point 1: X: -0.34, Y: 0.50, Z: 0.00, Velocity: 0.00, Distance: 0.61
2024-07-07 17:58:32,063 - INFO -   Point 2: X: -0.57, Y: 0.21, Z: 0.00, Velocity: 0.00, Distance: 0.61
2024-07-07 17:58:32,063 - INFO -   Point 3: X: -0.53, Y: 4.24, Z: 0.00, Velocity: 0.00, Distance: 4.27
2024-07-07 17:58:32,063 - INFO -   Point 4: X: -2.94, Y: 3.10, Z: 0.00, Velocity: 0.00, Distance: 4.27
2024-07-07 17:58:32,063 - INFO -   Point 5: X: -3.09, Y: 3.26, Z: 0.00, Velocity: 0.00, Distance: 4.49
2024-07-07 17:58:32,063 - INFO - -----------------------End Detected Points ---------------------------:
2024-07-07 17:58:32,164 - INFO - -----------------------Start Frame Header ---------------------------:
2024-07-07 17:58:32,164 - INFO -   Magic Word: 0201040306050807
2024-07-07 17:58:32,164 - INFO -   Version: 50659332 (decoded: 03.05.00.04)
2024-07-07 17:58:32,164 - INFO -   Total Packet Length: 736 bytes
2024-07-07 17:58:32,164 - INFO -   Platform: 0xA6843
2024-07-07 17:58:32,164 - INFO -   Frame Number: 62
2024-07-07 17:58:32,164 - INFO -   Time [CPU Cycles]: 2493862633
2024-07-07 17:58:32,164 - INFO -   Number of Detected Objects: 4
2024-07-07 17:58:32,164 - INFO -   Number of TLVs: 5
2024-07-07 17:58:32,164 - INFO -   Subframe Number: 0
2024-07-07 17:58:32,164 - INFO - -----------------------End Frame Header -----------------------------:
2024-07-07 17:58:32,164 - INFO - -----------------------Detected Points ---------------------------:
2024-07-07 17:58:32,164 - INFO -   Point 1: X: -0.34, Y: 0.50, Z: 0.00, Velocity: 0.00, Distance: 0.61
2024-07-07 17:58:32,164 - INFO -   Point 2: X: -0.57, Y: 0.21, Z: 0.00, Velocity: 0.00, Distance: 0.61
2024-07-07 17:58:32,164 - INFO -   Point 3: X: -0.53, Y: 4.24, Z: 0.00, Velocity: 0.00, Distance: 4.27
2024-07-07 17:58:32,164 - INFO -   Point 4: X: -2.94, Y: 3.10, Z: 0.00, Velocity: 0.00, Distance: 4.27
2024-07-07 17:58:32,164 - INFO - -----------------------End Detected Points ---------------------------:
2024-07-07 17:58:32,263 - INFO - -----------------------Start Frame Header ---------------------------:
2024-07-07 17:58:32,263 - INFO -   Magic Word: 0201040306050807
2024-07-07 17:58:32,263 - INFO -   Version: 50659332 (decoded: 03.05.00.04)
2024-07-07 17:58:32,263 - INFO -   Total Packet Length: 768 bytes
2024-07-07 17:58:32,263 - INFO -   Platform: 0xA6843
2024-07-07 17:58:32,263 - INFO -   Frame Number: 63
2024-07-07 17:58:32,263 - INFO -   Time [CPU Cycles]: 2513867095
2024-07-07 17:58:32,263 - INFO -   Number of Detected Objects: 6
2024-07-07 17:58:32,263 - INFO -   Number of TLVs: 5
2024-07-07 17:58:32,263 - INFO -   Subframe Number: 0
2024-07-07 17:58:32,263 - INFO - -----------------------End Frame Header -----------------------------:
2024-07-07 17:58:32,263 - ERROR - Error unpacking point data: unpack requires a buffer of 16 bytes
2024-07-07 17:58:32,263 - INFO - -----------------------Detected Points ---------------------------:
2024-07-07 17:58:32,263 - INFO -   Point 1: X: -0.34, Y: 0.50, Z: 0.00, Velocity: 0.00, Distance: 0.61
2024-07-07 17:58:32,263 - INFO -   Point 2: X: -0.57, Y: 0.21, Z: 0.00, Velocity: 0.00, Distance: 0.61
2024-07-07 17:58:32,263 - INFO -   Point 3: X: -0.53, Y: 4.24, Z: 0.00, Velocity: 0.00, Distance: 4.27
2024-07-07 17:58:32,263 - INFO -   Point 4: X: -2.94, Y: 3.10, Z: 0.00, Velocity: 0.00, Distance: 4.27
2024-07-07 17:58:32,263 - INFO -   Point 5: X: 5.53, Y: 1.42, Z: 0.00, Velocity: 0.00, Distance: 5.71
2024-07-07 17:58:32,263 - INFO - -----------------------End Detected Points ---------------------------:
2024-07-07 17:58:32,364 - INFO - -----------------------Start Frame Header ---------------------------:
2024-07-07 17:58:32,364 - INFO -   Magic Word: 0201040306050807
2024-07-07 17:58:32,364 - INFO -   Version: 50659332 (decoded: 03.05.00.04)
2024-07-07 17:58:32,364 - INFO -   Total Packet Length: 768 bytes
2024-07-07 17:58:32,364 - INFO -   Platform: 0xA6843
2024-07-07 17:58:32,364 - INFO -   Frame Number: 64
2024-07-07 17:58:32,364 - INFO -   Time [CPU Cycles]: 2533870127
2024-07-07 17:58:32,364 - INFO -   Number of Detected Objects: 6
2024-07-07 17:58:32,364 - INFO -   Number of TLVs: 5
2024-07-07 17:58:32,364 - INFO -   Subframe Number: 0
2024-07-07 17:58:32,364 - INFO - -----------------------End Frame Header -----------------------------:
2024-07-07 17:58:32,364 - ERROR - Error unpacking point data: unpack requires a buffer of 16 bytes
2024-07-07 17:58:32,364 - INFO - -----------------------Detected Points ---------------------------:
2024-07-07 17:58:32,364 - INFO -   Point 1: X: 0.46, Y: 0.12, Z: 0.00, Velocity: 0.00, Distance: 0.48
2024-07-07 17:58:32,364 - INFO -   Point 2: X: -0.34, Y: 0.50, Z: 0.00, Velocity: 0.00, Distance: 0.61
2024-07-07 17:58:32,364 - INFO -   Point 3: X: -0.57, Y: 0.21, Z: 0.00, Velocity: 0.00, Distance: 0.61
2024-07-07 17:58:32,364 - INFO -   Point 4: X: -0.53, Y: 4.24, Z: 0.00, Velocity: 0.00, Distance: 4.27
2024-07-07 17:58:32,364 - INFO -   Point 5: X: -2.94, Y: 3.10, Z: 0.00, Velocity: 0.00, Distance: 4.27
2024-07-07 17:58:32,364 - INFO - -----------------------End Detected Points ---------------------------:
2024-07-07 17:58:32,464 - INFO - -----------------------Start Frame Header ---------------------------:
2024-07-07 17:58:32,464 - INFO -   Magic Word: 0201040306050807
2024-07-07 17:58:32,464 - INFO -   Version: 50659332 (decoded: 03.05.00.04)
2024-07-07 17:58:32,464 - INFO -   Total Packet Length: 832 bytes
2024-07-07 17:58:32,464 - INFO -   Platform: 0xA6843
2024-07-07 17:58:32,464 - INFO -   Frame Number: 65
2024-07-07 17:58:32,464 - INFO -   Time [CPU Cycles]: 2553873156
2024-07-07 17:58:32,464 - INFO -   Number of Detected Objects: 9
2024-07-07 17:58:32,464 - INFO -   Number of TLVs: 5
2024-07-07 17:58:32,464 - INFO -   Subframe Number: 0
2024-07-07 17:58:32,464 - INFO - -----------------------End Frame Header -----------------------------:
2024-07-07 17:58:32,464 - ERROR - Error unpacking point data: unpack requires a buffer of 16 bytes
2024-07-07 17:58:32,464 - ERROR - Error unpacking point data: unpack requires a buffer of 16 bytes
2024-07-07 17:58:32,464 - ERROR - Error unpacking point data: unpack requires a buffer of 16 bytes
2024-07-07 17:58:32,464 - ERROR - Error unpacking point data: unpack requires a buffer of 16 bytes
2024-07-07 17:58:32,464 - INFO - -----------------------Detected Points ---------------------------:
2024-07-07 17:58:32,464 - INFO -   Point 1: X: 0.46, Y: 0.12, Z: 0.00, Velocity: 0.00, Distance: 0.48
2024-07-07 17:58:32,464 - INFO -   Point 2: X: -0.34, Y: 0.50, Z: 0.00, Velocity: 0.00, Distance: 0.61
2024-07-07 17:58:32,464 - INFO -   Point 3: X: -0.57, Y: 0.21, Z: 0.00, Velocity: 0.00, Distance: 0.61
2024-07-07 17:58:32,464 - INFO -   Point 4: X: -0.44, Y: 0.65, Z: 0.00, Velocity: 0.00, Distance: 0.78
2024-07-07 17:58:32,464 - INFO -   Point 5: X: 0.25, Y: 0.75, Z: 0.00, Velocity: 0.00, Distance: 0.78
2024-07-07 17:58:32,464 - INFO - -----------------------End Detected Points ---------------------------:
2024-07-07 17:58:32,563 - INFO - -----------------------Start Frame Header ---------------------------:
2024-07-07 17:58:32,563 - INFO -   Magic Word: 0201040306050807
2024-07-07 17:58:32,563 - INFO -   Version: 50659332 (decoded: 03.05.00.04)
2024-07-07 17:58:32,563 - INFO -   Total Packet Length: 832 bytes
2024-07-07 17:58:32,563 - INFO -   Platform: 0xA6843
2024-07-07 17:58:32,564 - INFO -   Frame Number: 66
2024-07-07 17:58:32,564 - INFO -   Time [CPU Cycles]: 2573869361
2024-07-07 17:58:32,564 - INFO -   Number of Detected Objects: 8
2024-07-07 17:58:32,564 - INFO -   Number of TLVs: 5
2024-07-07 17:58:32,564 - INFO -   Subframe Number: 0
2024-07-07 17:58:32,564 - INFO - -----------------------End Frame Header -----------------------------:
2024-07-07 17:58:32,564 - ERROR - Error unpacking point data: unpack requires a buffer of 16 bytes
2024-07-07 17:58:32,564 - ERROR - Error unpacking point data: unpack requires a buffer of 16 bytes
2024-07-07 17:58:32,564 - ERROR - Error unpacking point data: unpack requires a buffer of 16 bytes
2024-07-07 17:58:32,564 - INFO - -----------------------Detected Points ---------------------------:
2024-07-07 17:58:32,564 - INFO -   Point 1: X: -0.34, Y: 0.50, Z: 0.00, Velocity: 0.00, Distance: 0.61
2024-07-07 17:58:32,564 - INFO -   Point 2: X: -0.57, Y: 0.21, Z: 0.00, Velocity: 0.00, Distance: 0.61
2024-07-07 17:58:32,564 - INFO -   Point 3: X: -0.56, Y: 0.55, Z: 0.00, Velocity: 0.00, Distance: 0.78
2024-07-07 17:58:32,564 - INFO -   Point 4: X: 0.25, Y: 0.75, Z: 0.00, Velocity: 0.00, Distance: 0.78
2024-07-07 17:58:32,564 - INFO -   Point 5: X: -0.53, Y: 4.24, Z: 0.00, Velocity: 0.00, Distance: 4.27
2024-07-07 17:58:32,564 - INFO - -----------------------End Detected Points ---------------------------:
2024-07-07 17:58:32,663 - INFO - -----------------------Start Frame Header ---------------------------:
2024-07-07 17:58:32,663 - INFO -   Magic Word: 0201040306050807
2024-07-07 17:58:32,663 - INFO -   Version: 50659332 (decoded: 03.05.00.04)
2024-07-07 17:58:32,663 - INFO -   Total Packet Length: 768 bytes
2024-07-07 17:58:32,663 - INFO -   Platform: 0xA6843
2024-07-07 17:58:32,663 - INFO -   Frame Number: 67
2024-07-07 17:58:32,663 - INFO -   Time [CPU Cycles]: 2593866342
2024-07-07 17:58:32,663 - INFO -   Number of Detected Objects: 6
2024-07-07 17:58:32,663 - INFO -   Number of TLVs: 5
2024-07-07 17:58:32,663 - INFO -   Subframe Number: 0
2024-07-07 17:58:32,663 - INFO - -----------------------End Frame Header -----------------------------:
2024-07-07 17:58:32,663 - ERROR - Error unpacking point data: unpack requires a buffer of 16 bytes
2024-07-07 17:58:32,663 - INFO - -----------------------Detected Points ---------------------------:
2024-07-07 17:58:32,663 - INFO -   Point 1: X: -0.34, Y: 0.50, Z: 0.00, Velocity: 0.00, Distance: 0.61
2024-07-07 17:58:32,663 - INFO -   Point 2: X: -0.57, Y: 0.21, Z: 0.00, Velocity: 0.00, Distance: 0.61
2024-07-07 17:58:32,663 - INFO -   Point 3: X: -0.53, Y: 4.24, Z: 0.00, Velocity: 0.00, Distance: 4.27
2024-07-07 17:58:32,663 - INFO -   Point 4: X: -2.94, Y: 3.10, Z: 0.00, Velocity: 0.00, Distance: 4.27
2024-07-07 17:58:32,663 - INFO -   Point 5: X: 3.57, Y: 4.46, Z: 0.00, Velocity: 0.00, Distance: 5.71
2024-07-07 17:58:32,663 - INFO - -----------------------End Detected Points ---------------------------:
2024-07-07 17:58:32,763 - INFO - -----------------------Start Frame Header ---------------------------:
2024-07-07 17:58:32,763 - INFO -   Magic Word: 0201040306050807
2024-07-07 17:58:32,763 - INFO -   Version: 50659332 (decoded: 03.05.00.04)
2024-07-07 17:58:32,764 - INFO -   Total Packet Length: 768 bytes
2024-07-07 17:58:32,764 - INFO -   Platform: 0xA6843
2024-07-07 17:58:32,764 - INFO -   Frame Number: 68
2024-07-07 17:58:32,764 - INFO -   Time [CPU Cycles]: 2613865890
2024-07-07 17:58:32,764 - INFO -   Number of Detected Objects: 6
2024-07-07 17:58:32,764 - INFO -   Number of TLVs: 5
2024-07-07 17:58:32,764 - INFO -   Subframe Number: 0
2024-07-07 17:58:32,764 - INFO - -----------------------End Frame Header -----------------------------:
2024-07-07 17:58:32,764 - ERROR - Error unpacking point data: unpack requires a buffer of 16 bytes
2024-07-07 17:58:32,764 - INFO - -----------------------Detected Points ---------------------------:
2024-07-07 17:58:32,764 - INFO -   Point 1: X: -0.36, Y: 0.49, Z: 0.00, Velocity: 0.00, Distance: 0.61
2024-07-07 17:58:32,764 - INFO -   Point 2: X: -0.57, Y: 0.21, Z: 0.00, Velocity: 0.00, Distance: 0.61
2024-07-07 17:58:32,764 - INFO -   Point 3: X: -0.53, Y: 4.24, Z: 0.00, Velocity: 0.00, Distance: 4.27
2024-07-07 17:58:32,764 - INFO -   Point 4: X: -2.94, Y: 3.10, Z: 0.00, Velocity: 0.00, Distance: 4.27
2024-07-07 17:58:32,764 - INFO -   Point 5: X: 3.57, Y: 4.46, Z: 0.00, Velocity: 0.00, Distance: 5.71
2024-07-07 17:58:32,764 - INFO - -----------------------End Detected Points ---------------------------:
2024-07-07 17:58:32,863 - INFO - -----------------------Start Frame Header ---------------------------:
2024-07-07 17:58:32,863 - INFO -   Magic Word: 0201040306050807
2024-07-07 17:58:32,863 - INFO -   Version: 50659332 (decoded: 03.05.00.04)
2024-07-07 17:58:32,863 - INFO -   Total Packet Length: 736 bytes
2024-07-07 17:58:32,863 - INFO -   Platform: 0xA6843
2024-07-07 17:58:32,864 - INFO -   Frame Number: 69
2024-07-07 17:58:32,864 - INFO -   Time [CPU Cycles]: 2633862111
2024-07-07 17:58:32,864 - INFO -   Number of Detected Objects: 4
2024-07-07 17:58:32,864 - INFO -   Number of TLVs: 5
2024-07-07 17:58:32,864 - INFO -   Subframe Number: 0
2024-07-07 17:58:32,864 - INFO - -----------------------End Frame Header -----------------------------:
2024-07-07 17:58:32,864 - INFO - -----------------------Detected Points ---------------------------:
2024-07-07 17:58:32,864 - INFO -   Point 1: X: -0.36, Y: 0.49, Z: 0.00, Velocity: 0.00, Distance: 0.61
2024-07-07 17:58:32,864 - INFO -   Point 2: X: -0.57, Y: 0.21, Z: 0.00, Velocity: 0.00, Distance: 0.61
2024-07-07 17:58:32,864 - INFO -   Point 3: X: -0.53, Y: 4.24, Z: 0.00, Velocity: 0.00, Distance: 4.27
2024-07-07 17:58:32,864 - INFO -   Point 4: X: -2.94, Y: 3.10, Z: 0.00, Velocity: 0.00, Distance: 4.27
2024-07-07 17:58:32,864 - INFO - -----------------------End Detected Points ---------------------------:
2024-07-07 17:58:32,963 - INFO - -----------------------Start Frame Header ---------------------------:
2024-07-07 17:58:32,963 - INFO -   Magic Word: 0201040306050807
2024-07-07 17:58:32,963 - INFO -   Version: 50659332 (decoded: 03.05.00.04)
2024-07-07 17:58:32,964 - INFO -   Total Packet Length: 736 bytes
2024-07-07 17:58:32,964 - INFO -   Platform: 0xA6843
2024-07-07 17:58:32,964 - INFO -   Frame Number: 70
2024-07-07 17:58:32,964 - INFO -   Time [CPU Cycles]: 2653862587
2024-07-07 17:58:32,964 - INFO -   Number of Detected Objects: 4
2024-07-07 17:58:32,964 - INFO -   Number of TLVs: 5
2024-07-07 17:58:32,964 - INFO -   Subframe Number: 0
2024-07-07 17:58:32,964 - INFO - -----------------------End Frame Header -----------------------------:
2024-07-07 17:58:32,964 - INFO - -----------------------Detected Points ---------------------------:
2024-07-07 17:58:32,964 - INFO -   Point 1: X: -0.36, Y: 0.49, Z: 0.00, Velocity: 0.00, Distance: 0.61
2024-07-07 17:58:32,964 - INFO -   Point 2: X: -0.57, Y: 0.21, Z: 0.00, Velocity: 0.00, Distance: 0.61
2024-07-07 17:58:32,964 - INFO -   Point 3: X: -0.53, Y: 4.24, Z: 0.00, Velocity: 0.00, Distance: 4.27
2024-07-07 17:58:32,964 - INFO -   Point 4: X: -2.94, Y: 3.10, Z: 0.00, Velocity: 0.00, Distance: 4.27
2024-07-07 17:58:32,964 - INFO - -----------------------End Detected Points ---------------------------:
2024-07-07 17:58:33,063 - INFO - -----------------------Start Frame Header ---------------------------:
2024-07-07 17:58:33,063 - INFO -   Magic Word: 0201040306050807
2024-07-07 17:58:33,063 - INFO -   Version: 50659332 (decoded: 03.05.00.04)
2024-07-07 17:58:33,063 - INFO -   Total Packet Length: 768 bytes
2024-07-07 17:58:33,063 - INFO -   Platform: 0xA6843
2024-07-07 17:58:33,063 - INFO -   Frame Number: 71
2024-07-07 17:58:33,063 - INFO -   Time [CPU Cycles]: 2673864496
2024-07-07 17:58:33,063 - INFO -   Number of Detected Objects: 6
2024-07-07 17:58:33,063 - INFO -   Number of TLVs: 5
2024-07-07 17:58:33,063 - INFO -   Subframe Number: 0
2024-07-07 17:58:33,063 - INFO - -----------------------End Frame Header -----------------------------:
2024-07-07 17:58:33,063 - ERROR - Error unpacking point data: unpack requires a buffer of 16 bytes
2024-07-07 17:58:33,063 - INFO - -----------------------Detected Points ---------------------------:
2024-07-07 17:58:33,063 - INFO -   Point 1: X: -0.36, Y: 0.49, Z: 0.00, Velocity: 0.00, Distance: 0.61
2024-07-07 17:58:33,063 - INFO -   Point 2: X: -0.57, Y: 0.21, Z: 0.00, Velocity: 0.00, Distance: 0.61
2024-07-07 17:58:33,063 - INFO -   Point 3: X: -0.53, Y: 4.24, Z: 0.00, Velocity: 0.00, Distance: 4.27
2024-07-07 17:58:33,063 - INFO -   Point 4: X: -2.94, Y: 3.10, Z: 0.00, Velocity: 0.00, Distance: 4.27
2024-07-07 17:58:33,063 - INFO -   Point 5: X: 5.53, Y: 1.42, Z: 0.00, Velocity: 0.00, Distance: 5.71
2024-07-07 17:58:33,063 - INFO - -----------------------End Detected Points ---------------------------:
2024-07-07 17:58:33,163 - INFO - -----------------------Start Frame Header ---------------------------:
2024-07-07 17:58:33,163 - INFO -   Magic Word: 0201040306050807
2024-07-07 17:58:33,163 - INFO -   Version: 50659332 (decoded: 03.05.00.04)
2024-07-07 17:58:33,164 - INFO -   Total Packet Length: 768 bytes
2024-07-07 17:58:33,164 - INFO -   Platform: 0xA6843
2024-07-07 17:58:33,164 - INFO -   Frame Number: 72
2024-07-07 17:58:33,164 - INFO -   Time [CPU Cycles]: 2693864779
2024-07-07 17:58:33,164 - INFO -   Number of Detected Objects: 6
2024-07-07 17:58:33,164 - INFO -   Number of TLVs: 5
2024-07-07 17:58:33,164 - INFO -   Subframe Number: 0
2024-07-07 17:58:33,164 - INFO - -----------------------End Frame Header -----------------------------:
2024-07-07 17:58:33,164 - ERROR - Error unpacking point data: unpack requires a buffer of 16 bytes
2024-07-07 17:58:33,164 - INFO - -----------------------Detected Points ---------------------------:
2024-07-07 17:58:33,164 - INFO -   Point 1: X: -0.36, Y: 0.49, Z: 0.00, Velocity: 0.00, Distance: 0.61
2024-07-07 17:58:33,164 - INFO -   Point 2: X: -0.57, Y: 0.21, Z: 0.00, Velocity: 0.00, Distance: 0.61
2024-07-07 17:58:33,164 - INFO -   Point 3: X: -0.53, Y: 4.24, Z: 0.00, Velocity: 0.00, Distance: 4.27
2024-07-07 17:58:33,164 - INFO -   Point 4: X: -2.94, Y: 3.10, Z: 0.00, Velocity: 0.00, Distance: 4.27
2024-07-07 17:58:33,164 - INFO -   Point 5: X: 5.53, Y: 1.42, Z: 0.00, Velocity: 0.00, Distance: 5.71
2024-07-07 17:58:33,164 - INFO - -----------------------End Detected Points ---------------------------:
2024-07-07 17:58:33,263 - INFO - -----------------------Start Frame Header ---------------------------:
2024-07-07 17:58:33,263 - INFO -   Magic Word: 0201040306050807
2024-07-07 17:58:33,263 - INFO -   Version: 50659332 (decoded: 03.05.00.04)
2024-07-07 17:58:33,263 - INFO -   Total Packet Length: 768 bytes
2024-07-07 17:58:33,263 - INFO -   Platform: 0xA6843
2024-07-07 17:58:33,264 - INFO -   Frame Number: 73
2024-07-07 17:58:33,264 - INFO -   Time [CPU Cycles]: 2713864459
2024-07-07 17:58:33,264 - INFO -   Number of Detected Objects: 6
2024-07-07 17:58:33,264 - INFO -   Number of TLVs: 5
2024-07-07 17:58:33,264 - INFO -   Subframe Number: 0
2024-07-07 17:58:33,264 - INFO - -----------------------End Frame Header -----------------------------:
2024-07-07 17:58:33,264 - ERROR - Error unpacking point data: unpack requires a buffer of 16 bytes
2024-07-07 17:58:33,264 - INFO - -----------------------Detected Points ---------------------------:
2024-07-07 17:58:33,264 - INFO -   Point 1: X: -0.36, Y: 0.49, Z: 0.00, Velocity: 0.00, Distance: 0.61
2024-07-07 17:58:33,264 - INFO -   Point 2: X: -0.57, Y: 0.21, Z: 0.00, Velocity: 0.00, Distance: 0.61
2024-07-07 17:58:33,264 - INFO -   Point 3: X: -0.53, Y: 4.24, Z: 0.00, Velocity: 0.00, Distance: 4.27
2024-07-07 17:58:33,264 - INFO -   Point 4: X: -2.94, Y: 3.10, Z: 0.00, Velocity: 0.00, Distance: 4.27
2024-07-07 17:58:33,264 - INFO -   Point 5: X: 3.57, Y: 4.46, Z: 0.00, Velocity: 0.00, Distance: 5.71
2024-07-07 17:58:33,264 - INFO - -----------------------End Detected Points ---------------------------:
2024-07-07 17:58:33,363 - INFO - -----------------------Start Frame Header ---------------------------:
2024-07-07 17:58:33,363 - INFO -   Magic Word: 0201040306050807
2024-07-07 17:58:33,364 - INFO -   Version: 50659332 (decoded: 03.05.00.04)
2024-07-07 17:58:33,364 - INFO -   Total Packet Length: 736 bytes
2024-07-07 17:58:33,364 - INFO -   Platform: 0xA6843
2024-07-07 17:58:33,364 - INFO -   Frame Number: 74
2024-07-07 17:58:33,364 - INFO -   Time [CPU Cycles]: 2733861651
2024-07-07 17:58:33,364 - INFO -   Number of Detected Objects: 4
2024-07-07 17:58:33,364 - INFO -   Number of TLVs: 5
2024-07-07 17:58:33,364 - INFO -   Subframe Number: 0
2024-07-07 17:58:33,364 - INFO - -----------------------End Frame Header -----------------------------:
2024-07-07 17:58:33,464 - INFO - -----------------------Start Frame Header ---------------------------:
2024-07-07 17:58:33,464 - INFO -   Magic Word: 0201040306050807
2024-07-07 17:58:33,464 - INFO -   Version: 50659332 (decoded: 03.05.00.04)
2024-07-07 17:58:33,464 - INFO -   Total Packet Length: 768 bytes
2024-07-07 17:58:33,464 - INFO -   Platform: 0xA6843
2024-07-07 17:58:33,464 - INFO -   Frame Number: 75
2024-07-07 17:58:33,464 - INFO -   Time [CPU Cycles]: 2753864935
2024-07-07 17:58:33,464 - INFO -   Number of Detected Objects: 6
2024-07-07 17:58:33,464 - INFO -   Number of TLVs: 5
2024-07-07 17:58:33,464 - INFO -   Subframe Number: 0
2024-07-07 17:58:33,464 - INFO - -----------------------End Frame Header -----------------------------:
2024-07-07 17:58:33,464 - ERROR - Error unpacking point data: unpack requires a buffer of 16 bytes
2024-07-07 17:58:33,464 - INFO - -----------------------Detected Points ---------------------------:
2024-07-07 17:58:33,464 - INFO -   Point 1: X: -0.36, Y: 0.49, Z: 0.00, Velocity: 0.00, Distance: 0.61
2024-07-07 17:58:33,464 - INFO -   Point 2: X: -0.57, Y: 0.21, Z: 0.00, Velocity: 0.00, Distance: 0.61
2024-07-07 17:58:33,464 - INFO -   Point 3: X: -0.53, Y: 4.24, Z: 0.00, Velocity: 0.00, Distance: 4.27
2024-07-07 17:58:33,464 - INFO -   Point 4: X: -2.94, Y: 3.10, Z: 0.00, Velocity: 0.00, Distance: 4.27
2024-07-07 17:58:33,464 - INFO -   Point 5: X: 3.57, Y: 4.46, Z: 0.00, Velocity: 0.00, Distance: 5.71
2024-07-07 17:58:33,464 - INFO - -----------------------End Detected Points ---------------------------:
2024-07-07 17:58:33,564 - INFO - -----------------------Start Frame Header ---------------------------:
2024-07-07 17:58:33,564 - INFO -   Magic Word: 0201040306050807
2024-07-07 17:58:33,564 - INFO -   Version: 50659332 (decoded: 03.05.00.04)
2024-07-07 17:58:33,564 - INFO -   Total Packet Length: 768 bytes
2024-07-07 17:58:33,564 - INFO -   Platform: 0xA6843
2024-07-07 17:58:33,564 - INFO -   Frame Number: 76
2024-07-07 17:58:33,564 - INFO -   Time [CPU Cycles]: 2773866230
2024-07-07 17:58:33,564 - INFO -   Number of Detected Objects: 6
2024-07-07 17:58:33,564 - INFO -   Number of TLVs: 5
2024-07-07 17:58:33,564 - INFO -   Subframe Number: 0
2024-07-07 17:58:33,564 - INFO - -----------------------End Frame Header -----------------------------:
2024-07-07 17:58:33,564 - ERROR - Error unpacking point data: unpack requires a buffer of 16 bytes
2024-07-07 17:58:33,564 - INFO - -----------------------Detected Points ---------------------------:
2024-07-07 17:58:33,564 - INFO -   Point 1: X: -0.36, Y: 0.49, Z: 0.00, Velocity: 0.00, Distance: 0.61
2024-07-07 17:58:33,564 - INFO -   Point 2: X: -0.57, Y: 0.21, Z: 0.00, Velocity: 0.00, Distance: 0.61
2024-07-07 17:58:33,564 - INFO -   Point 3: X: -0.53, Y: 4.24, Z: 0.00, Velocity: 0.00, Distance: 4.27
2024-07-07 17:58:33,564 - INFO -   Point 4: X: -2.94, Y: 3.10, Z: 0.00, Velocity: 0.00, Distance: 4.27
2024-07-07 17:58:33,564 - INFO -   Point 5: X: 3.57, Y: 4.46, Z: 0.00, Velocity: 0.00, Distance: 5.71
2024-07-07 17:58:33,564 - INFO - -----------------------End Detected Points ---------------------------:
2024-07-07 17:58:33,664 - INFO - -----------------------Start Frame Header ---------------------------:
2024-07-07 17:58:33,664 - INFO -   Magic Word: 0201040306050807
2024-07-07 17:58:33,664 - INFO -   Version: 50659332 (decoded: 03.05.00.04)
2024-07-07 17:58:33,664 - INFO -   Total Packet Length: 768 bytes
2024-07-07 17:58:33,664 - INFO -   Platform: 0xA6843
2024-07-07 17:58:33,664 - INFO -   Frame Number: 77
2024-07-07 17:58:33,664 - INFO -   Time [CPU Cycles]: 2793865616
2024-07-07 17:58:33,664 - INFO -   Number of Detected Objects: 6
2024-07-07 17:58:33,664 - INFO -   Number of TLVs: 5
2024-07-07 17:58:33,664 - INFO -   Subframe Number: 0
2024-07-07 17:58:33,664 - INFO - -----------------------End Frame Header -----------------------------:
2024-07-07 17:58:33,664 - ERROR - Error unpacking point data: unpack requires a buffer of 16 bytes
2024-07-07 17:58:33,664 - INFO - -----------------------Detected Points ---------------------------:
2024-07-07 17:58:33,664 - INFO -   Point 1: X: -0.36, Y: 0.49, Z: 0.00, Velocity: 0.00, Distance: 0.61
2024-07-07 17:58:33,664 - INFO -   Point 2: X: -0.57, Y: 0.21, Z: 0.00, Velocity: 0.00, Distance: 0.61
2024-07-07 17:58:33,664 - INFO -   Point 3: X: -0.53, Y: 4.24, Z: 0.00, Velocity: 0.00, Distance: 4.27
2024-07-07 17:58:33,664 - INFO -   Point 4: X: -2.94, Y: 3.10, Z: 0.00, Velocity: 0.00, Distance: 4.27
2024-07-07 17:58:33,665 - INFO -   Point 5: X: 5.53, Y: 1.42, Z: 0.00, Velocity: 0.00, Distance: 5.71
2024-07-07 17:58:33,665 - INFO - -----------------------End Detected Points ---------------------------:
2024-07-07 17:58:33,764 - INFO - -----------------------Start Frame Header ---------------------------:
2024-07-07 17:58:33,764 - INFO -   Magic Word: 0201040306050807
2024-07-07 17:58:33,764 - INFO -   Version: 50659332 (decoded: 03.05.00.04)
2024-07-07 17:58:33,764 - INFO -   Total Packet Length: 768 bytes
2024-07-07 17:58:33,764 - INFO -   Platform: 0xA6843
2024-07-07 17:58:33,764 - INFO -   Frame Number: 78
2024-07-07 17:58:33,764 - INFO -   Time [CPU Cycles]: 2813865634
2024-07-07 17:58:33,764 - INFO -   Number of Detected Objects: 6
2024-07-07 17:58:33,764 - INFO -   Number of TLVs: 5
2024-07-07 17:58:33,764 - INFO -   Subframe Number: 0
2024-07-07 17:58:33,764 - INFO - -----------------------End Frame Header -----------------------------:
2024-07-07 17:58:33,764 - ERROR - Error unpacking point data: unpack requires a buffer of 16 bytes
2024-07-07 17:58:33,764 - INFO - -----------------------Detected Points ---------------------------:
2024-07-07 17:58:33,764 - INFO -   Point 1: X: -0.36, Y: 0.49, Z: 0.00, Velocity: 0.00, Distance: 0.61
2024-07-07 17:58:33,764 - INFO -   Point 2: X: -0.57, Y: 0.21, Z: 0.00, Velocity: 0.00, Distance: 0.61
2024-07-07 17:58:33,764 - INFO -   Point 3: X: -0.53, Y: 4.24, Z: 0.00, Velocity: 0.00, Distance: 4.27
2024-07-07 17:58:33,764 - INFO -   Point 4: X: -2.94, Y: 3.10, Z: 0.00, Velocity: 0.00, Distance: 4.27
2024-07-07 17:58:33,764 - INFO -   Point 5: X: 5.53, Y: 1.42, Z: 0.00, Velocity: 0.00, Distance: 5.71
2024-07-07 17:58:33,765 - INFO - -----------------------End Detected Points ---------------------------:
2024-07-07 17:58:33,863 - INFO - -----------------------Start Frame Header ---------------------------:
2024-07-07 17:58:33,864 - INFO -   Magic Word: 0201040306050807
2024-07-07 17:58:33,864 - INFO -   Version: 50659332 (decoded: 03.05.00.04)
2024-07-07 17:58:33,864 - INFO -   Total Packet Length: 736 bytes
2024-07-07 17:58:33,864 - INFO -   Platform: 0xA6843
2024-07-07 17:58:33,864 - INFO -   Frame Number: 79
2024-07-07 17:58:33,864 - INFO -   Time [CPU Cycles]: 2833862742
2024-07-07 17:58:33,864 - INFO -   Number of Detected Objects: 4
2024-07-07 17:58:33,864 - INFO -   Number of TLVs: 5
2024-07-07 17:58:33,864 - INFO -   Subframe Number: 0
2024-07-07 17:58:33,864 - INFO - -----------------------End Frame Header -----------------------------:
2024-07-07 17:58:33,864 - INFO - -----------------------Detected Points ---------------------------:
2024-07-07 17:58:33,864 - INFO -   Point 1: X: -0.36, Y: 0.49, Z: 0.00, Velocity: 0.00, Distance: 0.61
2024-07-07 17:58:33,864 - INFO -   Point 2: X: -0.57, Y: 0.21, Z: 0.00, Velocity: 0.00, Distance: 0.61
2024-07-07 17:58:33,864 - INFO -   Point 3: X: -0.53, Y: 4.24, Z: 0.00, Velocity: 0.00, Distance: 4.27
2024-07-07 17:58:33,864 - INFO -   Point 4: X: -2.94, Y: 3.10, Z: 0.00, Velocity: 0.00, Distance: 4.27
2024-07-07 17:58:33,864 - INFO - -----------------------End Detected Points ---------------------------:
2024-07-07 17:58:33,963 - INFO - -----------------------Start Frame Header ---------------------------:
2024-07-07 17:58:33,963 - INFO -   Magic Word: 0201040306050807
2024-07-07 17:58:33,963 - INFO -   Version: 50659332 (decoded: 03.05.00.04)
2024-07-07 17:58:33,963 - INFO -   Total Packet Length: 736 bytes
2024-07-07 17:58:33,963 - INFO -   Platform: 0xA6843
2024-07-07 17:58:33,964 - INFO -   Frame Number: 80
2024-07-07 17:58:33,964 - INFO -   Time [CPU Cycles]: 2853861946
2024-07-07 17:58:33,964 - INFO -   Number of Detected Objects: 4
2024-07-07 17:58:33,964 - INFO -   Number of TLVs: 5
2024-07-07 17:58:33,964 - INFO -   Subframe Number: 0
2024-07-07 17:58:33,964 - INFO - -----------------------End Frame Header -----------------------------:
2024-07-07 17:58:34,063 - INFO - -----------------------Start Frame Header ---------------------------:
2024-07-07 17:58:34,063 - INFO -   Magic Word: 0201040306050807
2024-07-07 17:58:34,063 - INFO -   Version: 50659332 (decoded: 03.05.00.04)
2024-07-07 17:58:34,064 - INFO -   Total Packet Length: 736 bytes
2024-07-07 17:58:34,064 - INFO -   Platform: 0xA6843
2024-07-07 17:58:34,064 - INFO -   Frame Number: 81
2024-07-07 17:58:34,064 - INFO -   Time [CPU Cycles]: 2873861211
2024-07-07 17:58:34,064 - INFO -   Number of Detected Objects: 4
2024-07-07 17:58:34,064 - INFO -   Number of TLVs: 5
2024-07-07 17:58:34,064 - INFO -   Subframe Number: 0
2024-07-07 17:58:34,064 - INFO - -----------------------End Frame Header -----------------------------:
2024-07-07 17:58:34,064 - INFO - -----------------------Detected Points ---------------------------:
2024-07-07 17:58:34,064 - INFO -   Point 1: X: -0.36, Y: 0.49, Z: 0.00, Velocity: 0.00, Distance: 0.61
2024-07-07 17:58:34,064 - INFO -   Point 2: X: -0.57, Y: 0.21, Z: 0.00, Velocity: 0.00, Distance: 0.61
2024-07-07 17:58:34,064 - INFO -   Point 3: X: -0.53, Y: 4.24, Z: 0.00, Velocity: 0.00, Distance: 4.27
2024-07-07 17:58:34,064 - INFO -   Point 4: X: -2.94, Y: 3.10, Z: 0.00, Velocity: 0.00, Distance: 4.27
2024-07-07 17:58:34,064 - INFO - -----------------------End Detected Points ---------------------------:
2024-07-07 17:58:34,163 - INFO - -----------------------Start Frame Header ---------------------------:
2024-07-07 17:58:34,163 - INFO -   Magic Word: 0201040306050807
2024-07-07 17:58:34,163 - INFO -   Version: 50659332 (decoded: 03.05.00.04)
2024-07-07 17:58:34,163 - INFO -   Total Packet Length: 768 bytes
2024-07-07 17:58:34,163 - INFO -   Platform: 0xA6843
2024-07-07 17:58:34,163 - INFO -   Frame Number: 82
2024-07-07 17:58:34,163 - INFO -   Time [CPU Cycles]: 2893865032
2024-07-07 17:58:34,163 - INFO -   Number of Detected Objects: 6
2024-07-07 17:58:34,163 - INFO -   Number of TLVs: 5
2024-07-07 17:58:34,163 - INFO -   Subframe Number: 0
2024-07-07 17:58:34,163 - INFO - -----------------------End Frame Header -----------------------------:
2024-07-07 17:58:34,163 - ERROR - Error unpacking point data: unpack requires a buffer of 16 bytes
2024-07-07 17:58:34,163 - INFO - -----------------------Detected Points ---------------------------:
2024-07-07 17:58:34,163 - INFO -   Point 1: X: -0.36, Y: 0.49, Z: 0.00, Velocity: 0.00, Distance: 0.61
2024-07-07 17:58:34,163 - INFO -   Point 2: X: -0.57, Y: 0.21, Z: 0.00, Velocity: 0.00, Distance: 0.61
2024-07-07 17:58:34,163 - INFO -   Point 3: X: -0.53, Y: 4.24, Z: 0.00, Velocity: 0.00, Distance: 4.27
2024-07-07 17:58:34,163 - INFO -   Point 4: X: -2.94, Y: 3.10, Z: 0.00, Velocity: 0.00, Distance: 4.27
2024-07-07 17:58:34,163 - INFO -   Point 5: X: 3.57, Y: 4.46, Z: 0.00, Velocity: 0.00, Distance: 5.71
2024-07-07 17:58:34,163 - INFO - -----------------------End Detected Points ---------------------------:
2024-07-07 17:58:34,263 - INFO - -----------------------Start Frame Header ---------------------------:
2024-07-07 17:58:34,263 - INFO -   Magic Word: 0201040306050807
2024-07-07 17:58:34,263 - INFO -   Version: 50659332 (decoded: 03.05.00.04)
2024-07-07 17:58:34,263 - INFO -   Total Packet Length: 736 bytes
2024-07-07 17:58:34,263 - INFO -   Platform: 0xA6843
2024-07-07 17:58:34,263 - INFO -   Frame Number: 83
2024-07-07 17:58:34,264 - INFO -   Time [CPU Cycles]: 2913862097
2024-07-07 17:58:34,264 - INFO -   Number of Detected Objects: 4
2024-07-07 17:58:34,264 - INFO -   Number of TLVs: 5
2024-07-07 17:58:34,264 - INFO -   Subframe Number: 0
2024-07-07 17:58:34,264 - INFO - -----------------------End Frame Header -----------------------------:
2024-07-07 17:58:34,264 - INFO - -----------------------Detected Points ---------------------------:
2024-07-07 17:58:34,264 - INFO -   Point 1: X: -0.36, Y: 0.49, Z: 0.00, Velocity: 0.00, Distance: 0.61
2024-07-07 17:58:34,264 - INFO -   Point 2: X: -0.57, Y: 0.21, Z: 0.00, Velocity: 0.00, Distance: 0.61
2024-07-07 17:58:34,264 - INFO -   Point 3: X: -0.53, Y: 4.24, Z: 0.00, Velocity: 0.00, Distance: 4.27
2024-07-07 17:58:34,264 - INFO -   Point 4: X: -2.94, Y: 3.10, Z: 0.00, Velocity: 0.00, Distance: 4.27
2024-07-07 17:58:34,264 - INFO - -----------------------End Detected Points ---------------------------:
2024-07-07 17:58:34,363 - INFO - -----------------------Start Frame Header ---------------------------:
2024-07-07 17:58:34,363 - INFO -   Magic Word: 0201040306050807
2024-07-07 17:58:34,363 - INFO -   Version: 50659332 (decoded: 03.05.00.04)
2024-07-07 17:58:34,363 - INFO -   Total Packet Length: 736 bytes
2024-07-07 17:58:34,363 - INFO -   Platform: 0xA6843
2024-07-07 17:58:34,363 - INFO -   Frame Number: 84
2024-07-07 17:58:34,364 - INFO -   Time [CPU Cycles]: 2933861598
2024-07-07 17:58:34,364 - INFO -   Number of Detected Objects: 4
2024-07-07 17:58:34,364 - INFO -   Number of TLVs: 5
2024-07-07 17:58:34,364 - INFO -   Subframe Number: 0
2024-07-07 17:58:34,364 - INFO - -----------------------End Frame Header -----------------------------:
2024-07-07 17:58:34,364 - INFO - -----------------------Detected Points ---------------------------:
2024-07-07 17:58:34,364 - INFO -   Point 1: X: -0.36, Y: 0.49, Z: 0.00, Velocity: 0.00, Distance: 0.61
2024-07-07 17:58:34,364 - INFO -   Point 2: X: -0.57, Y: 0.21, Z: 0.00, Velocity: 0.00, Distance: 0.61
2024-07-07 17:58:34,364 - INFO -   Point 3: X: -0.53, Y: 4.24, Z: 0.00, Velocity: 0.00, Distance: 4.27
2024-07-07 17:58:34,364 - INFO -   Point 4: X: -2.94, Y: 3.10, Z: 0.00, Velocity: 0.00, Distance: 4.27
2024-07-07 17:58:34,364 - INFO - -----------------------End Detected Points ---------------------------:
2024-07-07 17:58:34,463 - INFO - -----------------------Start Frame Header ---------------------------:
2024-07-07 17:58:34,463 - INFO -   Magic Word: 0201040306050807
2024-07-07 17:58:34,463 - INFO -   Version: 50659332 (decoded: 03.05.00.04)
2024-07-07 17:58:34,463 - INFO -   Total Packet Length: 736 bytes
2024-07-07 17:58:34,463 - INFO -   Platform: 0xA6843
2024-07-07 17:58:34,463 - INFO -   Frame Number: 85
2024-07-07 17:58:34,463 - INFO -   Time [CPU Cycles]: 2953861605
2024-07-07 17:58:34,463 - INFO -   Number of Detected Objects: 4
2024-07-07 17:58:34,463 - INFO -   Number of TLVs: 5
2024-07-07 17:58:34,463 - INFO -   Subframe Number: 0
2024-07-07 17:58:34,463 - INFO - -----------------------End Frame Header -----------------------------:
2024-07-07 17:58:34,463 - INFO - -----------------------Detected Points ---------------------------:
2024-07-07 17:58:34,463 - INFO -   Point 1: X: -0.36, Y: 0.49, Z: 0.00, Velocity: 0.00, Distance: 0.61
2024-07-07 17:58:34,463 - INFO -   Point 2: X: -0.57, Y: 0.21, Z: 0.00, Velocity: 0.00, Distance: 0.61
2024-07-07 17:58:34,463 - INFO -   Point 3: X: -0.53, Y: 4.24, Z: 0.00, Velocity: 0.00, Distance: 4.27
2024-07-07 17:58:34,463 - INFO -   Point 4: X: -2.94, Y: 3.10, Z: 0.00, Velocity: 0.00, Distance: 4.27
2024-07-07 17:58:34,463 - INFO - -----------------------End Detected Points ---------------------------:
2024-07-07 17:58:34,563 - INFO - -----------------------Start Frame Header ---------------------------:
2024-07-07 17:58:34,563 - INFO -   Magic Word: 0201040306050807
2024-07-07 17:58:34,564 - INFO -   Version: 50659332 (decoded: 03.05.00.04)
2024-07-07 17:58:34,564 - INFO -   Total Packet Length: 768 bytes
2024-07-07 17:58:34,564 - INFO -   Platform: 0xA6843
2024-07-07 17:58:34,564 - INFO -   Frame Number: 86
2024-07-07 17:58:34,564 - INFO -   Time [CPU Cycles]: 2973864765
2024-07-07 17:58:34,564 - INFO -   Number of Detected Objects: 6
2024-07-07 17:58:34,564 - INFO -   Number of TLVs: 5
2024-07-07 17:58:34,564 - INFO -   Subframe Number: 0
2024-07-07 17:58:34,564 - INFO - -----------------------End Frame Header -----------------------------:
2024-07-07 17:58:34,564 - ERROR - Error unpacking point data: unpack requires a buffer of 16 bytes
2024-07-07 17:58:34,564 - INFO - -----------------------Detected Points ---------------------------:
2024-07-07 17:58:34,564 - INFO -   Point 1: X: -0.36, Y: 0.49, Z: 0.00, Velocity: 0.00, Distance: 0.61
2024-07-07 17:58:34,564 - INFO -   Point 2: X: -0.57, Y: 0.21, Z: 0.00, Velocity: 0.00, Distance: 0.61
2024-07-07 17:58:34,564 - INFO -   Point 3: X: -0.53, Y: 4.24, Z: 0.00, Velocity: 0.00, Distance: 4.27
2024-07-07 17:58:34,564 - INFO -   Point 4: X: -2.94, Y: 3.10, Z: 0.00, Velocity: 0.00, Distance: 4.27
2024-07-07 17:58:34,564 - INFO -   Point 5: X: 3.57, Y: 4.46, Z: 0.00, Velocity: 0.00, Distance: 5.71
2024-07-07 17:58:34,564 - INFO - -----------------------End Detected Points ---------------------------:
2024-07-07 17:58:34,663 - INFO - -----------------------Start Frame Header ---------------------------:
2024-07-07 17:58:34,663 - INFO -   Magic Word: 0201040306050807
2024-07-07 17:58:34,663 - INFO -   Version: 50659332 (decoded: 03.05.00.04)
2024-07-07 17:58:34,663 - INFO -   Total Packet Length: 768 bytes
2024-07-07 17:58:34,663 - INFO -   Platform: 0xA6843
2024-07-07 17:58:34,663 - INFO -   Frame Number: 87
2024-07-07 17:58:34,663 - INFO -   Time [CPU Cycles]: 2993864344
2024-07-07 17:58:34,663 - INFO -   Number of Detected Objects: 6
2024-07-07 17:58:34,664 - INFO -   Number of TLVs: 5
2024-07-07 17:58:34,664 - INFO -   Subframe Number: 0
2024-07-07 17:58:34,664 - INFO - -----------------------End Frame Header -----------------------------:
2024-07-07 17:58:34,664 - ERROR - Error unpacking point data: unpack requires a buffer of 16 bytes
2024-07-07 17:58:34,664 - INFO - -----------------------Detected Points ---------------------------:
2024-07-07 17:58:34,664 - INFO -   Point 1: X: -0.36, Y: 0.49, Z: 0.00, Velocity: 0.00, Distance: 0.61
2024-07-07 17:58:34,664 - INFO -   Point 2: X: -0.57, Y: 0.21, Z: 0.00, Velocity: 0.00, Distance: 0.61
2024-07-07 17:58:34,664 - INFO -   Point 3: X: -0.53, Y: 4.24, Z: 0.00, Velocity: 0.00, Distance: 4.27
2024-07-07 17:58:34,664 - INFO -   Point 4: X: -2.94, Y: 3.10, Z: 0.00, Velocity: 0.00, Distance: 4.27
2024-07-07 17:58:34,664 - INFO -   Point 5: X: 3.57, Y: 4.46, Z: 0.00, Velocity: 0.00, Distance: 5.71
2024-07-07 17:58:34,664 - INFO - -----------------------End Detected Points ---------------------------:
2024-07-07 17:58:34,763 - INFO - -----------------------Start Frame Header ---------------------------:
2024-07-07 17:58:34,763 - INFO -   Magic Word: 0201040306050807
2024-07-07 17:58:34,763 - INFO -   Version: 50659332 (decoded: 03.05.00.04)
2024-07-07 17:58:34,763 - INFO -   Total Packet Length: 768 bytes
2024-07-07 17:58:34,764 - INFO -   Platform: 0xA6843
2024-07-07 17:58:34,764 - INFO -   Frame Number: 88
2024-07-07 17:58:34,764 - INFO -   Time [CPU Cycles]: 3013864873
2024-07-07 17:58:34,764 - INFO -   Number of Detected Objects: 6
2024-07-07 17:58:34,764 - INFO -   Number of TLVs: 5
2024-07-07 17:58:34,764 - INFO -   Subframe Number: 0
2024-07-07 17:58:34,764 - INFO - -----------------------End Frame Header -----------------------------:
2024-07-07 17:58:34,863 - INFO - -----------------------Start Frame Header ---------------------------:
2024-07-07 17:58:34,863 - INFO -   Magic Word: 0201040306050807
2024-07-07 17:58:34,863 - INFO -   Version: 50659332 (decoded: 03.05.00.04)
2024-07-07 17:58:34,863 - INFO -   Total Packet Length: 768 bytes
2024-07-07 17:58:34,863 - INFO -   Platform: 0xA6843
2024-07-07 17:58:34,863 - INFO -   Frame Number: 89
2024-07-07 17:58:34,863 - INFO -   Time [CPU Cycles]: 3033865348
2024-07-07 17:58:34,863 - INFO -   Number of Detected Objects: 6
2024-07-07 17:58:34,863 - INFO -   Number of TLVs: 5
2024-07-07 17:58:34,863 - INFO -   Subframe Number: 0
2024-07-07 17:58:34,864 - INFO - -----------------------End Frame Header -----------------------------:
2024-07-07 17:58:34,864 - ERROR - Error unpacking point data: unpack requires a buffer of 16 bytes
2024-07-07 17:58:34,864 - INFO - -----------------------Detected Points ---------------------------:
2024-07-07 17:58:34,864 - INFO -   Point 1: X: -0.36, Y: 0.49, Z: 0.00, Velocity: 0.00, Distance: 0.61
2024-07-07 17:58:34,864 - INFO -   Point 2: X: -0.57, Y: 0.21, Z: 0.00, Velocity: 0.00, Distance: 0.61
2024-07-07 17:58:34,864 - INFO -   Point 3: X: -0.53, Y: 4.24, Z: 0.00, Velocity: 0.00, Distance: 4.27
2024-07-07 17:58:34,864 - INFO -   Point 4: X: -2.94, Y: 3.10, Z: 0.00, Velocity: 0.00, Distance: 4.27
2024-07-07 17:58:34,864 - INFO -   Point 5: X: 3.57, Y: 4.46, Z: 0.00, Velocity: 0.00, Distance: 5.71
2024-07-07 17:58:34,864 - INFO - -----------------------End Detected Points ---------------------------:
2024-07-07 17:58:34,963 - INFO - -----------------------Start Frame Header ---------------------------:
2024-07-07 17:58:34,963 - INFO -   Magic Word: 0201040306050807
2024-07-07 17:58:34,963 - INFO -   Version: 50659332 (decoded: 03.05.00.04)
2024-07-07 17:58:34,963 - INFO -   Total Packet Length: 768 bytes
2024-07-07 17:58:34,963 - INFO -   Platform: 0xA6843
2024-07-07 17:58:34,963 - INFO -   Frame Number: 90
2024-07-07 17:58:34,963 - INFO -   Time [CPU Cycles]: 3053865282
2024-07-07 17:58:34,963 - INFO -   Number of Detected Objects: 6
2024-07-07 17:58:34,963 - INFO -   Number of TLVs: 5
2024-07-07 17:58:34,963 - INFO -   Subframe Number: 0
2024-07-07 17:58:34,963 - INFO - -----------------------End Frame Header -----------------------------:
2024-07-07 17:58:34,964 - ERROR - Error unpacking point data: unpack requires a buffer of 16 bytes
2024-07-07 17:58:34,964 - INFO - -----------------------Detected Points ---------------------------:
2024-07-07 17:58:34,964 - INFO -   Point 1: X: -0.36, Y: 0.49, Z: 0.00, Velocity: 0.00, Distance: 0.61
2024-07-07 17:58:34,964 - INFO -   Point 2: X: -0.57, Y: 0.21, Z: 0.00, Velocity: 0.00, Distance: 0.61
2024-07-07 17:58:34,964 - INFO -   Point 3: X: -0.53, Y: 4.24, Z: 0.00, Velocity: 0.00, Distance: 4.27
2024-07-07 17:58:34,964 - INFO -   Point 4: X: -2.94, Y: 3.10, Z: 0.00, Velocity: 0.00, Distance: 4.27
2024-07-07 17:58:34,964 - INFO -   Point 5: X: 3.57, Y: 4.46, Z: 0.00, Velocity: 0.00, Distance: 5.71
2024-07-07 17:58:34,964 - INFO - -----------------------End Detected Points ---------------------------:
2024-07-07 17:58:35,063 - INFO - -----------------------Start Frame Header ---------------------------:
2024-07-07 17:58:35,063 - INFO -   Magic Word: 0201040306050807
2024-07-07 17:58:35,063 - INFO -   Version: 50659332 (decoded: 03.05.00.04)
2024-07-07 17:58:35,063 - INFO -   Total Packet Length: 768 bytes
2024-07-07 17:58:35,063 - INFO -   Platform: 0xA6843
2024-07-07 17:58:35,063 - INFO -   Frame Number: 91
2024-07-07 17:58:35,063 - INFO -   Time [CPU Cycles]: 3073864715
2024-07-07 17:58:35,063 - INFO -   Number of Detected Objects: 6
2024-07-07 17:58:35,063 - INFO -   Number of TLVs: 5
2024-07-07 17:58:35,063 - INFO -   Subframe Number: 0
2024-07-07 17:58:35,063 - INFO - -----------------------End Frame Header -----------------------------:
2024-07-07 17:58:35,063 - ERROR - Error unpacking point data: unpack requires a buffer of 16 bytes
2024-07-07 17:58:35,063 - INFO - -----------------------Detected Points ---------------------------:
2024-07-07 17:58:35,063 - INFO -   Point 1: X: -0.36, Y: 0.49, Z: 0.00, Velocity: 0.00, Distance: 0.61
2024-07-07 17:58:35,063 - INFO -   Point 2: X: -0.57, Y: 0.21, Z: 0.00, Velocity: 0.00, Distance: 0.61
2024-07-07 17:58:35,063 - INFO -   Point 3: X: -0.53, Y: 4.24, Z: 0.00, Velocity: 0.00, Distance: 4.27
2024-07-07 17:58:35,063 - INFO -   Point 4: X: -2.94, Y: 3.10, Z: 0.00, Velocity: 0.00, Distance: 4.27
2024-07-07 17:58:35,063 - INFO -   Point 5: X: 3.57, Y: 4.46, Z: 0.00, Velocity: 0.00, Distance: 5.71
2024-07-07 17:58:35,063 - INFO - -----------------------End Detected Points ---------------------------:
2024-07-07 17:58:35,163 - INFO - -----------------------Start Frame Header ---------------------------:
2024-07-07 17:58:35,163 - INFO -   Magic Word: 0201040306050807
2024-07-07 17:58:35,163 - INFO -   Version: 50659332 (decoded: 03.05.00.04)
2024-07-07 17:58:35,163 - INFO -   Total Packet Length: 768 bytes
2024-07-07 17:58:35,163 - INFO -   Platform: 0xA6843
2024-07-07 17:58:35,163 - INFO -   Frame Number: 92
2024-07-07 17:58:35,163 - INFO -   Time [CPU Cycles]: 3093865491
2024-07-07 17:58:35,163 - INFO -   Number of Detected Objects: 6
2024-07-07 17:58:35,163 - INFO -   Number of TLVs: 5
2024-07-07 17:58:35,163 - INFO -   Subframe Number: 0
2024-07-07 17:58:35,163 - INFO - -----------------------End Frame Header -----------------------------:
2024-07-07 17:58:35,163 - ERROR - Error unpacking point data: unpack requires a buffer of 16 bytes
2024-07-07 17:58:35,164 - INFO - -----------------------Detected Points ---------------------------:
2024-07-07 17:58:35,164 - INFO -   Point 1: X: -0.36, Y: 0.49, Z: 0.00, Velocity: 0.00, Distance: 0.61
2024-07-07 17:58:35,164 - INFO -   Point 2: X: -0.57, Y: 0.21, Z: 0.00, Velocity: 0.00, Distance: 0.61
2024-07-07 17:58:35,164 - INFO -   Point 3: X: -0.53, Y: 4.24, Z: 0.00, Velocity: 0.00, Distance: 4.27
2024-07-07 17:58:35,164 - INFO -   Point 4: X: -2.94, Y: 3.10, Z: 0.00, Velocity: 0.00, Distance: 4.27
2024-07-07 17:58:35,164 - INFO -   Point 5: X: 3.57, Y: 4.46, Z: 0.00, Velocity: 0.00, Distance: 5.71
2024-07-07 17:58:35,164 - INFO - -----------------------End Detected Points ---------------------------:
2024-07-07 17:58:35,263 - INFO - -----------------------Start Frame Header ---------------------------:
2024-07-07 17:58:35,263 - INFO -   Magic Word: 0201040306050807
2024-07-07 17:58:35,263 - INFO -   Version: 50659332 (decoded: 03.05.00.04)
2024-07-07 17:58:35,263 - INFO -   Total Packet Length: 768 bytes
2024-07-07 17:58:35,263 - INFO -   Platform: 0xA6843
2024-07-07 17:58:35,263 - INFO -   Frame Number: 93
2024-07-07 17:58:35,263 - INFO -   Time [CPU Cycles]: 3113864790
2024-07-07 17:58:35,263 - INFO -   Number of Detected Objects: 6
2024-07-07 17:58:35,263 - INFO -   Number of TLVs: 5
2024-07-07 17:58:35,263 - INFO -   Subframe Number: 0
2024-07-07 17:58:35,263 - INFO - -----------------------End Frame Header -----------------------------:
2024-07-07 17:58:35,263 - ERROR - Error unpacking point data: unpack requires a buffer of 16 bytes
2024-07-07 17:58:35,263 - INFO - -----------------------Detected Points ---------------------------:
2024-07-07 17:58:35,263 - INFO -   Point 1: X: -0.34, Y: 0.50, Z: 0.00, Velocity: 0.00, Distance: 0.61
2024-07-07 17:58:35,263 - INFO -   Point 2: X: -0.57, Y: 0.21, Z: 0.00, Velocity: 0.00, Distance: 0.61
2024-07-07 17:58:35,263 - INFO -   Point 3: X: -0.53, Y: 4.24, Z: 0.00, Velocity: 0.00, Distance: 4.27
2024-07-07 17:58:35,263 - INFO -   Point 4: X: -2.94, Y: 3.10, Z: 0.00, Velocity: 0.00, Distance: 4.27
2024-07-07 17:58:35,263 - INFO -   Point 5: X: 3.57, Y: 4.46, Z: 0.00, Velocity: 0.00, Distance: 5.71
2024-07-07 17:58:35,263 - INFO - -----------------------End Detected Points ---------------------------:
2024-07-07 17:58:35,363 - INFO - -----------------------Start Frame Header ---------------------------:
2024-07-07 17:58:35,363 - INFO -   Magic Word: 0201040306050807
2024-07-07 17:58:35,363 - INFO -   Version: 50659332 (decoded: 03.05.00.04)
2024-07-07 17:58:35,363 - INFO -   Total Packet Length: 768 bytes
2024-07-07 17:58:35,363 - INFO -   Platform: 0xA6843
2024-07-07 17:58:35,363 - INFO -   Frame Number: 94
2024-07-07 17:58:35,363 - INFO -   Time [CPU Cycles]: 3133865210
2024-07-07 17:58:35,363 - INFO -   Number of Detected Objects: 6
2024-07-07 17:58:35,363 - INFO -   Number of TLVs: 5
2024-07-07 17:58:35,363 - INFO -   Subframe Number: 0
2024-07-07 17:58:35,363 - INFO - -----------------------End Frame Header -----------------------------:
2024-07-07 17:58:35,363 - ERROR - Error unpacking point data: unpack requires a buffer of 16 bytes
2024-07-07 17:58:35,363 - INFO - -----------------------Detected Points ---------------------------:
2024-07-07 17:58:35,363 - INFO -   Point 1: X: -0.34, Y: 0.50, Z: 0.00, Velocity: 0.00, Distance: 0.61
2024-07-07 17:58:35,363 - INFO -   Point 2: X: -0.57, Y: 0.21, Z: 0.00, Velocity: 0.00, Distance: 0.61
2024-07-07 17:58:35,363 - INFO -   Point 3: X: -0.53, Y: 4.24, Z: 0.00, Velocity: 0.00, Distance: 4.27
2024-07-07 17:58:35,363 - INFO -   Point 4: X: -2.94, Y: 3.10, Z: 0.00, Velocity: 0.00, Distance: 4.27
2024-07-07 17:58:35,363 - INFO -   Point 5: X: 3.57, Y: 4.46, Z: 0.00, Velocity: 0.00, Distance: 5.71
2024-07-07 17:58:35,363 - INFO - -----------------------End Detected Points ---------------------------:
2024-07-07 17:58:35,463 - INFO - -----------------------Start Frame Header ---------------------------:
2024-07-07 17:58:35,463 - INFO -   Magic Word: 0201040306050807
2024-07-07 17:58:35,463 - INFO -   Version: 50659332 (decoded: 03.05.00.04)
2024-07-07 17:58:35,463 - INFO -   Total Packet Length: 768 bytes
2024-07-07 17:58:35,463 - INFO -   Platform: 0xA6843
2024-07-07 17:58:35,463 - INFO -   Frame Number: 95
2024-07-07 17:58:35,463 - INFO -   Time [CPU Cycles]: 3153865458
2024-07-07 17:58:35,463 - INFO -   Number of Detected Objects: 5
2024-07-07 17:58:35,463 - INFO -   Number of TLVs: 5
2024-07-07 17:58:35,463 - INFO -   Subframe Number: 0
2024-07-07 17:58:35,463 - INFO - -----------------------End Frame Header -----------------------------:
2024-07-07 17:58:35,563 - INFO - -----------------------Start Frame Header ---------------------------:
2024-07-07 17:58:35,563 - INFO -   Magic Word: 0201040306050807
2024-07-07 17:58:35,563 - INFO -   Version: 50659332 (decoded: 03.05.00.04)
2024-07-07 17:58:35,563 - INFO -   Total Packet Length: 768 bytes
2024-07-07 17:58:35,563 - INFO -   Platform: 0xA6843
2024-07-07 17:58:35,563 - INFO -   Frame Number: 96
2024-07-07 17:58:35,563 - INFO -   Time [CPU Cycles]: 3173865688
2024-07-07 17:58:35,563 - INFO -   Number of Detected Objects: 5
2024-07-07 17:58:35,563 - INFO -   Number of TLVs: 5
2024-07-07 17:58:35,563 - INFO -   Subframe Number: 0
2024-07-07 17:58:35,563 - INFO - -----------------------End Frame Header -----------------------------:
2024-07-07 17:58:35,563 - INFO - -----------------------Detected Points ---------------------------:
2024-07-07 17:58:35,563 - INFO -   Point 1: X: 0.46, Y: 0.12, Z: 0.00, Velocity: 0.00, Distance: 0.48
2024-07-07 17:58:35,563 - INFO -   Point 2: X: -0.34, Y: 0.50, Z: 0.00, Velocity: 0.00, Distance: 0.61
2024-07-07 17:58:35,563 - INFO -   Point 3: X: -0.57, Y: 0.21, Z: 0.00, Velocity: 0.00, Distance: 0.61
2024-07-07 17:58:35,563 - INFO -   Point 4: X: -0.53, Y: 4.24, Z: 0.00, Velocity: 0.00, Distance: 4.27
2024-07-07 17:58:35,563 - INFO -   Point 5: X: -2.94, Y: 3.10, Z: 0.00, Velocity: 0.00, Distance: 4.27
2024-07-07 17:58:35,563 - INFO - -----------------------End Detected Points ---------------------------:
2024-07-07 17:58:35,663 - INFO - -----------------------Start Frame Header ---------------------------:
2024-07-07 17:58:35,663 - INFO -   Magic Word: 0201040306050807
2024-07-07 17:58:35,663 - INFO -   Version: 50659332 (decoded: 03.05.00.04)
2024-07-07 17:58:35,663 - INFO -   Total Packet Length: 832 bytes
2024-07-07 17:58:35,663 - INFO -   Platform: 0xA6843
2024-07-07 17:58:35,663 - INFO -   Frame Number: 97
2024-07-07 17:58:35,663 - INFO -   Time [CPU Cycles]: 3193872279
2024-07-07 17:58:35,663 - INFO -   Number of Detected Objects: 8
2024-07-07 17:58:35,663 - INFO -   Number of TLVs: 5
2024-07-07 17:58:35,663 - INFO -   Subframe Number: 0
2024-07-07 17:58:35,664 - INFO - -----------------------End Frame Header -----------------------------:
2024-07-07 17:58:35,664 - ERROR - Error unpacking point data: unpack requires a buffer of 16 bytes
2024-07-07 17:58:35,664 - ERROR - Error unpacking point data: unpack requires a buffer of 16 bytes
2024-07-07 17:58:35,664 - ERROR - Error unpacking point data: unpack requires a buffer of 16 bytes
2024-07-07 17:58:35,664 - INFO - -----------------------Detected Points ---------------------------:
2024-07-07 17:58:35,664 - INFO -   Point 1: X: -0.34, Y: 0.50, Z: 0.00, Velocity: 0.00, Distance: 0.61
2024-07-07 17:58:35,664 - INFO -   Point 2: X: -0.57, Y: 0.21, Z: 0.00, Velocity: 0.00, Distance: 0.61
2024-07-07 17:58:35,664 - INFO -   Point 3: X: -0.59, Y: 0.52, Z: 0.00, Velocity: 0.00, Distance: 0.78
2024-07-07 17:58:35,664 - INFO -   Point 4: X: 0.29, Y: 0.73, Z: 0.00, Velocity: 0.00, Distance: 0.78
2024-07-07 17:58:35,664 - INFO -   Point 5: X: -0.53, Y: 4.24, Z: 0.00, Velocity: 0.00, Distance: 4.27
2024-07-07 17:58:35,664 - INFO - -----------------------End Detected Points ---------------------------:
2024-07-07 17:58:35,763 - INFO - -----------------------Start Frame Header ---------------------------:
2024-07-07 17:58:35,763 - INFO -   Magic Word: 0201040306050807
2024-07-07 17:58:35,763 - INFO -   Version: 50659332 (decoded: 03.05.00.04)
2024-07-07 17:58:35,763 - INFO -   Total Packet Length: 832 bytes
2024-07-07 17:58:35,763 - INFO -   Platform: 0xA6843
2024-07-07 17:58:35,763 - INFO -   Frame Number: 98
2024-07-07 17:58:35,763 - INFO -   Time [CPU Cycles]: 3213872391
2024-07-07 17:58:35,763 - INFO -   Number of Detected Objects: 9
2024-07-07 17:58:35,763 - INFO -   Number of TLVs: 5
2024-07-07 17:58:35,763 - INFO -   Subframe Number: 0
2024-07-07 17:58:35,763 - INFO - -----------------------End Frame Header -----------------------------:
2024-07-07 17:58:35,764 - ERROR - Error unpacking point data: unpack requires a buffer of 16 bytes
2024-07-07 17:58:35,764 - ERROR - Error unpacking point data: unpack requires a buffer of 16 bytes
2024-07-07 17:58:35,764 - ERROR - Error unpacking point data: unpack requires a buffer of 16 bytes
2024-07-07 17:58:35,764 - ERROR - Error unpacking point data: unpack requires a buffer of 16 bytes
2024-07-07 17:58:35,764 - INFO - -----------------------Detected Points ---------------------------:
2024-07-07 17:58:35,764 - INFO -   Point 1: X: 0.46, Y: 0.12, Z: 0.00, Velocity: 0.00, Distance: 0.48
2024-07-07 17:58:35,764 - INFO -   Point 2: X: -0.34, Y: 0.50, Z: 0.00, Velocity: 0.00, Distance: 0.61
2024-07-07 17:58:35,764 - INFO -   Point 3: X: -0.57, Y: 0.21, Z: 0.00, Velocity: 0.00, Distance: 0.61
2024-07-07 17:58:35,764 - INFO -   Point 4: X: -0.56, Y: 0.55, Z: 0.00, Velocity: 0.00, Distance: 0.78
2024-07-07 17:58:35,764 - INFO -   Point 5: X: 0.29, Y: 0.73, Z: 0.00, Velocity: 0.00, Distance: 0.78
2024-07-07 17:58:35,764 - INFO - -----------------------End Detected Points ---------------------------:
2024-07-07 17:58:35,863 - INFO - -----------------------Start Frame Header ---------------------------:
2024-07-07 17:58:35,863 - INFO -   Magic Word: 0201040306050807
2024-07-07 17:58:35,863 - INFO -   Version: 50659332 (decoded: 03.05.00.04)
2024-07-07 17:58:35,863 - INFO -   Total Packet Length: 832 bytes
2024-07-07 17:58:35,863 - INFO -   Platform: 0xA6843
2024-07-07 17:58:35,863 - INFO -   Frame Number: 99
2024-07-07 17:58:35,863 - INFO -   Time [CPU Cycles]: 3233872375
2024-07-07 17:58:35,863 - INFO -   Number of Detected Objects: 9
2024-07-07 17:58:35,863 - INFO -   Number of TLVs: 5
2024-07-07 17:58:35,863 - INFO -   Subframe Number: 0
2024-07-07 17:58:35,863 - INFO - -----------------------End Frame Header -----------------------------:
2024-07-07 17:58:35,863 - ERROR - Error unpacking point data: unpack requires a buffer of 16 bytes
2024-07-07 17:58:35,863 - ERROR - Error unpacking point data: unpack requires a buffer of 16 bytes
2024-07-07 17:58:35,863 - ERROR - Error unpacking point data: unpack requires a buffer of 16 bytes
2024-07-07 17:58:35,863 - ERROR - Error unpacking point data: unpack requires a buffer of 16 bytes
2024-07-07 17:58:35,863 - INFO - -----------------------Detected Points ---------------------------:
2024-07-07 17:58:35,863 - INFO -   Point 1: X: 0.46, Y: 0.12, Z: 0.00, Velocity: 0.00, Distance: 0.48
2024-07-07 17:58:35,863 - INFO -   Point 2: X: -0.34, Y: 0.50, Z: 0.00, Velocity: 0.00, Distance: 0.61
2024-07-07 17:58:35,863 - INFO -   Point 3: X: -0.57, Y: 0.21, Z: 0.00, Velocity: 0.00, Distance: 0.61
2024-07-07 17:58:35,863 - INFO -   Point 4: X: -0.56, Y: 0.55, Z: 0.00, Velocity: 0.00, Distance: 0.78
2024-07-07 17:58:35,863 - INFO -   Point 5: X: 0.29, Y: 0.73, Z: 0.00, Velocity: 0.00, Distance: 0.78
2024-07-07 17:58:35,863 - INFO - -----------------------End Detected Points ---------------------------:
2024-07-07 17:58:35,963 - INFO - -----------------------Start Frame Header ---------------------------:
2024-07-07 17:58:35,963 - INFO -   Magic Word: 0201040306050807
2024-07-07 17:58:35,963 - INFO -   Version: 50659332 (decoded: 03.05.00.04)
2024-07-07 17:58:35,964 - INFO -   Total Packet Length: 768 bytes
2024-07-07 17:58:35,964 - INFO -   Platform: 0xA6843
2024-07-07 17:58:35,964 - INFO -   Frame Number: 100
2024-07-07 17:58:35,964 - INFO -   Time [CPU Cycles]: 3253866092
2024-07-07 17:58:35,964 - INFO -   Number of Detected Objects: 6
2024-07-07 17:58:35,964 - INFO -   Number of TLVs: 5
2024-07-07 17:58:35,964 - INFO -   Subframe Number: 0
2024-07-07 17:58:35,964 - INFO - -----------------------End Frame Header -----------------------------:
2024-07-07 17:58:35,964 - ERROR - Error unpacking point data: unpack requires a buffer of 16 bytes
2024-07-07 17:58:35,964 - INFO - -----------------------Detected Points ---------------------------:
2024-07-07 17:58:35,964 - INFO -   Point 1: X: -0.34, Y: 0.50, Z: 0.00, Velocity: 0.00, Distance: 0.61
2024-07-07 17:58:35,964 - INFO -   Point 2: X: -0.57, Y: 0.21, Z: 0.00, Velocity: 0.00, Distance: 0.61
2024-07-07 17:58:35,964 - INFO -   Point 3: X: -0.53, Y: 4.24, Z: 0.00, Velocity: 0.00, Distance: 4.27
2024-07-07 17:58:35,964 - INFO -   Point 4: X: -2.94, Y: 3.10, Z: 0.00, Velocity: 0.00, Distance: 4.27
2024-07-07 17:58:35,964 - INFO -   Point 5: X: 3.57, Y: 4.46, Z: 0.00, Velocity: 0.00, Distance: 5.71
2024-07-07 17:58:35,964 - INFO - -----------------------End Detected Points ---------------------------:
2024-07-07 17:58:36,063 - INFO - -----------------------Start Frame Header ---------------------------:
2024-07-07 17:58:36,063 - INFO -   Magic Word: 0201040306050807
2024-07-07 17:58:36,063 - INFO -   Version: 50659332 (decoded: 03.05.00.04)
2024-07-07 17:58:36,063 - INFO -   Total Packet Length: 736 bytes
2024-07-07 17:58:36,063 - INFO -   Platform: 0xA6843
2024-07-07 17:58:36,064 - INFO -   Frame Number: 101
2024-07-07 17:58:36,064 - INFO -   Time [CPU Cycles]: 3273862011
2024-07-07 17:58:36,064 - INFO -   Number of Detected Objects: 4
2024-07-07 17:58:36,064 - INFO -   Number of TLVs: 5
2024-07-07 17:58:36,064 - INFO -   Subframe Number: 0
2024-07-07 17:58:36,064 - INFO - -----------------------End Frame Header -----------------------------:
2024-07-07 17:58:36,064 - INFO - -----------------------Detected Points ---------------------------:
2024-07-07 17:58:36,064 - INFO -   Point 1: X: -0.34, Y: 0.50, Z: 0.00, Velocity: 0.00, Distance: 0.61
2024-07-07 17:58:36,064 - INFO -   Point 2: X: -0.57, Y: 0.21, Z: 0.00, Velocity: 0.00, Distance: 0.61
2024-07-07 17:58:36,064 - INFO -   Point 3: X: -0.53, Y: 4.24, Z: 0.00, Velocity: 0.00, Distance: 4.27
2024-07-07 17:58:36,064 - INFO -   Point 4: X: -2.94, Y: 3.10, Z: 0.00, Velocity: 0.00, Distance: 4.27
2024-07-07 17:58:36,064 - INFO - -----------------------End Detected Points ---------------------------:
2024-07-07 17:58:36,163 - INFO - -----------------------Start Frame Header ---------------------------:
2024-07-07 17:58:36,163 - INFO -   Magic Word: 0201040306050807
2024-07-07 17:58:36,163 - INFO -   Version: 50659332 (decoded: 03.05.00.04)
2024-07-07 17:58:36,164 - INFO -   Total Packet Length: 736 bytes
2024-07-07 17:58:36,164 - INFO -   Platform: 0xA6843
2024-07-07 17:58:36,164 - INFO -   Frame Number: 102
2024-07-07 17:58:36,164 - INFO -   Time [CPU Cycles]: 3293862555
2024-07-07 17:58:36,164 - INFO -   Number of Detected Objects: 4
2024-07-07 17:58:36,164 - INFO -   Number of TLVs: 5
2024-07-07 17:58:36,164 - INFO -   Subframe Number: 0
2024-07-07 17:58:36,164 - INFO - -----------------------End Frame Header -----------------------------:
2024-07-07 17:58:36,164 - INFO - -----------------------Detected Points ---------------------------:
2024-07-07 17:58:36,164 - INFO -   Point 1: X: -0.36, Y: 0.49, Z: 0.00, Velocity: 0.00, Distance: 0.61
2024-07-07 17:58:36,164 - INFO -   Point 2: X: -0.57, Y: 0.21, Z: 0.00, Velocity: 0.00, Distance: 0.61
2024-07-07 17:58:36,164 - INFO -   Point 3: X: -0.53, Y: 4.24, Z: 0.00, Velocity: 0.00, Distance: 4.27
2024-07-07 17:58:36,164 - INFO -   Point 4: X: -2.94, Y: 3.10, Z: 0.00, Velocity: 0.00, Distance: 4.27
2024-07-07 17:58:36,164 - INFO - -----------------------End Detected Points ---------------------------:
2024-07-07 17:58:36,263 - INFO - -----------------------Start Frame Header ---------------------------:
2024-07-07 17:58:36,264 - INFO -   Magic Word: 0201040306050807
2024-07-07 17:58:36,264 - INFO -   Version: 50659332 (decoded: 03.05.00.04)
2024-07-07 17:58:36,264 - INFO -   Total Packet Length: 768 bytes
2024-07-07 17:58:36,264 - INFO -   Platform: 0xA6843
2024-07-07 17:58:36,264 - INFO -   Frame Number: 103
2024-07-07 17:58:36,264 - INFO -   Time [CPU Cycles]: 3313865078
2024-07-07 17:58:36,264 - INFO -   Number of Detected Objects: 6
2024-07-07 17:58:36,264 - INFO -   Number of TLVs: 5
2024-07-07 17:58:36,264 - INFO -   Subframe Number: 0
2024-07-07 17:58:36,264 - INFO - -----------------------End Frame Header -----------------------------:
2024-07-07 17:58:36,264 - ERROR - Error unpacking point data: unpack requires a buffer of 16 bytes
2024-07-07 17:58:36,264 - INFO - -----------------------Detected Points ---------------------------:
2024-07-07 17:58:36,264 - INFO -   Point 1: X: -0.36, Y: 0.49, Z: 0.00, Velocity: 0.00, Distance: 0.61
2024-07-07 17:58:36,264 - INFO -   Point 2: X: -0.57, Y: 0.21, Z: 0.00, Velocity: 0.00, Distance: 0.61
2024-07-07 17:58:36,264 - INFO -   Point 3: X: -0.53, Y: 4.24, Z: 0.00, Velocity: 0.00, Distance: 4.27
2024-07-07 17:58:36,264 - INFO -   Point 4: X: -2.94, Y: 3.10, Z: 0.00, Velocity: 0.00, Distance: 4.27
2024-07-07 17:58:36,264 - INFO -   Point 5: X: 3.57, Y: 4.46, Z: 0.00, Velocity: 0.00, Distance: 5.71
2024-07-07 17:58:36,264 - INFO - -----------------------End Detected Points ---------------------------:
2024-07-07 17:58:36,363 - INFO - -----------------------Start Frame Header ---------------------------:
2024-07-07 17:58:36,364 - INFO -   Magic Word: 0201040306050807
2024-07-07 17:58:36,364 - INFO -   Version: 50659332 (decoded: 03.05.00.04)
2024-07-07 17:58:36,364 - INFO -   Total Packet Length: 736 bytes
2024-07-07 17:58:36,364 - INFO -   Platform: 0xA6843
2024-07-07 17:58:36,364 - INFO -   Frame Number: 104
2024-07-07 17:58:36,364 - INFO -   Time [CPU Cycles]: 3333861869
2024-07-07 17:58:36,364 - INFO -   Number of Detected Objects: 4
2024-07-07 17:58:36,364 - INFO -   Number of TLVs: 5
2024-07-07 17:58:36,364 - INFO -   Subframe Number: 0
2024-07-07 17:58:36,364 - INFO - -----------------------End Frame Header -----------------------------:
2024-07-07 17:58:36,364 - INFO - -----------------------Detected Points ---------------------------:
2024-07-07 17:58:36,364 - INFO -   Point 1: X: -0.36, Y: 0.49, Z: 0.00, Velocity: 0.00, Distance: 0.61
2024-07-07 17:58:36,364 - INFO -   Point 2: X: -0.57, Y: 0.21, Z: 0.00, Velocity: 0.00, Distance: 0.61
2024-07-07 17:58:36,364 - INFO -   Point 3: X: -0.53, Y: 4.24, Z: 0.00, Velocity: 0.00, Distance: 4.27
2024-07-07 17:58:36,364 - INFO -   Point 4: X: -2.94, Y: 3.10, Z: 0.00, Velocity: 0.00, Distance: 4.27
2024-07-07 17:58:36,364 - INFO - -----------------------End Detected Points ---------------------------:
2024-07-07 17:58:36,463 - INFO - -----------------------Start Frame Header ---------------------------:
2024-07-07 17:58:36,463 - INFO -   Magic Word: 0201040306050807
2024-07-07 17:58:36,463 - INFO -   Version: 50659332 (decoded: 03.05.00.04)
2024-07-07 17:58:36,463 - INFO -   Total Packet Length: 736 bytes
2024-07-07 17:58:36,463 - INFO -   Platform: 0xA6843
2024-07-07 17:58:36,463 - INFO -   Frame Number: 105
2024-07-07 17:58:36,463 - INFO -   Time [CPU Cycles]: 3353862318
2024-07-07 17:58:36,463 - INFO -   Number of Detected Objects: 4
2024-07-07 17:58:36,463 - INFO -   Number of TLVs: 5
2024-07-07 17:58:36,463 - INFO -   Subframe Number: 0
2024-07-07 17:58:36,463 - INFO - -----------------------End Frame Header -----------------------------:
2024-07-07 17:58:36,463 - INFO - -----------------------Detected Points ---------------------------:
2024-07-07 17:58:36,463 - INFO -   Point 1: X: -0.36, Y: 0.49, Z: 0.00, Velocity: 0.00, Distance: 0.61
2024-07-07 17:58:36,463 - INFO -   Point 2: X: -0.57, Y: 0.21, Z: 0.00, Velocity: 0.00, Distance: 0.61
2024-07-07 17:58:36,464 - INFO -   Point 3: X: -0.53, Y: 4.24, Z: 0.00, Velocity: 0.00, Distance: 4.27
2024-07-07 17:58:36,464 - INFO -   Point 4: X: -2.94, Y: 3.10, Z: 0.00, Velocity: 0.00, Distance: 4.27
2024-07-07 17:58:36,464 - INFO - -----------------------End Detected Points ---------------------------:
2024-07-07 17:58:36,563 - INFO - -----------------------Start Frame Header ---------------------------:
2024-07-07 17:58:36,563 - INFO -   Magic Word: 0201040306050807
2024-07-07 17:58:36,563 - INFO -   Version: 50659332 (decoded: 03.05.00.04)
2024-07-07 17:58:36,563 - INFO -   Total Packet Length: 768 bytes
2024-07-07 17:58:36,563 - INFO -   Platform: 0xA6843
2024-07-07 17:58:36,563 - INFO -   Frame Number: 106
2024-07-07 17:58:36,563 - INFO -   Time [CPU Cycles]: 3373865139
2024-07-07 17:58:36,563 - INFO -   Number of Detected Objects: 6
2024-07-07 17:58:36,563 - INFO -   Number of TLVs: 5
2024-07-07 17:58:36,563 - INFO -   Subframe Number: 0
2024-07-07 17:58:36,563 - INFO - -----------------------End Frame Header -----------------------------:
2024-07-07 17:58:36,564 - ERROR - Error unpacking point data: unpack requires a buffer of 16 bytes
2024-07-07 17:58:36,564 - INFO - -----------------------Detected Points ---------------------------:
2024-07-07 17:58:36,564 - INFO -   Point 1: X: -0.36, Y: 0.49, Z: 0.00, Velocity: 0.00, Distance: 0.61
2024-07-07 17:58:36,564 - INFO -   Point 2: X: -0.57, Y: 0.21, Z: 0.00, Velocity: 0.00, Distance: 0.61
2024-07-07 17:58:36,564 - INFO -   Point 3: X: -0.53, Y: 4.24, Z: 0.00, Velocity: 0.00, Distance: 4.27
2024-07-07 17:58:36,564 - INFO -   Point 4: X: -2.94, Y: 3.10, Z: 0.00, Velocity: 0.00, Distance: 4.27
2024-07-07 17:58:36,564 - INFO -   Point 5: X: 5.53, Y: 1.42, Z: 0.00, Velocity: 0.00, Distance: 5.71
2024-07-07 17:58:36,564 - INFO - -----------------------End Detected Points ---------------------------:
2024-07-07 17:58:36,663 - INFO - -----------------------Start Frame Header ---------------------------:
2024-07-07 17:58:36,663 - INFO -   Magic Word: 0201040306050807
2024-07-07 17:58:36,663 - INFO -   Version: 50659332 (decoded: 03.05.00.04)
2024-07-07 17:58:36,663 - INFO -   Total Packet Length: 736 bytes
2024-07-07 17:58:36,663 - INFO -   Platform: 0xA6843
2024-07-07 17:58:36,663 - INFO -   Frame Number: 107
2024-07-07 17:58:36,663 - INFO -   Time [CPU Cycles]: 3393861691
2024-07-07 17:58:36,663 - INFO -   Number of Detected Objects: 4
2024-07-07 17:58:36,664 - INFO -   Number of TLVs: 5
2024-07-07 17:58:36,664 - INFO -   Subframe Number: 0
2024-07-07 17:58:36,664 - INFO - -----------------------End Frame Header -----------------------------:
2024-07-07 17:58:36,763 - INFO - -----------------------Start Frame Header ---------------------------:
2024-07-07 17:58:36,763 - INFO -   Magic Word: 0201040306050807
2024-07-07 17:58:36,763 - INFO -   Version: 50659332 (decoded: 03.05.00.04)
2024-07-07 17:58:36,764 - INFO -   Total Packet Length: 736 bytes
2024-07-07 17:58:36,764 - INFO -   Platform: 0xA6843
2024-07-07 17:58:36,764 - INFO -   Frame Number: 108
2024-07-07 17:58:36,764 - INFO -   Time [CPU Cycles]: 3413862093
2024-07-07 17:58:36,764 - INFO -   Number of Detected Objects: 4
2024-07-07 17:58:36,764 - INFO -   Number of TLVs: 5
2024-07-07 17:58:36,764 - INFO -   Subframe Number: 0
2024-07-07 17:58:36,764 - INFO - -----------------------End Frame Header -----------------------------:
2024-07-07 17:58:36,764 - INFO - -----------------------Detected Points ---------------------------:
2024-07-07 17:58:36,764 - INFO -   Point 1: X: -0.36, Y: 0.49, Z: 0.00, Velocity: 0.00, Distance: 0.61
2024-07-07 17:58:36,764 - INFO -   Point 2: X: -0.57, Y: 0.21, Z: 0.00, Velocity: 0.00, Distance: 0.61
2024-07-07 17:58:36,764 - INFO -   Point 3: X: -0.53, Y: 4.24, Z: 0.00, Velocity: 0.00, Distance: 4.27
2024-07-07 17:58:36,764 - INFO -   Point 4: X: -2.94, Y: 3.10, Z: 0.00, Velocity: 0.00, Distance: 4.27
2024-07-07 17:58:36,764 - INFO - -----------------------End Detected Points ---------------------------:
2024-07-07 17:58:36,863 - INFO - -----------------------Start Frame Header ---------------------------:
2024-07-07 17:58:36,863 - INFO -   Magic Word: 0201040306050807
2024-07-07 17:58:36,863 - INFO -   Version: 50659332 (decoded: 03.05.00.04)
2024-07-07 17:58:36,863 - INFO -   Total Packet Length: 736 bytes
2024-07-07 17:58:36,863 - INFO -   Platform: 0xA6843
2024-07-07 17:58:36,863 - INFO -   Frame Number: 109
2024-07-07 17:58:36,863 - INFO -   Time [CPU Cycles]: 3433861765
2024-07-07 17:58:36,863 - INFO -   Number of Detected Objects: 4
2024-07-07 17:58:36,863 - INFO -   Number of TLVs: 5
2024-07-07 17:58:36,863 - INFO -   Subframe Number: 0
2024-07-07 17:58:36,863 - INFO - -----------------------End Frame Header -----------------------------:
2024-07-07 17:58:36,863 - INFO - -----------------------Detected Points ---------------------------:
2024-07-07 17:58:36,863 - INFO -   Point 1: X: -0.36, Y: 0.49, Z: 0.00, Velocity: 0.00, Distance: 0.61
2024-07-07 17:58:36,863 - INFO -   Point 2: X: -0.57, Y: 0.21, Z: 0.00, Velocity: 0.00, Distance: 0.61
2024-07-07 17:58:36,864 - INFO -   Point 3: X: -0.53, Y: 4.24, Z: 0.00, Velocity: 0.00, Distance: 4.27
2024-07-07 17:58:36,864 - INFO -   Point 4: X: -2.94, Y: 3.10, Z: 0.00, Velocity: 0.00, Distance: 4.27
2024-07-07 17:58:36,864 - INFO - -----------------------End Detected Points ---------------------------:
2024-07-07 17:58:36,964 - INFO - -----------------------Start Frame Header ---------------------------:
2024-07-07 17:58:36,964 - INFO -   Magic Word: 0201040306050807
2024-07-07 17:58:36,964 - INFO -   Version: 50659332 (decoded: 03.05.00.04)
2024-07-07 17:58:36,964 - INFO -   Total Packet Length: 736 bytes
2024-07-07 17:58:36,964 - INFO -   Platform: 0xA6843
2024-07-07 17:58:36,964 - INFO -   Frame Number: 110
2024-07-07 17:58:36,964 - INFO -   Time [CPU Cycles]: 3453861924
2024-07-07 17:58:36,964 - INFO -   Number of Detected Objects: 4
2024-07-07 17:58:36,964 - INFO -   Number of TLVs: 5
2024-07-07 17:58:36,964 - INFO -   Subframe Number: 0
2024-07-07 17:58:36,964 - INFO - -----------------------End Frame Header -----------------------------:
2024-07-07 17:58:36,964 - INFO - -----------------------Detected Points ---------------------------:
2024-07-07 17:58:36,964 - INFO -   Point 1: X: -0.36, Y: 0.49, Z: 0.00, Velocity: 0.00, Distance: 0.61
2024-07-07 17:58:36,964 - INFO -   Point 2: X: -0.57, Y: 0.21, Z: 0.00, Velocity: 0.00, Distance: 0.61
2024-07-07 17:58:36,964 - INFO -   Point 3: X: -0.53, Y: 4.24, Z: 0.00, Velocity: 0.00, Distance: 4.27
2024-07-07 17:58:36,964 - INFO -   Point 4: X: -2.94, Y: 3.10, Z: 0.00, Velocity: 0.00, Distance: 4.27
2024-07-07 17:58:36,964 - INFO - -----------------------End Detected Points ---------------------------:
2024-07-07 17:58:37,063 - INFO - -----------------------Start Frame Header ---------------------------:
2024-07-07 17:58:37,063 - INFO -   Magic Word: 0201040306050807
2024-07-07 17:58:37,063 - INFO -   Version: 50659332 (decoded: 03.05.00.04)
2024-07-07 17:58:37,063 - INFO -   Total Packet Length: 736 bytes
2024-07-07 17:58:37,063 - INFO -   Platform: 0xA6843
2024-07-07 17:58:37,063 - INFO -   Frame Number: 111
2024-07-07 17:58:37,063 - INFO -   Time [CPU Cycles]: 3473861231
2024-07-07 17:58:37,064 - INFO -   Number of Detected Objects: 4
2024-07-07 17:58:37,064 - INFO -   Number of TLVs: 5
2024-07-07 17:58:37,064 - INFO -   Subframe Number: 0
2024-07-07 17:58:37,064 - INFO - -----------------------End Frame Header -----------------------------:
2024-07-07 17:58:37,064 - INFO - -----------------------Detected Points ---------------------------:
2024-07-07 17:58:37,064 - INFO -   Point 1: X: -0.36, Y: 0.49, Z: 0.00, Velocity: 0.00, Distance: 0.61
2024-07-07 17:58:37,064 - INFO -   Point 2: X: -0.57, Y: 0.21, Z: 0.00, Velocity: 0.00, Distance: 0.61
2024-07-07 17:58:37,064 - INFO -   Point 3: X: -0.53, Y: 4.24, Z: 0.00, Velocity: 0.00, Distance: 4.27
2024-07-07 17:58:37,064 - INFO -   Point 4: X: -2.94, Y: 3.10, Z: 0.00, Velocity: 0.00, Distance: 4.27
2024-07-07 17:58:37,064 - INFO - -----------------------End Detected Points ---------------------------:
2024-07-07 17:58:37,163 - INFO - -----------------------Start Frame Header ---------------------------:
2024-07-07 17:58:37,163 - INFO -   Magic Word: 0201040306050807
2024-07-07 17:58:37,163 - INFO -   Version: 50659332 (decoded: 03.05.00.04)
2024-07-07 17:58:37,163 - INFO -   Total Packet Length: 736 bytes
2024-07-07 17:58:37,163 - INFO -   Platform: 0xA6843
2024-07-07 17:58:37,163 - INFO -   Frame Number: 112
2024-07-07 17:58:37,163 - INFO -   Time [CPU Cycles]: 3493861748
2024-07-07 17:58:37,163 - INFO -   Number of Detected Objects: 4
2024-07-07 17:58:37,163 - INFO -   Number of TLVs: 5
2024-07-07 17:58:37,163 - INFO -   Subframe Number: 0
2024-07-07 17:58:37,163 - INFO - -----------------------End Frame Header -----------------------------:
2024-07-07 17:58:37,163 - INFO - -----------------------Detected Points ---------------------------:
2024-07-07 17:58:37,163 - INFO -   Point 1: X: -0.36, Y: 0.49, Z: 0.00, Velocity: 0.00, Distance: 0.61
2024-07-07 17:58:37,163 - INFO -   Point 2: X: -0.57, Y: 0.21, Z: 0.00, Velocity: 0.00, Distance: 0.61
2024-07-07 17:58:37,164 - INFO -   Point 3: X: -0.53, Y: 4.24, Z: 0.00, Velocity: 0.00, Distance: 4.27
2024-07-07 17:58:37,164 - INFO -   Point 4: X: -2.94, Y: 3.10, Z: 0.00, Velocity: 0.00, Distance: 4.27
2024-07-07 17:58:37,164 - INFO - -----------------------End Detected Points ---------------------------:
2024-07-07 17:58:37,263 - INFO - -----------------------Start Frame Header ---------------------------:
2024-07-07 17:58:37,263 - INFO -   Magic Word: 0201040306050807
2024-07-07 17:58:37,263 - INFO -   Version: 50659332 (decoded: 03.05.00.04)
2024-07-07 17:58:37,263 - INFO -   Total Packet Length: 736 bytes
2024-07-07 17:58:37,263 - INFO -   Platform: 0xA6843
2024-07-07 17:58:37,263 - INFO -   Frame Number: 113
2024-07-07 17:58:37,263 - INFO -   Time [CPU Cycles]: 3513862216
2024-07-07 17:58:37,263 - INFO -   Number of Detected Objects: 4
2024-07-07 17:58:37,263 - INFO -   Number of TLVs: 5
2024-07-07 17:58:37,263 - INFO -   Subframe Number: 0
2024-07-07 17:58:37,263 - INFO - -----------------------End Frame Header -----------------------------:
2024-07-07 17:58:37,263 - INFO - -----------------------Detected Points ---------------------------:
2024-07-07 17:58:37,263 - INFO -   Point 1: X: -0.36, Y: 0.49, Z: 0.00, Velocity: 0.00, Distance: 0.61
2024-07-07 17:58:37,264 - INFO -   Point 2: X: -0.57, Y: 0.21, Z: 0.00, Velocity: 0.00, Distance: 0.61
2024-07-07 17:58:37,264 - INFO -   Point 3: X: -0.53, Y: 4.24, Z: 0.00, Velocity: 0.00, Distance: 4.27
2024-07-07 17:58:37,264 - INFO -   Point 4: X: -2.94, Y: 3.10, Z: 0.00, Velocity: 0.00, Distance: 4.27
2024-07-07 17:58:37,264 - INFO - -----------------------End Detected Points ---------------------------:
2024-07-07 17:58:37,363 - INFO - -----------------------Start Frame Header ---------------------------:
2024-07-07 17:58:37,363 - INFO -   Magic Word: 0201040306050807
2024-07-07 17:58:37,363 - INFO -   Version: 50659332 (decoded: 03.05.00.04)
2024-07-07 17:58:37,363 - INFO -   Total Packet Length: 768 bytes
2024-07-07 17:58:37,363 - INFO -   Platform: 0xA6843
2024-07-07 17:58:37,363 - INFO -   Frame Number: 114
2024-07-07 17:58:37,363 - INFO -   Time [CPU Cycles]: 3533865966
2024-07-07 17:58:37,363 - INFO -   Number of Detected Objects: 6
2024-07-07 17:58:37,363 - INFO -   Number of TLVs: 5
2024-07-07 17:58:37,363 - INFO -   Subframe Number: 0
2024-07-07 17:58:37,363 - INFO - -----------------------End Frame Header -----------------------------:
2024-07-07 17:58:37,363 - ERROR - Error unpacking point data: unpack requires a buffer of 16 bytes
2024-07-07 17:58:37,363 - INFO - -----------------------Detected Points ---------------------------:
2024-07-07 17:58:37,364 - INFO -   Point 1: X: -0.36, Y: 0.49, Z: 0.00, Velocity: 0.00, Distance: 0.61
2024-07-07 17:58:37,364 - INFO -   Point 2: X: -0.57, Y: 0.21, Z: 0.00, Velocity: 0.00, Distance: 0.61
2024-07-07 17:58:37,364 - INFO -   Point 3: X: -0.53, Y: 4.24, Z: 0.00, Velocity: 0.00, Distance: 4.27
2024-07-07 17:58:37,364 - INFO -   Point 4: X: -2.94, Y: 3.10, Z: 0.00, Velocity: 0.00, Distance: 4.27
2024-07-07 17:58:37,364 - INFO -   Point 5: X: 3.57, Y: 4.46, Z: 0.00, Velocity: 0.00, Distance: 5.71
2024-07-07 17:58:37,364 - INFO - -----------------------End Detected Points ---------------------------:
2024-07-07 17:58:37,463 - INFO - -----------------------Start Frame Header ---------------------------:
2024-07-07 17:58:37,463 - INFO -   Magic Word: 0201040306050807
2024-07-07 17:58:37,463 - INFO -   Version: 50659332 (decoded: 03.05.00.04)
2024-07-07 17:58:37,463 - INFO -   Total Packet Length: 768 bytes
2024-07-07 17:58:37,463 - INFO -   Platform: 0xA6843
2024-07-07 17:58:37,463 - INFO -   Frame Number: 115
2024-07-07 17:58:37,463 - INFO -   Time [CPU Cycles]: 3553866322
2024-07-07 17:58:37,463 - INFO -   Number of Detected Objects: 6
2024-07-07 17:58:37,463 - INFO -   Number of TLVs: 5
2024-07-07 17:58:37,463 - INFO -   Subframe Number: 0
2024-07-07 17:58:37,463 - INFO - -----------------------End Frame Header -----------------------------:
2024-07-07 17:58:37,463 - ERROR - Error unpacking point data: unpack requires a buffer of 16 bytes
2024-07-07 17:58:37,463 - INFO - -----------------------Detected Points ---------------------------:
2024-07-07 17:58:37,463 - INFO -   Point 1: X: -0.36, Y: 0.49, Z: 0.00, Velocity: 0.00, Distance: 0.61
2024-07-07 17:58:37,463 - INFO -   Point 2: X: -0.57, Y: 0.21, Z: 0.00, Velocity: 0.00, Distance: 0.61
2024-07-07 17:58:37,463 - INFO -   Point 3: X: -0.53, Y: 4.24, Z: 0.00, Velocity: 0.00, Distance: 4.27
2024-07-07 17:58:37,463 - INFO -   Point 4: X: -2.94, Y: 3.10, Z: 0.00, Velocity: 0.00, Distance: 4.27
2024-07-07 17:58:37,463 - INFO -   Point 5: X: 3.57, Y: 4.46, Z: 0.00, Velocity: 0.00, Distance: 5.71
2024-07-07 17:58:37,463 - INFO - -----------------------End Detected Points ---------------------------:
2024-07-07 17:58:37,563 - INFO - -----------------------Start Frame Header ---------------------------:
2024-07-07 17:58:37,563 - INFO -   Magic Word: 0201040306050807
2024-07-07 17:58:37,563 - INFO -   Version: 50659332 (decoded: 03.05.00.04)
2024-07-07 17:58:37,563 - INFO -   Total Packet Length: 832 bytes
2024-07-07 17:58:37,563 - INFO -   Platform: 0xA6843
2024-07-07 17:58:37,563 - INFO -   Frame Number: 116
2024-07-07 17:58:37,563 - INFO -   Time [CPU Cycles]: 3573868154
2024-07-07 17:58:37,563 - INFO -   Number of Detected Objects: 8
2024-07-07 17:58:37,563 - INFO -   Number of TLVs: 5
2024-07-07 17:58:37,563 - INFO -   Subframe Number: 0
2024-07-07 17:58:37,563 - INFO - -----------------------End Frame Header -----------------------------:
2024-07-07 17:58:37,563 - ERROR - Error unpacking point data: unpack requires a buffer of 16 bytes
2024-07-07 17:58:37,563 - ERROR - Error unpacking point data: unpack requires a buffer of 16 bytes
2024-07-07 17:58:37,563 - ERROR - Error unpacking point data: unpack requires a buffer of 16 bytes
2024-07-07 17:58:37,563 - INFO - -----------------------Detected Points ---------------------------:
2024-07-07 17:58:37,563 - INFO -   Point 1: X: -0.36, Y: 0.49, Z: 0.00, Velocity: 0.00, Distance: 0.61
2024-07-07 17:58:37,563 - INFO -   Point 2: X: -0.57, Y: 0.21, Z: 0.00, Velocity: 0.00, Distance: 0.61
2024-07-07 17:58:37,563 - INFO -   Point 3: X: -0.54, Y: 0.57, Z: 0.00, Velocity: 0.00, Distance: 0.78
2024-07-07 17:58:37,564 - INFO -   Point 4: X: 0.27, Y: 0.74, Z: 0.00, Velocity: 0.00, Distance: 0.78
2024-07-07 17:58:37,564 - INFO -   Point 5: X: -0.53, Y: 4.24, Z: 0.00, Velocity: 0.00, Distance: 4.27
2024-07-07 17:58:37,564 - INFO - -----------------------End Detected Points ---------------------------:
2024-07-07 17:58:37,663 - INFO - -----------------------Start Frame Header ---------------------------:
2024-07-07 17:58:37,663 - INFO -   Magic Word: 0201040306050807
2024-07-07 17:58:37,663 - INFO -   Version: 50659332 (decoded: 03.05.00.04)
2024-07-07 17:58:37,663 - INFO -   Total Packet Length: 832 bytes
2024-07-07 17:58:37,663 - INFO -   Platform: 0xA6843
2024-07-07 17:58:37,663 - INFO -   Frame Number: 117
2024-07-07 17:58:37,663 - INFO -   Time [CPU Cycles]: 3593868780
2024-07-07 17:58:37,663 - INFO -   Number of Detected Objects: 8
2024-07-07 17:58:37,663 - INFO -   Number of TLVs: 5
2024-07-07 17:58:37,663 - INFO -   Subframe Number: 0
2024-07-07 17:58:37,663 - INFO - -----------------------End Frame Header -----------------------------:
2024-07-07 17:58:37,663 - ERROR - Error unpacking point data: unpack requires a buffer of 16 bytes
2024-07-07 17:58:37,663 - ERROR - Error unpacking point data: unpack requires a buffer of 16 bytes
2024-07-07 17:58:37,663 - ERROR - Error unpacking point data: unpack requires a buffer of 16 bytes
2024-07-07 17:58:37,663 - INFO - -----------------------Detected Points ---------------------------:
2024-07-07 17:58:37,663 - INFO -   Point 1: X: -0.36, Y: 0.49, Z: 0.00, Velocity: 0.00, Distance: 0.61
2024-07-07 17:58:37,663 - INFO -   Point 2: X: -0.57, Y: 0.21, Z: 0.00, Velocity: 0.00, Distance: 0.61
2024-07-07 17:58:37,663 - INFO -   Point 3: X: -0.54, Y: 0.57, Z: 0.00, Velocity: 0.00, Distance: 0.78
2024-07-07 17:58:37,663 - INFO -   Point 4: X: 0.27, Y: 0.74, Z: 0.00, Velocity: 0.00, Distance: 0.78
2024-07-07 17:58:37,663 - INFO -   Point 5: X: -0.53, Y: 4.24, Z: 0.00, Velocity: 0.00, Distance: 4.27
2024-07-07 17:58:37,663 - INFO - -----------------------End Detected Points ---------------------------:
2024-07-07 17:58:37,763 - INFO - -----------------------Start Frame Header ---------------------------:
2024-07-07 17:58:37,763 - INFO -   Magic Word: 0201040306050807
2024-07-07 17:58:37,763 - INFO -   Version: 50659332 (decoded: 03.05.00.04)
2024-07-07 17:58:37,763 - INFO -   Total Packet Length: 832 bytes
2024-07-07 17:58:37,763 - INFO -   Platform: 0xA6843
2024-07-07 17:58:37,763 - INFO -   Frame Number: 118
2024-07-07 17:58:37,763 - INFO -   Time [CPU Cycles]: 3613868755
2024-07-07 17:58:37,763 - INFO -   Number of Detected Objects: 8
2024-07-07 17:58:37,763 - INFO -   Number of TLVs: 5
2024-07-07 17:58:37,763 - INFO -   Subframe Number: 0
2024-07-07 17:58:37,763 - INFO - -----------------------End Frame Header -----------------------------:
2024-07-07 17:58:37,763 - ERROR - Error unpacking point data: unpack requires a buffer of 16 bytes
2024-07-07 17:58:37,763 - ERROR - Error unpacking point data: unpack requires a buffer of 16 bytes
2024-07-07 17:58:37,763 - ERROR - Error unpacking point data: unpack requires a buffer of 16 bytes
2024-07-07 17:58:37,763 - INFO - -----------------------Detected Points ---------------------------:
2024-07-07 17:58:37,763 - INFO -   Point 1: X: -0.36, Y: 0.49, Z: 0.00, Velocity: 0.00, Distance: 0.61
2024-07-07 17:58:37,763 - INFO -   Point 2: X: -0.57, Y: 0.21, Z: 0.00, Velocity: 0.00, Distance: 0.61
2024-07-07 17:58:37,763 - INFO -   Point 3: X: -0.54, Y: 0.57, Z: 0.00, Velocity: 0.00, Distance: 0.78
2024-07-07 17:58:37,763 - INFO -   Point 4: X: 0.27, Y: 0.74, Z: 0.00, Velocity: 0.00, Distance: 0.78
2024-07-07 17:58:37,763 - INFO -   Point 5: X: -0.53, Y: 4.24, Z: 0.00, Velocity: 0.00, Distance: 4.27
2024-07-07 17:58:37,763 - INFO - -----------------------End Detected Points ---------------------------:
2024-07-07 17:58:37,863 - INFO - -----------------------Start Frame Header ---------------------------:
2024-07-07 17:58:37,863 - INFO -   Magic Word: 0201040306050807
2024-07-07 17:58:37,863 - INFO -   Version: 50659332 (decoded: 03.05.00.04)
2024-07-07 17:58:37,863 - INFO -   Total Packet Length: 768 bytes
2024-07-07 17:58:37,863 - INFO -   Platform: 0xA6843
2024-07-07 17:58:37,863 - INFO -   Frame Number: 119
2024-07-07 17:58:37,863 - INFO -   Time [CPU Cycles]: 3633866652
2024-07-07 17:58:37,863 - INFO -   Number of Detected Objects: 6
2024-07-07 17:58:37,863 - INFO -   Number of TLVs: 5
2024-07-07 17:58:37,863 - INFO -   Subframe Number: 0
2024-07-07 17:58:37,863 - INFO - -----------------------End Frame Header -----------------------------:
2024-07-07 17:58:37,863 - ERROR - Error unpacking point data: unpack requires a buffer of 16 bytes
2024-07-07 17:58:37,863 - INFO - -----------------------Detected Points ---------------------------:
2024-07-07 17:58:37,863 - INFO -   Point 1: X: -0.36, Y: 0.49, Z: 0.00, Velocity: 0.00, Distance: 0.61
2024-07-07 17:58:37,863 - INFO -   Point 2: X: -0.57, Y: 0.21, Z: 0.00, Velocity: 0.00, Distance: 0.61
2024-07-07 17:58:37,863 - INFO -   Point 3: X: -0.53, Y: 4.24, Z: 0.00, Velocity: 0.00, Distance: 4.27
2024-07-07 17:58:37,863 - INFO -   Point 4: X: -2.94, Y: 3.10, Z: 0.00, Velocity: 0.00, Distance: 4.27
2024-07-07 17:58:37,863 - INFO -   Point 5: X: 3.57, Y: 4.46, Z: 0.00, Velocity: 0.00, Distance: 5.71
2024-07-07 17:58:37,863 - INFO - -----------------------End Detected Points ---------------------------:
2024-07-07 17:58:37,963 - INFO - -----------------------Start Frame Header ---------------------------:
2024-07-07 17:58:37,963 - INFO -   Magic Word: 0201040306050807
2024-07-07 17:58:37,963 - INFO -   Version: 50659332 (decoded: 03.05.00.04)
2024-07-07 17:58:37,963 - INFO -   Total Packet Length: 832 bytes
2024-07-07 17:58:37,963 - INFO -   Platform: 0xA6843
2024-07-07 17:58:37,963 - INFO -   Frame Number: 120
2024-07-07 17:58:37,963 - INFO -   Time [CPU Cycles]: 3653868470
2024-07-07 17:58:37,963 - INFO -   Number of Detected Objects: 8
2024-07-07 17:58:37,963 - INFO -   Number of TLVs: 5
2024-07-07 17:58:37,963 - INFO -   Subframe Number: 0
2024-07-07 17:58:37,963 - INFO - -----------------------End Frame Header -----------------------------:
2024-07-07 17:58:37,963 - ERROR - Error unpacking point data: unpack requires a buffer of 16 bytes
2024-07-07 17:58:37,963 - ERROR - Error unpacking point data: unpack requires a buffer of 16 bytes
2024-07-07 17:58:37,963 - ERROR - Error unpacking point data: unpack requires a buffer of 16 bytes
2024-07-07 17:58:37,963 - INFO - -----------------------Detected Points ---------------------------:
2024-07-07 17:58:37,963 - INFO -   Point 1: X: -0.36, Y: 0.49, Z: 0.00, Velocity: 0.00, Distance: 0.61
2024-07-07 17:58:37,963 - INFO -   Point 2: X: -0.57, Y: 0.21, Z: 0.00, Velocity: 0.00, Distance: 0.61
2024-07-07 17:58:37,963 - INFO -   Point 3: X: -0.54, Y: 0.57, Z: 0.00, Velocity: 0.00, Distance: 0.78
2024-07-07 17:58:37,963 - INFO -   Point 4: X: 0.27, Y: 0.74, Z: 0.00, Velocity: 0.00, Distance: 0.78
2024-07-07 17:58:37,963 - INFO -   Point 5: X: -0.53, Y: 4.24, Z: 0.00, Velocity: 0.00, Distance: 4.27
2024-07-07 17:58:37,963 - INFO - -----------------------End Detected Points ---------------------------:
2024-07-07 17:58:38,063 - INFO - -----------------------Start Frame Header ---------------------------:
2024-07-07 17:58:38,063 - INFO -   Magic Word: 0201040306050807
2024-07-07 17:58:38,063 - INFO -   Version: 50659332 (decoded: 03.05.00.04)
2024-07-07 17:58:38,063 - INFO -   Total Packet Length: 800 bytes
2024-07-07 17:58:38,063 - INFO -   Platform: 0xA6843
2024-07-07 17:58:38,063 - INFO -   Frame Number: 121
2024-07-07 17:58:38,063 - INFO -   Time [CPU Cycles]: 3673869372
2024-07-07 17:58:38,063 - INFO -   Number of Detected Objects: 7
2024-07-07 17:58:38,063 - INFO -   Number of TLVs: 5
2024-07-07 17:58:38,063 - INFO -   Subframe Number: 0
2024-07-07 17:58:38,063 - INFO - -----------------------End Frame Header -----------------------------:
2024-07-07 17:58:38,063 - ERROR - Error unpacking point data: unpack requires a buffer of 16 bytes
2024-07-07 17:58:38,063 - ERROR - Error unpacking point data: unpack requires a buffer of 16 bytes
2024-07-07 17:58:38,063 - INFO - -----------------------Detected Points ---------------------------:
2024-07-07 17:58:38,063 - INFO -   Point 1: X: -0.36, Y: 0.49, Z: 0.00, Velocity: 0.00, Distance: 0.61
2024-07-07 17:58:38,063 - INFO -   Point 2: X: -0.57, Y: 0.21, Z: 0.00, Velocity: 0.00, Distance: 0.61
2024-07-07 17:58:38,063 - INFO -   Point 3: X: -0.52, Y: 0.59, Z: 0.00, Velocity: 0.00, Distance: 0.78
2024-07-07 17:58:38,063 - INFO -   Point 4: X: -0.53, Y: 4.24, Z: 0.00, Velocity: 0.00, Distance: 4.27
2024-07-07 17:58:38,063 - INFO -   Point 5: X: -2.94, Y: 3.10, Z: 0.00, Velocity: 0.00, Distance: 4.27
2024-07-07 17:58:38,063 - INFO - -----------------------End Detected Points ---------------------------:
2024-07-07 17:58:38,163 - INFO - -----------------------Start Frame Header ---------------------------:
2024-07-07 17:58:38,163 - INFO -   Magic Word: 0201040306050807
2024-07-07 17:58:38,163 - INFO -   Version: 50659332 (decoded: 03.05.00.04)
2024-07-07 17:58:38,163 - INFO -   Total Packet Length: 768 bytes
2024-07-07 17:58:38,163 - INFO -   Platform: 0xA6843
2024-07-07 17:58:38,163 - INFO -   Frame Number: 122
2024-07-07 17:58:38,163 - INFO -   Time [CPU Cycles]: 3693868560
2024-07-07 17:58:38,163 - INFO -   Number of Detected Objects: 6
2024-07-07 17:58:38,163 - INFO -   Number of TLVs: 5
2024-07-07 17:58:38,163 - INFO -   Subframe Number: 0
2024-07-07 17:58:38,163 - INFO - -----------------------End Frame Header -----------------------------:
2024-07-07 17:58:38,163 - ERROR - Error unpacking point data: unpack requires a buffer of 16 bytes
2024-07-07 17:58:38,163 - INFO - -----------------------Detected Points ---------------------------:
2024-07-07 17:58:38,163 - INFO -   Point 1: X: -0.36, Y: 0.49, Z: 0.00, Velocity: 0.00, Distance: 0.61
2024-07-07 17:58:38,163 - INFO -   Point 2: X: -0.57, Y: 0.21, Z: 0.00, Velocity: 0.00, Distance: 0.61
2024-07-07 17:58:38,163 - INFO -   Point 3: X: -0.52, Y: 0.59, Z: 0.00, Velocity: 0.00, Distance: 0.78
2024-07-07 17:58:38,163 - INFO -   Point 4: X: -0.53, Y: 4.24, Z: 0.00, Velocity: 0.00, Distance: 4.27
2024-07-07 17:58:38,163 - INFO -   Point 5: X: -2.94, Y: 3.10, Z: 0.00, Velocity: 0.00, Distance: 4.27
2024-07-07 17:58:38,163 - INFO - -----------------------End Detected Points ---------------------------:
2024-07-07 17:58:38,263 - INFO - -----------------------Start Frame Header ---------------------------:
2024-07-07 17:58:38,263 - INFO -   Magic Word: 0201040306050807
2024-07-07 17:58:38,263 - INFO -   Version: 50659332 (decoded: 03.05.00.04)
2024-07-07 17:58:38,263 - INFO -   Total Packet Length: 800 bytes
2024-07-07 17:58:38,263 - INFO -   Platform: 0xA6843
2024-07-07 17:58:38,263 - INFO -   Frame Number: 123
2024-07-07 17:58:38,263 - INFO -   Time [CPU Cycles]: 3713868370
2024-07-07 17:58:38,263 - INFO -   Number of Detected Objects: 7
2024-07-07 17:58:38,263 - INFO -   Number of TLVs: 5
2024-07-07 17:58:38,263 - INFO -   Subframe Number: 0
2024-07-07 17:58:38,263 - INFO - -----------------------End Frame Header -----------------------------:
2024-07-07 17:58:38,263 - ERROR - Error unpacking point data: unpack requires a buffer of 16 bytes
2024-07-07 17:58:38,263 - ERROR - Error unpacking point data: unpack requires a buffer of 16 bytes
2024-07-07 17:58:38,263 - INFO - -----------------------Detected Points ---------------------------:
2024-07-07 17:58:38,263 - INFO -   Point 1: X: -0.34, Y: 0.50, Z: 0.00, Velocity: 0.00, Distance: 0.61
2024-07-07 17:58:38,263 - INFO -   Point 2: X: -0.57, Y: 0.21, Z: 0.00, Velocity: 0.00, Distance: 0.61
2024-07-07 17:58:38,263 - INFO -   Point 3: X: -0.52, Y: 0.59, Z: 0.00, Velocity: 0.00, Distance: 0.78
2024-07-07 17:58:38,263 - INFO -   Point 4: X: -0.53, Y: 4.24, Z: 0.00, Velocity: 0.00, Distance: 4.27
2024-07-07 17:58:38,264 - INFO -   Point 5: X: -2.94, Y: 3.10, Z: 0.00, Velocity: 0.00, Distance: 4.27
2024-07-07 17:58:38,264 - INFO - -----------------------End Detected Points ---------------------------:
2024-07-07 17:58:38,363 - INFO - -----------------------Start Frame Header ---------------------------:
2024-07-07 17:58:38,363 - INFO -   Magic Word: 0201040306050807
2024-07-07 17:58:38,363 - INFO -   Version: 50659332 (decoded: 03.05.00.04)
2024-07-07 17:58:38,363 - INFO -   Total Packet Length: 768 bytes
2024-07-07 17:58:38,363 - INFO -   Platform: 0xA6843
2024-07-07 17:58:38,363 - INFO -   Frame Number: 124
2024-07-07 17:58:38,363 - INFO -   Time [CPU Cycles]: 3733864377
2024-07-07 17:58:38,363 - INFO -   Number of Detected Objects: 5
2024-07-07 17:58:38,363 - INFO -   Number of TLVs: 5
2024-07-07 17:58:38,363 - INFO -   Subframe Number: 0
2024-07-07 17:58:38,363 - INFO - -----------------------End Frame Header -----------------------------:
2024-07-07 17:58:38,363 - INFO - -----------------------Detected Points ---------------------------:
2024-07-07 17:58:38,363 - INFO -   Point 1: X: -0.34, Y: 0.50, Z: 0.00, Velocity: 0.00, Distance: 0.61
2024-07-07 17:58:38,363 - INFO -   Point 2: X: -0.57, Y: 0.21, Z: 0.00, Velocity: 0.00, Distance: 0.61
2024-07-07 17:58:38,363 - INFO -   Point 3: X: -0.52, Y: 0.59, Z: 0.00, Velocity: 0.00, Distance: 0.78
2024-07-07 17:58:38,363 - INFO -   Point 4: X: -0.53, Y: 4.24, Z: 0.00, Velocity: 0.00, Distance: 4.27
2024-07-07 17:58:38,363 - INFO -   Point 5: X: -2.94, Y: 3.10, Z: 0.00, Velocity: 0.00, Distance: 4.27
2024-07-07 17:58:38,363 - INFO - -----------------------End Detected Points ---------------------------:
2024-07-07 17:58:38,463 - INFO - -----------------------Start Frame Header ---------------------------:
2024-07-07 17:58:38,463 - INFO -   Magic Word: 0201040306050807
2024-07-07 17:58:38,463 - INFO -   Version: 50659332 (decoded: 03.05.00.04)
2024-07-07 17:58:38,463 - INFO -   Total Packet Length: 768 bytes
2024-07-07 17:58:38,463 - INFO -   Platform: 0xA6843
2024-07-07 17:58:38,463 - INFO -   Frame Number: 125
2024-07-07 17:58:38,463 - INFO -   Time [CPU Cycles]: 3753868034
2024-07-07 17:58:38,463 - INFO -   Number of Detected Objects: 6
2024-07-07 17:58:38,463 - INFO -   Number of TLVs: 5
2024-07-07 17:58:38,463 - INFO -   Subframe Number: 0
2024-07-07 17:58:38,463 - INFO - -----------------------End Frame Header -----------------------------:
2024-07-07 17:58:38,463 - ERROR - Error unpacking point data: unpack requires a buffer of 16 bytes
2024-07-07 17:58:38,463 - INFO - -----------------------Detected Points ---------------------------:
2024-07-07 17:58:38,463 - INFO -   Point 1: X: -0.34, Y: 0.50, Z: 0.00, Velocity: 0.00, Distance: 0.61
2024-07-07 17:58:38,463 - INFO -   Point 2: X: -0.57, Y: 0.21, Z: 0.00, Velocity: 0.00, Distance: 0.61
2024-07-07 17:58:38,463 - INFO -   Point 3: X: -0.52, Y: 0.59, Z: 0.00, Velocity: 0.00, Distance: 0.78
2024-07-07 17:58:38,463 - INFO -   Point 4: X: -0.53, Y: 4.24, Z: 0.00, Velocity: 0.00, Distance: 4.27
2024-07-07 17:58:38,463 - INFO -   Point 5: X: -2.94, Y: 3.10, Z: 0.00, Velocity: 0.00, Distance: 4.27
2024-07-07 17:58:38,463 - INFO - -----------------------End Detected Points ---------------------------:
2024-07-07 17:58:38,563 - INFO - -----------------------Start Frame Header ---------------------------:
2024-07-07 17:58:38,563 - INFO -   Magic Word: 0201040306050807
2024-07-07 17:58:38,563 - INFO -   Version: 50659332 (decoded: 03.05.00.04)
2024-07-07 17:58:38,563 - INFO -   Total Packet Length: 800 bytes
2024-07-07 17:58:38,563 - INFO -   Platform: 0xA6843
2024-07-07 17:58:38,563 - INFO -   Frame Number: 126
2024-07-07 17:58:38,563 - INFO -   Time [CPU Cycles]: 3773867805
2024-07-07 17:58:38,563 - INFO -   Number of Detected Objects: 7
2024-07-07 17:58:38,563 - INFO -   Number of TLVs: 5
2024-07-07 17:58:38,563 - INFO -   Subframe Number: 0
2024-07-07 17:58:38,563 - INFO - -----------------------End Frame Header -----------------------------:
2024-07-07 17:58:38,563 - ERROR - Error unpacking point data: unpack requires a buffer of 16 bytes
2024-07-07 17:58:38,563 - ERROR - Error unpacking point data: unpack requires a buffer of 16 bytes
2024-07-07 17:58:38,563 - INFO - -----------------------Detected Points ---------------------------:
2024-07-07 17:58:38,563 - INFO -   Point 1: X: -0.34, Y: 0.50, Z: 0.00, Velocity: 0.00, Distance: 0.61
2024-07-07 17:58:38,563 - INFO -   Point 2: X: -0.57, Y: 0.21, Z: 0.00, Velocity: 0.00, Distance: 0.61
2024-07-07 17:58:38,563 - INFO -   Point 3: X: -0.54, Y: 0.57, Z: 0.00, Velocity: 0.00, Distance: 0.78
2024-07-07 17:58:38,563 - INFO -   Point 4: X: -0.53, Y: 4.24, Z: 0.00, Velocity: 0.00, Distance: 4.27
2024-07-07 17:58:38,563 - INFO -   Point 5: X: -2.94, Y: 3.10, Z: 0.00, Velocity: 0.00, Distance: 4.27
2024-07-07 17:58:38,563 - INFO - -----------------------End Detected Points ---------------------------:
2024-07-07 17:58:38,663 - INFO - -----------------------Start Frame Header ---------------------------:
2024-07-07 17:58:38,663 - INFO -   Magic Word: 0201040306050807
2024-07-07 17:58:38,663 - INFO -   Version: 50659332 (decoded: 03.05.00.04)
2024-07-07 17:58:38,663 - INFO -   Total Packet Length: 800 bytes
2024-07-07 17:58:38,663 - INFO -   Platform: 0xA6843
2024-07-07 17:58:38,663 - INFO -   Frame Number: 127
2024-07-07 17:58:38,663 - INFO -   Time [CPU Cycles]: 3793867856
2024-07-07 17:58:38,663 - INFO -   Number of Detected Objects: 7
2024-07-07 17:58:38,663 - INFO -   Number of TLVs: 5
2024-07-07 17:58:38,663 - INFO -   Subframe Number: 0
2024-07-07 17:58:38,663 - INFO - -----------------------End Frame Header -----------------------------:
2024-07-07 17:58:38,663 - ERROR - Error unpacking point data: unpack requires a buffer of 16 bytes
2024-07-07 17:58:38,663 - ERROR - Error unpacking point data: unpack requires a buffer of 16 bytes
2024-07-07 17:58:38,663 - INFO - -----------------------Detected Points ---------------------------:
2024-07-07 17:58:38,663 - INFO -   Point 1: X: -0.34, Y: 0.50, Z: 0.00, Velocity: 0.00, Distance: 0.61
2024-07-07 17:58:38,663 - INFO -   Point 2: X: -0.57, Y: 0.21, Z: 0.00, Velocity: 0.00, Distance: 0.61
2024-07-07 17:58:38,663 - INFO -   Point 3: X: -0.54, Y: 0.57, Z: 0.00, Velocity: 0.00, Distance: 0.78
2024-07-07 17:58:38,663 - INFO -   Point 4: X: -0.53, Y: 4.24, Z: 0.00, Velocity: 0.00, Distance: 4.27
2024-07-07 17:58:38,663 - INFO -   Point 5: X: -2.94, Y: 3.10, Z: 0.00, Velocity: 0.00, Distance: 4.27
2024-07-07 17:58:38,663 - INFO - -----------------------End Detected Points ---------------------------:
2024-07-07 17:58:38,763 - INFO - -----------------------Start Frame Header ---------------------------:
2024-07-07 17:58:38,763 - INFO -   Magic Word: 0201040306050807
2024-07-07 17:58:38,763 - INFO -   Version: 50659332 (decoded: 03.05.00.04)
2024-07-07 17:58:38,763 - INFO -   Total Packet Length: 768 bytes
2024-07-07 17:58:38,763 - INFO -   Platform: 0xA6843
2024-07-07 17:58:38,763 - INFO -   Frame Number: 128
2024-07-07 17:58:38,763 - INFO -   Time [CPU Cycles]: 3813868359
2024-07-07 17:58:38,763 - INFO -   Number of Detected Objects: 6
2024-07-07 17:58:38,763 - INFO -   Number of TLVs: 5
2024-07-07 17:58:38,763 - INFO -   Subframe Number: 0
2024-07-07 17:58:38,763 - INFO - -----------------------End Frame Header -----------------------------:
2024-07-07 17:58:38,763 - ERROR - Error unpacking point data: unpack requires a buffer of 16 bytes
2024-07-07 17:58:38,763 - INFO - -----------------------Detected Points ---------------------------:
2024-07-07 17:58:38,763 - INFO -   Point 1: X: -0.34, Y: 0.50, Z: 0.00, Velocity: 0.00, Distance: 0.61
2024-07-07 17:58:38,763 - INFO -   Point 2: X: -0.57, Y: 0.21, Z: 0.00, Velocity: 0.00, Distance: 0.61
2024-07-07 17:58:38,763 - INFO -   Point 3: X: -0.54, Y: 0.57, Z: 0.00, Velocity: 0.00, Distance: 0.78
2024-07-07 17:58:38,763 - INFO -   Point 4: X: -0.53, Y: 4.24, Z: 0.00, Velocity: 0.00, Distance: 4.27
2024-07-07 17:58:38,763 - INFO -   Point 5: X: -2.94, Y: 3.10, Z: 0.00, Velocity: 0.00, Distance: 4.27
2024-07-07 17:58:38,763 - INFO - -----------------------End Detected Points ---------------------------:
2024-07-07 17:58:38,863 - INFO - -----------------------Start Frame Header ---------------------------:
2024-07-07 17:58:38,863 - INFO -   Magic Word: 0201040306050807
2024-07-07 17:58:38,863 - INFO -   Version: 50659332 (decoded: 03.05.00.04)
2024-07-07 17:58:38,863 - INFO -   Total Packet Length: 832 bytes
2024-07-07 17:58:38,863 - INFO -   Platform: 0xA6843
2024-07-07 17:58:38,863 - INFO -   Frame Number: 129
2024-07-07 17:58:38,863 - INFO -   Time [CPU Cycles]: 3833868394
2024-07-07 17:58:38,863 - INFO -   Number of Detected Objects: 8
2024-07-07 17:58:38,863 - INFO -   Number of TLVs: 5
2024-07-07 17:58:38,863 - INFO -   Subframe Number: 0
2024-07-07 17:58:38,863 - INFO - -----------------------End Frame Header -----------------------------:
2024-07-07 17:58:38,863 - ERROR - Error unpacking point data: unpack requires a buffer of 16 bytes
2024-07-07 17:58:38,863 - ERROR - Error unpacking point data: unpack requires a buffer of 16 bytes
2024-07-07 17:58:38,863 - ERROR - Error unpacking point data: unpack requires a buffer of 16 bytes
2024-07-07 17:58:38,863 - INFO - -----------------------Detected Points ---------------------------:
2024-07-07 17:58:38,863 - INFO -   Point 1: X: -0.34, Y: 0.50, Z: 0.00, Velocity: 0.00, Distance: 0.61
2024-07-07 17:58:38,863 - INFO -   Point 2: X: -0.57, Y: 0.21, Z: 0.00, Velocity: 0.00, Distance: 0.61
2024-07-07 17:58:38,863 - INFO -   Point 3: X: -0.54, Y: 0.57, Z: 0.00, Velocity: 0.00, Distance: 0.78
2024-07-07 17:58:38,863 - INFO -   Point 4: X: 0.27, Y: 0.74, Z: 0.00, Velocity: 0.00, Distance: 0.78
2024-07-07 17:58:38,863 - INFO -   Point 5: X: -0.53, Y: 4.24, Z: 0.00, Velocity: 0.00, Distance: 4.27
2024-07-07 17:58:38,863 - INFO - -----------------------End Detected Points ---------------------------:
2024-07-07 17:58:38,963 - INFO - -----------------------Start Frame Header ---------------------------:
2024-07-07 17:58:38,963 - INFO -   Magic Word: 0201040306050807
2024-07-07 17:58:38,963 - INFO -   Version: 50659332 (decoded: 03.05.00.04)
2024-07-07 17:58:38,963 - INFO -   Total Packet Length: 832 bytes
2024-07-07 17:58:38,963 - INFO -   Platform: 0xA6843
2024-07-07 17:58:38,963 - INFO -   Frame Number: 130
2024-07-07 17:58:38,963 - INFO -   Time [CPU Cycles]: 3853868048
2024-07-07 17:58:38,963 - INFO -   Number of Detected Objects: 8
2024-07-07 17:58:38,963 - INFO -   Number of TLVs: 5
2024-07-07 17:58:38,963 - INFO -   Subframe Number: 0
2024-07-07 17:58:38,963 - INFO - -----------------------End Frame Header -----------------------------:
2024-07-07 17:58:38,963 - ERROR - Error unpacking point data: unpack requires a buffer of 16 bytes
2024-07-07 17:58:38,963 - ERROR - Error unpacking point data: unpack requires a buffer of 16 bytes
2024-07-07 17:58:38,963 - ERROR - Error unpacking point data: unpack requires a buffer of 16 bytes
2024-07-07 17:58:38,963 - INFO - -----------------------Detected Points ---------------------------:
2024-07-07 17:58:38,963 - INFO -   Point 1: X: -0.36, Y: 0.49, Z: 0.00, Velocity: 0.00, Distance: 0.61
2024-07-07 17:58:38,963 - INFO -   Point 2: X: -0.57, Y: 0.21, Z: 0.00, Velocity: 0.00, Distance: 0.61
2024-07-07 17:58:38,963 - INFO -   Point 3: X: -0.54, Y: 0.57, Z: 0.00, Velocity: 0.00, Distance: 0.78
2024-07-07 17:58:38,963 - INFO -   Point 4: X: 0.27, Y: 0.74, Z: 0.00, Velocity: 0.00, Distance: 0.78
2024-07-07 17:58:38,963 - INFO -   Point 5: X: -0.53, Y: 4.24, Z: 0.00, Velocity: 0.00, Distance: 4.27
2024-07-07 17:58:38,963 - INFO - -----------------------End Detected Points ---------------------------:
2024-07-07 17:58:39,063 - INFO - -----------------------Start Frame Header ---------------------------:
2024-07-07 17:58:39,063 - INFO -   Magic Word: 0201040306050807
2024-07-07 17:58:39,063 - INFO -   Version: 50659332 (decoded: 03.05.00.04)
2024-07-07 17:58:39,063 - INFO -   Total Packet Length: 832 bytes
2024-07-07 17:58:39,063 - INFO -   Platform: 0xA6843
2024-07-07 17:58:39,063 - INFO -   Frame Number: 131
2024-07-07 17:58:39,063 - INFO -   Time [CPU Cycles]: 3873868208
2024-07-07 17:58:39,063 - INFO -   Number of Detected Objects: 8
2024-07-07 17:58:39,063 - INFO -   Number of TLVs: 5
2024-07-07 17:58:39,063 - INFO -   Subframe Number: 0
2024-07-07 17:58:39,063 - INFO - -----------------------End Frame Header -----------------------------:
2024-07-07 17:58:39,063 - ERROR - Error unpacking point data: unpack requires a buffer of 16 bytes
2024-07-07 17:58:39,063 - ERROR - Error unpacking point data: unpack requires a buffer of 16 bytes
2024-07-07 17:58:39,063 - ERROR - Error unpacking point data: unpack requires a buffer of 16 bytes
2024-07-07 17:58:39,063 - INFO - -----------------------Detected Points ---------------------------:
2024-07-07 17:58:39,063 - INFO -   Point 1: X: -0.36, Y: 0.49, Z: 0.00, Velocity: 0.00, Distance: 0.61
2024-07-07 17:58:39,063 - INFO -   Point 2: X: -0.57, Y: 0.21, Z: 0.00, Velocity: 0.00, Distance: 0.61
2024-07-07 17:58:39,063 - INFO -   Point 3: X: -0.54, Y: 0.57, Z: 0.00, Velocity: 0.00, Distance: 0.78
2024-07-07 17:58:39,063 - INFO -   Point 4: X: 0.27, Y: 0.74, Z: 0.00, Velocity: 0.00, Distance: 0.78
2024-07-07 17:58:39,063 - INFO -   Point 5: X: -0.53, Y: 4.24, Z: 0.00, Velocity: 0.00, Distance: 4.27
2024-07-07 17:58:39,063 - INFO - -----------------------End Detected Points ---------------------------:
2024-07-07 17:58:39,163 - INFO - -----------------------Start Frame Header ---------------------------:
2024-07-07 17:58:39,163 - INFO -   Magic Word: 0201040306050807
2024-07-07 17:58:39,163 - INFO -   Version: 50659332 (decoded: 03.05.00.04)
2024-07-07 17:58:39,163 - INFO -   Total Packet Length: 768 bytes
2024-07-07 17:58:39,163 - INFO -   Platform: 0xA6843
2024-07-07 17:58:39,163 - INFO -   Frame Number: 132
2024-07-07 17:58:39,163 - INFO -   Time [CPU Cycles]: 3893865839
2024-07-07 17:58:39,163 - INFO -   Number of Detected Objects: 5
2024-07-07 17:58:39,163 - INFO -   Number of TLVs: 5
2024-07-07 17:58:39,163 - INFO -   Subframe Number: 0
2024-07-07 17:58:39,163 - INFO - -----------------------End Frame Header -----------------------------:
2024-07-07 17:58:39,163 - INFO - -----------------------Detected Points ---------------------------:
2024-07-07 17:58:39,163 - INFO -   Point 1: X: -0.36, Y: 0.49, Z: 0.00, Velocity: 0.00, Distance: 0.61
2024-07-07 17:58:39,163 - INFO -   Point 2: X: -0.57, Y: 0.21, Z: 0.00, Velocity: 0.00, Distance: 0.61
2024-07-07 17:58:39,163 - INFO -   Point 3: X: -0.53, Y: 4.24, Z: 0.00, Velocity: 0.00, Distance: 4.27
2024-07-07 17:58:39,163 - INFO -   Point 4: X: -2.94, Y: 3.10, Z: 0.00, Velocity: 0.00, Distance: 4.27
2024-07-07 17:58:39,163 - INFO -   Point 5: X: 3.57, Y: 4.46, Z: 0.00, Velocity: 0.00, Distance: 5.71
2024-07-07 17:58:39,163 - INFO - -----------------------End Detected Points ---------------------------:
2024-07-07 17:58:39,263 - INFO - -----------------------Start Frame Header ---------------------------:
2024-07-07 17:58:39,263 - INFO -   Magic Word: 0201040306050807
2024-07-07 17:58:39,263 - INFO -   Version: 50659332 (decoded: 03.05.00.04)
2024-07-07 17:58:39,263 - INFO -   Total Packet Length: 768 bytes
2024-07-07 17:58:39,263 - INFO -   Platform: 0xA6843
2024-07-07 17:58:39,263 - INFO -   Frame Number: 133
2024-07-07 17:58:39,263 - INFO -   Time [CPU Cycles]: 3913865656
2024-07-07 17:58:39,263 - INFO -   Number of Detected Objects: 6
2024-07-07 17:58:39,263 - INFO -   Number of TLVs: 5
2024-07-07 17:58:39,263 - INFO -   Subframe Number: 0
2024-07-07 17:58:39,263 - INFO - -----------------------End Frame Header -----------------------------:
2024-07-07 17:58:39,363 - INFO - -----------------------Start Frame Header ---------------------------:
2024-07-07 17:58:39,363 - INFO -   Magic Word: 0201040306050807
2024-07-07 17:58:39,363 - INFO -   Version: 50659332 (decoded: 03.05.00.04)
2024-07-07 17:58:39,363 - INFO -   Total Packet Length: 768 bytes
2024-07-07 17:58:39,363 - INFO -   Platform: 0xA6843
2024-07-07 17:58:39,363 - INFO -   Frame Number: 134
2024-07-07 17:58:39,363 - INFO -   Time [CPU Cycles]: 3933864939
2024-07-07 17:58:39,363 - INFO -   Number of Detected Objects: 6
2024-07-07 17:58:39,363 - INFO -   Number of TLVs: 5
2024-07-07 17:58:39,363 - INFO -   Subframe Number: 0
2024-07-07 17:58:39,363 - INFO - -----------------------End Frame Header -----------------------------:
2024-07-07 17:58:39,363 - ERROR - Error unpacking point data: unpack requires a buffer of 16 bytes
2024-07-07 17:58:39,363 - INFO - -----------------------Detected Points ---------------------------:
2024-07-07 17:58:39,363 - INFO -   Point 1: X: -0.36, Y: 0.49, Z: 0.00, Velocity: 0.00, Distance: 0.61
2024-07-07 17:58:39,363 - INFO -   Point 2: X: -0.57, Y: 0.21, Z: 0.00, Velocity: 0.00, Distance: 0.61
2024-07-07 17:58:39,363 - INFO -   Point 3: X: -0.54, Y: 0.57, Z: 0.00, Velocity: 0.00, Distance: 0.78
2024-07-07 17:58:39,363 - INFO -   Point 4: X: 0.29, Y: 0.73, Z: 0.00, Velocity: 0.00, Distance: 0.78
2024-07-07 17:58:39,363 - INFO -   Point 5: X: -0.53, Y: 4.24, Z: 0.00, Velocity: 0.00, Distance: 4.27
2024-07-07 17:58:39,363 - INFO - -----------------------End Detected Points ---------------------------:
2024-07-07 17:58:39,463 - INFO - -----------------------Start Frame Header ---------------------------:
2024-07-07 17:58:39,463 - INFO -   Magic Word: 0201040306050807
2024-07-07 17:58:39,463 - INFO -   Version: 50659332 (decoded: 03.05.00.04)
2024-07-07 17:58:39,463 - INFO -   Total Packet Length: 768 bytes
2024-07-07 17:58:39,463 - INFO -   Platform: 0xA6843
2024-07-07 17:58:39,463 - INFO -   Frame Number: 135
2024-07-07 17:58:39,463 - INFO -   Time [CPU Cycles]: 3953865111
2024-07-07 17:58:39,463 - INFO -   Number of Detected Objects: 6
2024-07-07 17:58:39,463 - INFO -   Number of TLVs: 5
2024-07-07 17:58:39,463 - INFO -   Subframe Number: 0
2024-07-07 17:58:39,463 - INFO - -----------------------End Frame Header -----------------------------:
2024-07-07 17:58:39,463 - ERROR - Error unpacking point data: unpack requires a buffer of 16 bytes
2024-07-07 17:58:39,463 - INFO - -----------------------Detected Points ---------------------------:
2024-07-07 17:58:39,463 - INFO -   Point 1: X: -0.36, Y: 0.49, Z: 0.00, Velocity: 0.00, Distance: 0.61
2024-07-07 17:58:39,463 - INFO -   Point 2: X: -0.57, Y: 0.21, Z: 0.00, Velocity: 0.00, Distance: 0.61
2024-07-07 17:58:39,463 - INFO -   Point 3: X: -0.54, Y: 0.57, Z: 0.00, Velocity: 0.00, Distance: 0.78
2024-07-07 17:58:39,463 - INFO -   Point 4: X: 0.29, Y: 0.73, Z: 0.00, Velocity: 0.00, Distance: 0.78
2024-07-07 17:58:39,463 - INFO -   Point 5: X: -0.53, Y: 4.24, Z: 0.00, Velocity: 0.00, Distance: 4.27
2024-07-07 17:58:39,463 - INFO - -----------------------End Detected Points ---------------------------:
2024-07-07 17:58:39,563 - INFO - -----------------------Start Frame Header ---------------------------:
2024-07-07 17:58:39,563 - INFO -   Magic Word: 0201040306050807
2024-07-07 17:58:39,563 - INFO -   Version: 50659332 (decoded: 03.05.00.04)
2024-07-07 17:58:39,563 - INFO -   Total Packet Length: 768 bytes
2024-07-07 17:58:39,563 - INFO -   Platform: 0xA6843
2024-07-07 17:58:39,563 - INFO -   Frame Number: 136
2024-07-07 17:58:39,563 - INFO -   Time [CPU Cycles]: 3973865693
2024-07-07 17:58:39,563 - INFO -   Number of Detected Objects: 6
2024-07-07 17:58:39,563 - INFO -   Number of TLVs: 5
2024-07-07 17:58:39,563 - INFO -   Subframe Number: 0
2024-07-07 17:58:39,563 - INFO - -----------------------End Frame Header -----------------------------:
2024-07-07 17:58:39,563 - ERROR - Error unpacking point data: unpack requires a buffer of 16 bytes
2024-07-07 17:58:39,563 - INFO - -----------------------Detected Points ---------------------------:
2024-07-07 17:58:39,563 - INFO -   Point 1: X: -0.36, Y: 0.49, Z: 0.00, Velocity: 0.00, Distance: 0.61
2024-07-07 17:58:39,563 - INFO -   Point 2: X: -0.57, Y: 0.21, Z: 0.00, Velocity: 0.00, Distance: 0.61
2024-07-07 17:58:39,563 - INFO -   Point 3: X: -0.54, Y: 0.57, Z: 0.00, Velocity: 0.00, Distance: 0.78
2024-07-07 17:58:39,563 - INFO -   Point 4: X: 0.29, Y: 0.73, Z: 0.00, Velocity: 0.00, Distance: 0.78
2024-07-07 17:58:39,563 - INFO -   Point 5: X: -0.53, Y: 4.24, Z: 0.00, Velocity: 0.00, Distance: 4.27
2024-07-07 17:58:39,563 - INFO - -----------------------End Detected Points ---------------------------:
2024-07-07 17:58:39,663 - INFO - -----------------------Start Frame Header ---------------------------:
2024-07-07 17:58:39,663 - INFO -   Magic Word: 0201040306050807
2024-07-07 17:58:39,663 - INFO -   Version: 50659332 (decoded: 03.05.00.04)
2024-07-07 17:58:39,663 - INFO -   Total Packet Length: 832 bytes
2024-07-07 17:58:39,663 - INFO -   Platform: 0xA6843
2024-07-07 17:58:39,663 - INFO -   Frame Number: 137
2024-07-07 17:58:39,663 - INFO -   Time [CPU Cycles]: 3993869048
2024-07-07 17:58:39,663 - INFO -   Number of Detected Objects: 8
2024-07-07 17:58:39,663 - INFO -   Number of TLVs: 5
2024-07-07 17:58:39,663 - INFO -   Subframe Number: 0
2024-07-07 17:58:39,663 - INFO - -----------------------End Frame Header -----------------------------:
2024-07-07 17:58:39,663 - ERROR - Error unpacking point data: unpack requires a buffer of 16 bytes
2024-07-07 17:58:39,663 - ERROR - Error unpacking point data: unpack requires a buffer of 16 bytes
2024-07-07 17:58:39,663 - ERROR - Error unpacking point data: unpack requires a buffer of 16 bytes
2024-07-07 17:58:39,663 - INFO - -----------------------Detected Points ---------------------------:
2024-07-07 17:58:39,663 - INFO -   Point 1: X: -0.36, Y: 0.49, Z: 0.00, Velocity: 0.00, Distance: 0.61
2024-07-07 17:58:39,663 - INFO -   Point 2: X: -0.57, Y: 0.21, Z: 0.00, Velocity: 0.00, Distance: 0.61
2024-07-07 17:58:39,663 - INFO -   Point 3: X: -0.54, Y: 0.57, Z: 0.00, Velocity: 0.00, Distance: 0.78
2024-07-07 17:58:39,663 - INFO -   Point 4: X: 0.29, Y: 0.73, Z: 0.00, Velocity: 0.00, Distance: 0.78
2024-07-07 17:58:39,663 - INFO -   Point 5: X: -0.53, Y: 4.24, Z: 0.00, Velocity: 0.00, Distance: 4.27
2024-07-07 17:58:39,663 - INFO - -----------------------End Detected Points ---------------------------:
2024-07-07 17:58:39,763 - INFO - -----------------------Start Frame Header ---------------------------:
2024-07-07 17:58:39,763 - INFO -   Magic Word: 0201040306050807
2024-07-07 17:58:39,763 - INFO -   Version: 50659332 (decoded: 03.05.00.04)
2024-07-07 17:58:39,763 - INFO -   Total Packet Length: 832 bytes
2024-07-07 17:58:39,763 - INFO -   Platform: 0xA6843
2024-07-07 17:58:39,763 - INFO -   Frame Number: 138
2024-07-07 17:58:39,763 - INFO -   Time [CPU Cycles]: 4013868841
2024-07-07 17:58:39,763 - INFO -   Number of Detected Objects: 8
2024-07-07 17:58:39,763 - INFO -   Number of TLVs: 5
2024-07-07 17:58:39,763 - INFO -   Subframe Number: 0
2024-07-07 17:58:39,763 - INFO - -----------------------End Frame Header -----------------------------:
2024-07-07 17:58:39,763 - ERROR - Error unpacking point data: unpack requires a buffer of 16 bytes
2024-07-07 17:58:39,763 - ERROR - Error unpacking point data: unpack requires a buffer of 16 bytes
2024-07-07 17:58:39,763 - ERROR - Error unpacking point data: unpack requires a buffer of 16 bytes
2024-07-07 17:58:39,763 - INFO - -----------------------Detected Points ---------------------------:
2024-07-07 17:58:39,763 - INFO -   Point 1: X: -0.36, Y: 0.49, Z: 0.00, Velocity: 0.00, Distance: 0.61
2024-07-07 17:58:39,763 - INFO -   Point 2: X: -0.57, Y: 0.21, Z: 0.00, Velocity: 0.00, Distance: 0.61
2024-07-07 17:58:39,763 - INFO -   Point 3: X: -0.54, Y: 0.57, Z: 0.00, Velocity: 0.00, Distance: 0.78
2024-07-07 17:58:39,763 - INFO -   Point 4: X: 0.29, Y: 0.73, Z: 0.00, Velocity: 0.00, Distance: 0.78
2024-07-07 17:58:39,763 - INFO -   Point 5: X: -0.53, Y: 4.24, Z: 0.00, Velocity: 0.00, Distance: 4.27
2024-07-07 17:58:39,763 - INFO - -----------------------End Detected Points ---------------------------:
2024-07-07 17:58:39,863 - INFO - -----------------------Start Frame Header ---------------------------:
2024-07-07 17:58:39,863 - INFO -   Magic Word: 0201040306050807
2024-07-07 17:58:39,863 - INFO -   Version: 50659332 (decoded: 03.05.00.04)
2024-07-07 17:58:39,863 - INFO -   Total Packet Length: 832 bytes
2024-07-07 17:58:39,863 - INFO -   Platform: 0xA6843
2024-07-07 17:58:39,863 - INFO -   Frame Number: 139
2024-07-07 17:58:39,863 - INFO -   Time [CPU Cycles]: 4033869215
2024-07-07 17:58:39,863 - INFO -   Number of Detected Objects: 8
2024-07-07 17:58:39,863 - INFO -   Number of TLVs: 5
2024-07-07 17:58:39,863 - INFO -   Subframe Number: 0
2024-07-07 17:58:39,863 - INFO - -----------------------End Frame Header -----------------------------:
2024-07-07 17:58:39,863 - ERROR - Error unpacking point data: unpack requires a buffer of 16 bytes
2024-07-07 17:58:39,863 - ERROR - Error unpacking point data: unpack requires a buffer of 16 bytes
2024-07-07 17:58:39,863 - ERROR - Error unpacking point data: unpack requires a buffer of 16 bytes
2024-07-07 17:58:39,863 - INFO - -----------------------Detected Points ---------------------------:
2024-07-07 17:58:39,863 - INFO -   Point 1: X: -0.36, Y: 0.49, Z: 0.00, Velocity: 0.00, Distance: 0.61
2024-07-07 17:58:39,863 - INFO -   Point 2: X: -0.57, Y: 0.21, Z: 0.00, Velocity: 0.00, Distance: 0.61
2024-07-07 17:58:39,863 - INFO -   Point 3: X: -0.54, Y: 0.57, Z: 0.00, Velocity: 0.00, Distance: 0.78
2024-07-07 17:58:39,863 - INFO -   Point 4: X: 0.29, Y: 0.73, Z: 0.00, Velocity: 0.00, Distance: 0.78
2024-07-07 17:58:39,863 - INFO -   Point 5: X: -0.53, Y: 4.24, Z: 0.00, Velocity: 0.00, Distance: 4.27
2024-07-07 17:58:39,863 - INFO - -----------------------End Detected Points ---------------------------:
2024-07-07 17:58:39,963 - INFO - -----------------------Start Frame Header ---------------------------:
2024-07-07 17:58:39,963 - INFO -   Magic Word: 0201040306050807
2024-07-07 17:58:39,963 - INFO -   Version: 50659332 (decoded: 03.05.00.04)
2024-07-07 17:58:39,963 - INFO -   Total Packet Length: 736 bytes
2024-07-07 17:58:39,963 - INFO -   Platform: 0xA6843
2024-07-07 17:58:39,963 - INFO -   Frame Number: 140
2024-07-07 17:58:39,963 - INFO -   Time [CPU Cycles]: 4053862090
2024-07-07 17:58:39,963 - INFO -   Number of Detected Objects: 4
2024-07-07 17:58:39,963 - INFO -   Number of TLVs: 5
2024-07-07 17:58:39,963 - INFO -   Subframe Number: 0
2024-07-07 17:58:39,963 - INFO - -----------------------End Frame Header -----------------------------:
2024-07-07 17:58:39,963 - INFO - -----------------------Detected Points ---------------------------:
2024-07-07 17:58:39,963 - INFO -   Point 1: X: -0.36, Y: 0.49, Z: 0.00, Velocity: 0.00, Distance: 0.61
2024-07-07 17:58:39,963 - INFO -   Point 2: X: -0.57, Y: 0.21, Z: 0.00, Velocity: 0.00, Distance: 0.61
2024-07-07 17:58:39,963 - INFO -   Point 3: X: -0.53, Y: 4.24, Z: 0.00, Velocity: 0.00, Distance: 4.27
2024-07-07 17:58:39,963 - INFO -   Point 4: X: -2.94, Y: 3.10, Z: 0.00, Velocity: 0.00, Distance: 4.27
2024-07-07 17:58:39,963 - INFO - -----------------------End Detected Points ---------------------------:
2024-07-07 17:58:40,063 - INFO - -----------------------Start Frame Header ---------------------------:
2024-07-07 17:58:40,063 - INFO -   Magic Word: 0201040306050807
2024-07-07 17:58:40,063 - INFO -   Version: 50659332 (decoded: 03.05.00.04)
2024-07-07 17:58:40,063 - INFO -   Total Packet Length: 736 bytes
2024-07-07 17:58:40,063 - INFO -   Platform: 0xA6843
2024-07-07 17:58:40,063 - INFO -   Frame Number: 141
2024-07-07 17:58:40,063 - INFO -   Time [CPU Cycles]: 4073862129
2024-07-07 17:58:40,063 - INFO -   Number of Detected Objects: 4
2024-07-07 17:58:40,063 - INFO -   Number of TLVs: 5
2024-07-07 17:58:40,063 - INFO -   Subframe Number: 0
2024-07-07 17:58:40,063 - INFO - -----------------------End Frame Header -----------------------------:
2024-07-07 17:58:40,063 - INFO - -----------------------Detected Points ---------------------------:
2024-07-07 17:58:40,063 - INFO -   Point 1: X: -0.36, Y: 0.49, Z: 0.00, Velocity: 0.00, Distance: 0.61
2024-07-07 17:58:40,063 - INFO -   Point 2: X: -0.57, Y: 0.21, Z: 0.00, Velocity: 0.00, Distance: 0.61
2024-07-07 17:58:40,063 - INFO -   Point 3: X: -0.53, Y: 4.24, Z: 0.00, Velocity: 0.00, Distance: 4.27
2024-07-07 17:58:40,063 - INFO -   Point 4: X: -2.94, Y: 3.10, Z: 0.00, Velocity: 0.00, Distance: 4.27
2024-07-07 17:58:40,063 - INFO - -----------------------End Detected Points ---------------------------:
2024-07-07 17:58:40,163 - INFO - -----------------------Start Frame Header ---------------------------:
2024-07-07 17:58:40,163 - INFO -   Magic Word: 0201040306050807
2024-07-07 17:58:40,163 - INFO -   Version: 50659332 (decoded: 03.05.00.04)
2024-07-07 17:58:40,163 - INFO -   Total Packet Length: 768 bytes
2024-07-07 17:58:40,163 - INFO -   Platform: 0xA6843
2024-07-07 17:58:40,163 - INFO -   Frame Number: 142
2024-07-07 17:58:40,163 - INFO -   Time [CPU Cycles]: 4093865871
2024-07-07 17:58:40,163 - INFO -   Number of Detected Objects: 6
2024-07-07 17:58:40,163 - INFO -   Number of TLVs: 5
2024-07-07 17:58:40,163 - INFO -   Subframe Number: 0
2024-07-07 17:58:40,163 - INFO - -----------------------End Frame Header -----------------------------:
2024-07-07 17:58:40,163 - ERROR - Error unpacking point data: unpack requires a buffer of 16 bytes
2024-07-07 17:58:40,163 - INFO - -----------------------Detected Points ---------------------------:
2024-07-07 17:58:40,163 - INFO -   Point 1: X: -0.36, Y: 0.49, Z: 0.00, Velocity: 0.00, Distance: 0.61
2024-07-07 17:58:40,163 - INFO -   Point 2: X: -0.57, Y: 0.21, Z: 0.00, Velocity: 0.00, Distance: 0.61
2024-07-07 17:58:40,163 - INFO -   Point 3: X: -0.53, Y: 4.24, Z: 0.00, Velocity: 0.00, Distance: 4.27
2024-07-07 17:58:40,163 - INFO -   Point 4: X: -2.94, Y: 3.10, Z: 0.00, Velocity: 0.00, Distance: 4.27
2024-07-07 17:58:40,163 - INFO -   Point 5: X: 3.57, Y: 4.46, Z: 0.00, Velocity: 0.00, Distance: 5.71
2024-07-07 17:58:40,163 - INFO - -----------------------End Detected Points ---------------------------:
2024-07-07 17:58:40,263 - INFO - -----------------------Start Frame Header ---------------------------:
2024-07-07 17:58:40,263 - INFO -   Magic Word: 0201040306050807
2024-07-07 17:58:40,263 - INFO -   Version: 50659332 (decoded: 03.05.00.04)
2024-07-07 17:58:40,263 - INFO -   Total Packet Length: 768 bytes
2024-07-07 17:58:40,263 - INFO -   Platform: 0xA6843
2024-07-07 17:58:40,263 - INFO -   Frame Number: 143
2024-07-07 17:58:40,263 - INFO -   Time [CPU Cycles]: 4113865680
2024-07-07 17:58:40,263 - INFO -   Number of Detected Objects: 6
2024-07-07 17:58:40,263 - INFO -   Number of TLVs: 5
2024-07-07 17:58:40,263 - INFO -   Subframe Number: 0
2024-07-07 17:58:40,263 - INFO - -----------------------End Frame Header -----------------------------:
2024-07-07 17:58:40,363 - INFO - -----------------------Start Frame Header ---------------------------:
2024-07-07 17:58:40,363 - INFO -   Magic Word: 0201040306050807
2024-07-07 17:58:40,363 - INFO -   Version: 50659332 (decoded: 03.05.00.04)
2024-07-07 17:58:40,363 - INFO -   Total Packet Length: 768 bytes
2024-07-07 17:58:40,363 - INFO -   Platform: 0xA6843
2024-07-07 17:58:40,363 - INFO -   Frame Number: 144
2024-07-07 17:58:40,363 - INFO -   Time [CPU Cycles]: 4133865078
2024-07-07 17:58:40,363 - INFO -   Number of Detected Objects: 6
2024-07-07 17:58:40,363 - INFO -   Number of TLVs: 5
2024-07-07 17:58:40,363 - INFO -   Subframe Number: 0
2024-07-07 17:58:40,363 - INFO - -----------------------End Frame Header -----------------------------:
2024-07-07 17:58:40,363 - ERROR - Error unpacking point data: unpack requires a buffer of 16 bytes
2024-07-07 17:58:40,363 - INFO - -----------------------Detected Points ---------------------------:
2024-07-07 17:58:40,363 - INFO -   Point 1: X: -0.36, Y: 0.49, Z: 0.00, Velocity: 0.00, Distance: 0.61
2024-07-07 17:58:40,363 - INFO -   Point 2: X: -0.57, Y: 0.21, Z: 0.00, Velocity: 0.00, Distance: 0.61
2024-07-07 17:58:40,363 - INFO -   Point 3: X: -0.54, Y: 0.57, Z: 0.00, Velocity: 0.00, Distance: 0.78
2024-07-07 17:58:40,363 - INFO -   Point 4: X: 0.29, Y: 0.73, Z: 0.00, Velocity: 0.00, Distance: 0.78
2024-07-07 17:58:40,363 - INFO -   Point 5: X: -0.53, Y: 4.24, Z: 0.00, Velocity: 0.00, Distance: 4.27
2024-07-07 17:58:40,363 - INFO - -----------------------End Detected Points ---------------------------:
2024-07-07 17:58:40,463 - INFO - -----------------------Start Frame Header ---------------------------:
2024-07-07 17:58:40,463 - INFO -   Magic Word: 0201040306050807
2024-07-07 17:58:40,463 - INFO -   Version: 50659332 (decoded: 03.05.00.04)
2024-07-07 17:58:40,463 - INFO -   Total Packet Length: 768 bytes
2024-07-07 17:58:40,463 - INFO -   Platform: 0xA6843
2024-07-07 17:58:40,463 - INFO -   Frame Number: 145
2024-07-07 17:58:40,463 - INFO -   Time [CPU Cycles]: 4153865187
2024-07-07 17:58:40,463 - INFO -   Number of Detected Objects: 6
2024-07-07 17:58:40,463 - INFO -   Number of TLVs: 5
2024-07-07 17:58:40,463 - INFO -   Subframe Number: 0
2024-07-07 17:58:40,463 - INFO - -----------------------End Frame Header -----------------------------:
2024-07-07 17:58:40,463 - ERROR - Error unpacking point data: unpack requires a buffer of 16 bytes
2024-07-07 17:58:40,463 - INFO - -----------------------Detected Points ---------------------------:
2024-07-07 17:58:40,463 - INFO -   Point 1: X: -0.36, Y: 0.49, Z: 0.00, Velocity: 0.00, Distance: 0.61
2024-07-07 17:58:40,463 - INFO -   Point 2: X: -0.57, Y: 0.21, Z: 0.00, Velocity: 0.00, Distance: 0.61
2024-07-07 17:58:40,463 - INFO -   Point 3: X: -0.54, Y: 0.57, Z: 0.00, Velocity: 0.00, Distance: 0.78
2024-07-07 17:58:40,463 - INFO -   Point 4: X: 0.29, Y: 0.73, Z: 0.00, Velocity: 0.00, Distance: 0.78
2024-07-07 17:58:40,463 - INFO -   Point 5: X: -0.53, Y: 4.24, Z: 0.00, Velocity: 0.00, Distance: 4.27
2024-07-07 17:58:40,463 - INFO - -----------------------End Detected Points ---------------------------:
2024-07-07 17:58:40,563 - INFO - -----------------------Start Frame Header ---------------------------:
2024-07-07 17:58:40,563 - INFO -   Magic Word: 0201040306050807
2024-07-07 17:58:40,563 - INFO -   Version: 50659332 (decoded: 03.05.00.04)
2024-07-07 17:58:40,563 - INFO -   Total Packet Length: 736 bytes
2024-07-07 17:58:40,563 - INFO -   Platform: 0xA6843
2024-07-07 17:58:40,563 - INFO -   Frame Number: 146
2024-07-07 17:58:40,563 - INFO -   Time [CPU Cycles]: 4173862765
2024-07-07 17:58:40,563 - INFO -   Number of Detected Objects: 4
2024-07-07 17:58:40,563 - INFO -   Number of TLVs: 5
2024-07-07 17:58:40,563 - INFO -   Subframe Number: 0
2024-07-07 17:58:40,563 - INFO - -----------------------End Frame Header -----------------------------:
2024-07-07 17:58:40,563 - INFO - -----------------------Detected Points ---------------------------:
2024-07-07 17:58:40,563 - INFO -   Point 1: X: -0.36, Y: 0.49, Z: 0.00, Velocity: 0.00, Distance: 0.61
2024-07-07 17:58:40,563 - INFO -   Point 2: X: -0.57, Y: 0.21, Z: 0.00, Velocity: 0.00, Distance: 0.61
2024-07-07 17:58:40,563 - INFO -   Point 3: X: -0.53, Y: 4.24, Z: 0.00, Velocity: 0.00, Distance: 4.27
2024-07-07 17:58:40,563 - INFO -   Point 4: X: -2.94, Y: 3.10, Z: 0.00, Velocity: 0.00, Distance: 4.27
2024-07-07 17:58:40,563 - INFO - -----------------------End Detected Points ---------------------------:
2024-07-07 17:58:40,663 - INFO - -----------------------Start Frame Header ---------------------------:
2024-07-07 17:58:40,663 - INFO -   Magic Word: 0201040306050807
2024-07-07 17:58:40,663 - INFO -   Version: 50659332 (decoded: 03.05.00.04)
2024-07-07 17:58:40,663 - INFO -   Total Packet Length: 736 bytes
2024-07-07 17:58:40,663 - INFO -   Platform: 0xA6843
2024-07-07 17:58:40,663 - INFO -   Frame Number: 147
2024-07-07 17:58:40,663 - INFO -   Time [CPU Cycles]: 4193862782
2024-07-07 17:58:40,663 - INFO -   Number of Detected Objects: 4
2024-07-07 17:58:40,663 - INFO -   Number of TLVs: 5
2024-07-07 17:58:40,663 - INFO -   Subframe Number: 0
2024-07-07 17:58:40,663 - INFO - -----------------------End Frame Header -----------------------------:
2024-07-07 17:58:40,663 - INFO - -----------------------Detected Points ---------------------------:
2024-07-07 17:58:40,663 - INFO -   Point 1: X: -0.36, Y: 0.49, Z: 0.00, Velocity: 0.00, Distance: 0.61
2024-07-07 17:58:40,663 - INFO -   Point 2: X: -0.57, Y: 0.21, Z: 0.00, Velocity: 0.00, Distance: 0.61
2024-07-07 17:58:40,663 - INFO -   Point 3: X: -0.53, Y: 4.24, Z: 0.00, Velocity: 0.00, Distance: 4.27
2024-07-07 17:58:40,663 - INFO -   Point 4: X: -2.94, Y: 3.10, Z: 0.00, Velocity: 0.00, Distance: 4.27
2024-07-07 17:58:40,663 - INFO - -----------------------End Detected Points ---------------------------:
2024-07-07 17:58:40,763 - INFO - -----------------------Start Frame Header ---------------------------:
2024-07-07 17:58:40,763 - INFO -   Magic Word: 0201040306050807
2024-07-07 17:58:40,763 - INFO -   Version: 50659332 (decoded: 03.05.00.04)
2024-07-07 17:58:40,763 - INFO -   Total Packet Length: 768 bytes
2024-07-07 17:58:40,763 - INFO -   Platform: 0xA6843
2024-07-07 17:58:40,763 - INFO -   Frame Number: 148
2024-07-07 17:58:40,763 - INFO -   Time [CPU Cycles]: 4213865955
2024-07-07 17:58:40,763 - INFO -   Number of Detected Objects: 6
2024-07-07 17:58:40,763 - INFO -   Number of TLVs: 5
2024-07-07 17:58:40,763 - INFO -   Subframe Number: 0
2024-07-07 17:58:40,763 - INFO - -----------------------End Frame Header -----------------------------:
2024-07-07 17:58:40,763 - ERROR - Error unpacking point data: unpack requires a buffer of 16 bytes
2024-07-07 17:58:40,763 - INFO - -----------------------Detected Points ---------------------------:
2024-07-07 17:58:40,763 - INFO -   Point 1: X: -0.36, Y: 0.49, Z: 0.00, Velocity: 0.00, Distance: 0.61
2024-07-07 17:58:40,763 - INFO -   Point 2: X: -0.57, Y: 0.21, Z: 0.00, Velocity: 0.00, Distance: 0.61
2024-07-07 17:58:40,763 - INFO -   Point 3: X: -0.53, Y: 4.24, Z: 0.00, Velocity: 0.00, Distance: 4.27
2024-07-07 17:58:40,763 - INFO -   Point 4: X: -2.94, Y: 3.10, Z: 0.00, Velocity: 0.00, Distance: 4.27
2024-07-07 17:58:40,763 - INFO -   Point 5: X: 3.57, Y: 4.46, Z: 0.00, Velocity: 0.00, Distance: 5.71
2024-07-07 17:58:40,763 - INFO - -----------------------End Detected Points ---------------------------:
2024-07-07 17:58:40,863 - INFO - -----------------------Start Frame Header ---------------------------:
2024-07-07 17:58:40,863 - INFO -   Magic Word: 0201040306050807
2024-07-07 17:58:40,863 - INFO -   Version: 50659332 (decoded: 03.05.00.04)
2024-07-07 17:58:40,863 - INFO -   Total Packet Length: 832 bytes
2024-07-07 17:58:40,863 - INFO -   Platform: 0xA6843
2024-07-07 17:58:40,863 - INFO -   Frame Number: 149
2024-07-07 17:58:40,863 - INFO -   Time [CPU Cycles]: 4233869448
2024-07-07 17:58:40,863 - INFO -   Number of Detected Objects: 8
2024-07-07 17:58:40,863 - INFO -   Number of TLVs: 5
2024-07-07 17:58:40,863 - INFO -   Subframe Number: 0
2024-07-07 17:58:40,863 - INFO - -----------------------End Frame Header -----------------------------:
2024-07-07 17:58:40,963 - INFO - -----------------------Start Frame Header ---------------------------:
2024-07-07 17:58:40,963 - INFO -   Magic Word: 0201040306050807
2024-07-07 17:58:40,963 - INFO -   Version: 50659332 (decoded: 03.05.00.04)
2024-07-07 17:58:40,963 - INFO -   Total Packet Length: 800 bytes
2024-07-07 17:58:40,963 - INFO -   Platform: 0xA6843
2024-07-07 17:58:40,963 - INFO -   Frame Number: 150
2024-07-07 17:58:40,963 - INFO -   Time [CPU Cycles]: 4253868729
2024-07-07 17:58:40,963 - INFO -   Number of Detected Objects: 7
2024-07-07 17:58:40,963 - INFO -   Number of TLVs: 5
2024-07-07 17:58:40,963 - INFO -   Subframe Number: 0
2024-07-07 17:58:40,963 - INFO - -----------------------End Frame Header -----------------------------:
2024-07-07 17:58:40,963 - ERROR - Error unpacking point data: unpack requires a buffer of 16 bytes
2024-07-07 17:58:40,963 - ERROR - Error unpacking point data: unpack requires a buffer of 16 bytes
2024-07-07 17:58:40,963 - INFO - -----------------------Detected Points ---------------------------:
2024-07-07 17:58:40,963 - INFO -   Point 1: X: -0.36, Y: 0.49, Z: 0.00, Velocity: 0.00, Distance: 0.61
2024-07-07 17:58:40,963 - INFO -   Point 2: X: -0.57, Y: 0.21, Z: 0.00, Velocity: 0.00, Distance: 0.61
2024-07-07 17:58:40,963 - INFO -   Point 3: X: -0.54, Y: 0.57, Z: 0.00, Velocity: 0.00, Distance: 0.78
2024-07-07 17:58:40,963 - INFO -   Point 4: X: 0.27, Y: 0.74, Z: 0.00, Velocity: 0.00, Distance: 0.78
2024-07-07 17:58:40,963 - INFO -   Point 5: X: -0.53, Y: 4.24, Z: 0.00, Velocity: 0.00, Distance: 4.27
2024-07-07 17:58:40,963 - INFO - -----------------------End Detected Points ---------------------------:
2024-07-07 17:58:41,063 - INFO - -----------------------Start Frame Header ---------------------------:
2024-07-07 17:58:41,063 - INFO -   Magic Word: 0201040306050807
2024-07-07 17:58:41,063 - INFO -   Version: 50659332 (decoded: 03.05.00.04)
2024-07-07 17:58:41,063 - INFO -   Total Packet Length: 800 bytes
2024-07-07 17:58:41,063 - INFO -   Platform: 0xA6843
2024-07-07 17:58:41,063 - INFO -   Frame Number: 151
2024-07-07 17:58:41,063 - INFO -   Time [CPU Cycles]: 4273868330
2024-07-07 17:58:41,063 - INFO -   Number of Detected Objects: 7
2024-07-07 17:58:41,063 - INFO -   Number of TLVs: 5
2024-07-07 17:58:41,063 - INFO -   Subframe Number: 0
2024-07-07 17:58:41,063 - INFO - -----------------------End Frame Header -----------------------------:
2024-07-07 17:58:41,063 - ERROR - Error unpacking point data: unpack requires a buffer of 16 bytes
2024-07-07 17:58:41,063 - ERROR - Error unpacking point data: unpack requires a buffer of 16 bytes
2024-07-07 17:58:41,063 - INFO - -----------------------Detected Points ---------------------------:
2024-07-07 17:58:41,063 - INFO -   Point 1: X: -0.36, Y: 0.49, Z: 0.00, Velocity: 0.00, Distance: 0.61
2024-07-07 17:58:41,063 - INFO -   Point 2: X: -0.57, Y: 0.21, Z: 0.00, Velocity: 0.00, Distance: 0.61
2024-07-07 17:58:41,063 - INFO -   Point 3: X: -0.54, Y: 0.57, Z: 0.00, Velocity: 0.00, Distance: 0.78
2024-07-07 17:58:41,063 - INFO -   Point 4: X: 0.27, Y: 0.74, Z: 0.00, Velocity: 0.00, Distance: 0.78
2024-07-07 17:58:41,063 - INFO -   Point 5: X: -0.53, Y: 4.24, Z: 0.00, Velocity: 0.00, Distance: 4.27
2024-07-07 17:58:41,063 - INFO - -----------------------End Detected Points ---------------------------:
2024-07-07 17:58:41,163 - INFO - -----------------------Start Frame Header ---------------------------:
2024-07-07 17:58:41,163 - INFO -   Magic Word: 0201040306050807
2024-07-07 17:58:41,163 - INFO -   Version: 50659332 (decoded: 03.05.00.04)
2024-07-07 17:58:41,163 - INFO -   Total Packet Length: 832 bytes
2024-07-07 17:58:41,163 - INFO -   Platform: 0xA6843
2024-07-07 17:58:41,163 - INFO -   Frame Number: 152
2024-07-07 17:58:41,163 - INFO -   Time [CPU Cycles]: 4293869735
2024-07-07 17:58:41,163 - INFO -   Number of Detected Objects: 8
2024-07-07 17:58:41,163 - INFO -   Number of TLVs: 5
2024-07-07 17:58:41,163 - INFO -   Subframe Number: 0
2024-07-07 17:58:41,163 - INFO - -----------------------End Frame Header -----------------------------:
2024-07-07 17:58:41,263 - INFO - -----------------------Start Frame Header ---------------------------:
2024-07-07 17:58:41,263 - INFO -   Magic Word: 0201040306050807
2024-07-07 17:58:41,263 - INFO -   Version: 50659332 (decoded: 03.05.00.04)
2024-07-07 17:58:41,263 - INFO -   Total Packet Length: 832 bytes
2024-07-07 17:58:41,263 - INFO -   Platform: 0xA6843
2024-07-07 17:58:41,263 - INFO -   Frame Number: 153
2024-07-07 17:58:41,263 - INFO -   Time [CPU Cycles]: 18900799
2024-07-07 17:58:41,263 - INFO -   Number of Detected Objects: 8
2024-07-07 17:58:41,263 - INFO -   Number of TLVs: 5
2024-07-07 17:58:41,263 - INFO -   Subframe Number: 0
2024-07-07 17:58:41,263 - INFO - -----------------------End Frame Header -----------------------------:
2024-07-07 17:58:41,263 - ERROR - Error unpacking point data: unpack requires a buffer of 16 bytes
2024-07-07 17:58:41,263 - ERROR - Error unpacking point data: unpack requires a buffer of 16 bytes
2024-07-07 17:58:41,263 - ERROR - Error unpacking point data: unpack requires a buffer of 16 bytes
2024-07-07 17:58:41,263 - INFO - -----------------------Detected Points ---------------------------:
2024-07-07 17:58:41,263 - INFO -   Point 1: X: -0.36, Y: 0.49, Z: 0.00, Velocity: 0.00, Distance: 0.61
2024-07-07 17:58:41,263 - INFO -   Point 2: X: -0.57, Y: 0.21, Z: 0.00, Velocity: 0.00, Distance: 0.61
2024-07-07 17:58:41,263 - INFO -   Point 3: X: -0.52, Y: 0.59, Z: 0.00, Velocity: 0.00, Distance: 0.78
2024-07-07 17:58:41,263 - INFO -   Point 4: X: 0.27, Y: 0.74, Z: 0.00, Velocity: 0.00, Distance: 0.78
2024-07-07 17:58:41,263 - INFO -   Point 5: X: -0.53, Y: 4.24, Z: 0.00, Velocity: 0.00, Distance: 4.27
2024-07-07 17:58:41,263 - INFO - -----------------------End Detected Points ---------------------------:
2024-07-07 17:58:41,363 - INFO - -----------------------Start Frame Header ---------------------------:
2024-07-07 17:58:41,363 - INFO -   Magic Word: 0201040306050807
2024-07-07 17:58:41,363 - INFO -   Version: 50659332 (decoded: 03.05.00.04)
2024-07-07 17:58:41,363 - INFO -   Total Packet Length: 768 bytes
2024-07-07 17:58:41,363 - INFO -   Platform: 0xA6843
2024-07-07 17:58:41,363 - INFO -   Frame Number: 154
2024-07-07 17:58:41,363 - INFO -   Time [CPU Cycles]: 38900281
2024-07-07 17:58:41,363 - INFO -   Number of Detected Objects: 6
2024-07-07 17:58:41,363 - INFO -   Number of TLVs: 5
2024-07-07 17:58:41,363 - INFO -   Subframe Number: 0
2024-07-07 17:58:41,363 - INFO - -----------------------End Frame Header -----------------------------:
2024-07-07 17:58:41,363 - ERROR - Error unpacking point data: unpack requires a buffer of 16 bytes
2024-07-07 17:58:41,363 - INFO - -----------------------Detected Points ---------------------------:
2024-07-07 17:58:41,363 - INFO -   Point 1: X: -0.34, Y: 0.50, Z: 0.00, Velocity: 0.00, Distance: 0.61
2024-07-07 17:58:41,363 - INFO -   Point 2: X: -0.57, Y: 0.21, Z: 0.00, Velocity: 0.00, Distance: 0.61
2024-07-07 17:58:41,363 - INFO -   Point 3: X: -0.52, Y: 0.59, Z: 0.00, Velocity: 0.00, Distance: 0.78
2024-07-07 17:58:41,363 - INFO -   Point 4: X: -0.53, Y: 4.24, Z: 0.00, Velocity: 0.00, Distance: 4.27
2024-07-07 17:58:41,363 - INFO -   Point 5: X: -2.94, Y: 3.10, Z: 0.00, Velocity: 0.00, Distance: 4.27
2024-07-07 17:58:41,363 - INFO - -----------------------End Detected Points ---------------------------:
2024-07-07 17:58:41,463 - INFO - -----------------------Start Frame Header ---------------------------:
2024-07-07 17:58:41,463 - INFO -   Magic Word: 0201040306050807
2024-07-07 17:58:41,463 - INFO -   Version: 50659332 (decoded: 03.05.00.04)
2024-07-07 17:58:41,463 - INFO -   Total Packet Length: 800 bytes
2024-07-07 17:58:41,463 - INFO -   Platform: 0xA6843
2024-07-07 17:58:41,463 - INFO -   Frame Number: 155
2024-07-07 17:58:41,463 - INFO -   Time [CPU Cycles]: 58901058
2024-07-07 17:58:41,463 - INFO -   Number of Detected Objects: 7
2024-07-07 17:58:41,463 - INFO -   Number of TLVs: 5
2024-07-07 17:58:41,463 - INFO -   Subframe Number: 0
2024-07-07 17:58:41,463 - INFO - -----------------------End Frame Header -----------------------------:
2024-07-07 17:58:41,463 - ERROR - Error unpacking point data: unpack requires a buffer of 16 bytes
2024-07-07 17:58:41,463 - ERROR - Error unpacking point data: unpack requires a buffer of 16 bytes
2024-07-07 17:58:41,463 - INFO - -----------------------Detected Points ---------------------------:
2024-07-07 17:58:41,463 - INFO -   Point 1: X: -0.34, Y: 0.50, Z: 0.00, Velocity: 0.00, Distance: 0.61
2024-07-07 17:58:41,463 - INFO -   Point 2: X: -0.57, Y: 0.21, Z: 0.00, Velocity: 0.00, Distance: 0.61
2024-07-07 17:58:41,463 - INFO -   Point 3: X: -0.52, Y: 0.59, Z: 0.00, Velocity: 0.00, Distance: 0.78
2024-07-07 17:58:41,463 - INFO -   Point 4: X: -0.53, Y: 4.24, Z: 0.00, Velocity: 0.00, Distance: 4.27
2024-07-07 17:58:41,463 - INFO -   Point 5: X: -2.94, Y: 3.10, Z: 0.00, Velocity: 0.00, Distance: 4.27
2024-07-07 17:58:41,463 - INFO - -----------------------End Detected Points ---------------------------:
2024-07-07 17:58:41,563 - INFO - -----------------------Start Frame Header ---------------------------:
2024-07-07 17:58:41,563 - INFO -   Magic Word: 0201040306050807
2024-07-07 17:58:41,563 - INFO -   Version: 50659332 (decoded: 03.05.00.04)
2024-07-07 17:58:41,563 - INFO -   Total Packet Length: 768 bytes
2024-07-07 17:58:41,563 - INFO -   Platform: 0xA6843
2024-07-07 17:58:41,563 - INFO -   Frame Number: 156
2024-07-07 17:58:41,563 - INFO -   Time [CPU Cycles]: 78897644
2024-07-07 17:58:41,563 - INFO -   Number of Detected Objects: 5
2024-07-07 17:58:41,563 - INFO -   Number of TLVs: 5
2024-07-07 17:58:41,563 - INFO -   Subframe Number: 0
2024-07-07 17:58:41,563 - INFO - -----------------------End Frame Header -----------------------------:
2024-07-07 17:58:41,563 - INFO - -----------------------Detected Points ---------------------------:
2024-07-07 17:58:41,563 - INFO -   Point 1: X: -0.34, Y: 0.50, Z: 0.00, Velocity: 0.00, Distance: 0.61
2024-07-07 17:58:41,563 - INFO -   Point 2: X: -0.57, Y: 0.21, Z: 0.00, Velocity: 0.00, Distance: 0.61
2024-07-07 17:58:41,563 - INFO -   Point 3: X: -0.52, Y: 0.59, Z: 0.00, Velocity: 0.00, Distance: 0.78
2024-07-07 17:58:41,563 - INFO -   Point 4: X: -0.53, Y: 4.24, Z: 0.00, Velocity: 0.00, Distance: 4.27
2024-07-07 17:58:41,563 - INFO -   Point 5: X: -2.94, Y: 3.10, Z: 0.00, Velocity: 0.00, Distance: 4.27
2024-07-07 17:58:41,563 - INFO - -----------------------End Detected Points ---------------------------:
2024-07-07 17:58:41,663 - INFO - -----------------------Start Frame Header ---------------------------:
2024-07-07 17:58:41,663 - INFO -   Magic Word: 0201040306050807
2024-07-07 17:58:41,663 - INFO -   Version: 50659332 (decoded: 03.05.00.04)
2024-07-07 17:58:41,663 - INFO -   Total Packet Length: 768 bytes
2024-07-07 17:58:41,663 - INFO -   Platform: 0xA6843
2024-07-07 17:58:41,663 - INFO -   Frame Number: 157
2024-07-07 17:58:41,663 - INFO -   Time [CPU Cycles]: 98901333
2024-07-07 17:58:41,663 - INFO -   Number of Detected Objects: 6
2024-07-07 17:58:41,663 - INFO -   Number of TLVs: 5
2024-07-07 17:58:41,663 - INFO -   Subframe Number: 0
2024-07-07 17:58:41,663 - INFO - -----------------------End Frame Header -----------------------------:
2024-07-07 17:58:41,663 - ERROR - Error unpacking point data: unpack requires a buffer of 16 bytes
2024-07-07 17:58:41,663 - INFO - -----------------------Detected Points ---------------------------:
2024-07-07 17:58:41,663 - INFO -   Point 1: X: -0.34, Y: 0.50, Z: 0.00, Velocity: 0.00, Distance: 0.61
2024-07-07 17:58:41,663 - INFO -   Point 2: X: -0.57, Y: 0.21, Z: 0.00, Velocity: 0.00, Distance: 0.61
2024-07-07 17:58:41,663 - INFO -   Point 3: X: -0.52, Y: 0.59, Z: 0.00, Velocity: 0.00, Distance: 0.78
2024-07-07 17:58:41,663 - INFO -   Point 4: X: -0.53, Y: 4.24, Z: 0.00, Velocity: 0.00, Distance: 4.27
2024-07-07 17:58:41,663 - INFO -   Point 5: X: -2.94, Y: 3.10, Z: 0.00, Velocity: 0.00, Distance: 4.27
2024-07-07 17:58:41,663 - INFO - -----------------------End Detected Points ---------------------------:
2024-07-07 17:58:41,763 - INFO - -----------------------Start Frame Header ---------------------------:
2024-07-07 17:58:41,763 - INFO -   Magic Word: 0201040306050807
2024-07-07 17:58:41,763 - INFO -   Version: 50659332 (decoded: 03.05.00.04)
2024-07-07 17:58:41,763 - INFO -   Total Packet Length: 800 bytes
2024-07-07 17:58:41,763 - INFO -   Platform: 0xA6843
2024-07-07 17:58:41,763 - INFO -   Frame Number: 158
2024-07-07 17:58:41,763 - INFO -   Time [CPU Cycles]: 118901451
2024-07-07 17:58:41,763 - INFO -   Number of Detected Objects: 7
2024-07-07 17:58:41,763 - INFO -   Number of TLVs: 5
2024-07-07 17:58:41,763 - INFO -   Subframe Number: 0
2024-07-07 17:58:41,763 - INFO - -----------------------End Frame Header -----------------------------:
2024-07-07 17:58:41,863 - INFO - -----------------------Start Frame Header ---------------------------:
2024-07-07 17:58:41,863 - INFO -   Magic Word: 0201040306050807
2024-07-07 17:58:41,863 - INFO -   Version: 50659332 (decoded: 03.05.00.04)
2024-07-07 17:58:41,863 - INFO -   Total Packet Length: 832 bytes
2024-07-07 17:58:41,863 - INFO -   Platform: 0xA6843
2024-07-07 17:58:41,863 - INFO -   Frame Number: 159
2024-07-07 17:58:41,863 - INFO -   Time [CPU Cycles]: 138901655
2024-07-07 17:58:41,863 - INFO -   Number of Detected Objects: 8
2024-07-07 17:58:41,863 - INFO -   Number of TLVs: 5
2024-07-07 17:58:41,863 - INFO -   Subframe Number: 0
2024-07-07 17:58:41,863 - INFO - -----------------------End Frame Header -----------------------------:
2024-07-07 17:58:41,863 - ERROR - Error unpacking point data: unpack requires a buffer of 16 bytes
2024-07-07 17:58:41,863 - ERROR - Error unpacking point data: unpack requires a buffer of 16 bytes
2024-07-07 17:58:41,863 - ERROR - Error unpacking point data: unpack requires a buffer of 16 bytes
2024-07-07 17:58:41,863 - ERROR - Error unpacking point data: unpack requires a buffer of 16 bytes
2024-07-07 17:58:41,863 - ERROR - Error unpacking point data: unpack requires a buffer of 16 bytes
2024-07-07 17:58:41,863 - ERROR - Error unpacking point data: unpack requires a buffer of 16 bytes
2024-07-07 17:58:41,863 - ERROR - Error unpacking point data: unpack requires a buffer of 16 bytes
2024-07-07 17:58:41,863 - ERROR - Error unpacking point data: unpack requires a buffer of 16 bytes
2024-07-07 17:58:41,863 - INFO - -----------------------Detected Points ---------------------------:
2024-07-07 17:58:41,863 - INFO - -----------------------End Detected Points ---------------------------:
2024-07-07 17:58:41,963 - INFO - -----------------------Start Frame Header ---------------------------:
2024-07-07 17:58:41,963 - INFO -   Magic Word: 0201040306050807
2024-07-07 17:58:41,963 - INFO -   Version: 50659332 (decoded: 03.05.00.04)
2024-07-07 17:58:41,963 - INFO -   Total Packet Length: 768 bytes
2024-07-07 17:58:41,963 - INFO -   Platform: 0xA6843
2024-07-07 17:58:41,963 - INFO -   Frame Number: 160
2024-07-07 17:58:41,963 - INFO -   Time [CPU Cycles]: 158898577
2024-07-07 17:58:41,963 - INFO -   Number of Detected Objects: 6
2024-07-07 17:58:41,963 - INFO -   Number of TLVs: 5
2024-07-07 17:58:41,963 - INFO -   Subframe Number: 0
2024-07-07 17:58:41,963 - INFO - -----------------------End Frame Header -----------------------------:
2024-07-07 17:58:41,963 - ERROR - Error unpacking point data: unpack requires a buffer of 16 bytes
2024-07-07 17:58:41,963 - INFO - -----------------------Detected Points ---------------------------:
2024-07-07 17:58:41,963 - INFO -   Point 1: X: -0.36, Y: 0.49, Z: 0.00, Velocity: 0.00, Distance: 0.61
2024-07-07 17:58:41,963 - INFO -   Point 2: X: -0.57, Y: 0.21, Z: 0.00, Velocity: 0.00, Distance: 0.61
2024-07-07 17:58:41,963 - INFO -   Point 3: X: -0.53, Y: 4.24, Z: 0.00, Velocity: 0.00, Distance: 4.27
2024-07-07 17:58:41,963 - INFO -   Point 4: X: -2.94, Y: 3.10, Z: 0.00, Velocity: 0.00, Distance: 4.27
2024-07-07 17:58:41,963 - INFO -   Point 5: X: 3.57, Y: 4.46, Z: 0.00, Velocity: 0.00, Distance: 5.71
2024-07-07 17:58:41,963 - INFO - -----------------------End Detected Points ---------------------------:
2024-07-07 17:58:42,063 - INFO - -----------------------Start Frame Header ---------------------------:
2024-07-07 17:58:42,063 - INFO -   Magic Word: 0201040306050807
2024-07-07 17:58:42,063 - INFO -   Version: 50659332 (decoded: 03.05.00.04)
2024-07-07 17:58:42,063 - INFO -   Total Packet Length: 768 bytes
2024-07-07 17:58:42,063 - INFO -   Platform: 0xA6843
2024-07-07 17:58:42,063 - INFO -   Frame Number: 161
2024-07-07 17:58:42,063 - INFO -   Time [CPU Cycles]: 178898198
2024-07-07 17:58:42,063 - INFO -   Number of Detected Objects: 6
2024-07-07 17:58:42,063 - INFO -   Number of TLVs: 5
2024-07-07 17:58:42,063 - INFO -   Subframe Number: 0
2024-07-07 17:58:42,063 - INFO - -----------------------End Frame Header -----------------------------:
2024-07-07 17:58:42,163 - INFO - -----------------------Start Frame Header ---------------------------:
2024-07-07 17:58:42,163 - INFO -   Magic Word: 0201040306050807
2024-07-07 17:58:42,163 - INFO -   Version: 50659332 (decoded: 03.05.00.04)
2024-07-07 17:58:42,163 - INFO -   Total Packet Length: 736 bytes
2024-07-07 17:58:42,163 - INFO -   Platform: 0xA6843
2024-07-07 17:58:42,163 - INFO -   Frame Number: 162
2024-07-07 17:58:42,163 - INFO -   Time [CPU Cycles]: 198895420
2024-07-07 17:58:42,163 - INFO -   Number of Detected Objects: 4
2024-07-07 17:58:42,163 - INFO -   Number of TLVs: 5
2024-07-07 17:58:42,163 - INFO -   Subframe Number: 0
2024-07-07 17:58:42,163 - INFO - -----------------------End Frame Header -----------------------------:
2024-07-07 17:58:42,163 - INFO - -----------------------Detected Points ---------------------------:
2024-07-07 17:58:42,163 - INFO -   Point 1: X: -0.36, Y: 0.49, Z: 0.00, Velocity: 0.00, Distance: 0.61
2024-07-07 17:58:42,163 - INFO -   Point 2: X: -0.57, Y: 0.21, Z: 0.00, Velocity: 0.00, Distance: 0.61
2024-07-07 17:58:42,163 - INFO -   Point 3: X: -0.53, Y: 4.24, Z: 0.00, Velocity: 0.00, Distance: 4.27
2024-07-07 17:58:42,163 - INFO -   Point 4: X: -2.94, Y: 3.10, Z: 0.00, Velocity: 0.00, Distance: 4.27
2024-07-07 17:58:42,163 - INFO - -----------------------End Detected Points ---------------------------:
2024-07-07 17:58:42,263 - INFO - -----------------------Start Frame Header ---------------------------:
2024-07-07 17:58:42,263 - INFO -   Magic Word: 0201040306050807
2024-07-07 17:58:42,263 - INFO -   Version: 50659332 (decoded: 03.05.00.04)
2024-07-07 17:58:42,263 - INFO -   Total Packet Length: 736 bytes
2024-07-07 17:58:42,263 - INFO -   Platform: 0xA6843
2024-07-07 17:58:42,263 - INFO -   Frame Number: 163
2024-07-07 17:58:42,263 - INFO -   Time [CPU Cycles]: 218895456
2024-07-07 17:58:42,263 - INFO -   Number of Detected Objects: 4
2024-07-07 17:58:42,263 - INFO -   Number of TLVs: 5
2024-07-07 17:58:42,263 - INFO -   Subframe Number: 0
2024-07-07 17:58:42,263 - INFO - -----------------------End Frame Header -----------------------------:
2024-07-07 17:58:42,263 - INFO - -----------------------Detected Points ---------------------------:
2024-07-07 17:58:42,263 - INFO -   Point 1: X: -0.36, Y: 0.49, Z: 0.00, Velocity: 0.00, Distance: 0.61
2024-07-07 17:58:42,263 - INFO -   Point 2: X: -0.57, Y: 0.21, Z: 0.00, Velocity: 0.00, Distance: 0.61
2024-07-07 17:58:42,263 - INFO -   Point 3: X: -0.53, Y: 4.24, Z: 0.00, Velocity: 0.00, Distance: 4.27
2024-07-07 17:58:42,263 - INFO -   Point 4: X: -2.94, Y: 3.10, Z: 0.00, Velocity: 0.00, Distance: 4.27
2024-07-07 17:58:42,263 - INFO - -----------------------End Detected Points ---------------------------:
2024-07-07 17:58:42,363 - INFO - -----------------------Start Frame Header ---------------------------:
2024-07-07 17:58:42,363 - INFO -   Magic Word: 0201040306050807
2024-07-07 17:58:42,363 - INFO -   Version: 50659332 (decoded: 03.05.00.04)
2024-07-07 17:58:42,363 - INFO -   Total Packet Length: 768 bytes
2024-07-07 17:58:42,363 - INFO -   Platform: 0xA6843
2024-07-07 17:58:42,363 - INFO -   Frame Number: 164
2024-07-07 17:58:42,363 - INFO -   Time [CPU Cycles]: 238898524
2024-07-07 17:58:42,363 - INFO -   Number of Detected Objects: 6
2024-07-07 17:58:42,363 - INFO -   Number of TLVs: 5
2024-07-07 17:58:42,363 - INFO -   Subframe Number: 0
2024-07-07 17:58:42,363 - INFO - -----------------------End Frame Header -----------------------------:
2024-07-07 17:58:42,363 - ERROR - Error unpacking point data: unpack requires a buffer of 16 bytes
2024-07-07 17:58:42,363 - ERROR - Error unpacking point data: unpack requires a buffer of 16 bytes
2024-07-07 17:58:42,363 - ERROR - Error unpacking point data: unpack requires a buffer of 16 bytes
2024-07-07 17:58:42,363 - ERROR - Error unpacking point data: unpack requires a buffer of 16 bytes
2024-07-07 17:58:42,363 - ERROR - Error unpacking point data: unpack requires a buffer of 16 bytes
2024-07-07 17:58:42,363 - INFO - -----------------------Detected Points ---------------------------:
2024-07-07 17:58:42,363 - INFO -   Point 1: X: -0.36, Y: 0.49, Z: 0.00, Velocity: 0.00, Distance: 0.61
2024-07-07 17:58:42,363 - INFO - -----------------------End Detected Points ---------------------------:
2024-07-07 17:58:42,463 - INFO - -----------------------Start Frame Header ---------------------------:
2024-07-07 17:58:42,463 - INFO -   Magic Word: 0201040306050807
2024-07-07 17:58:42,463 - INFO -   Version: 50659332 (decoded: 03.05.00.04)
2024-07-07 17:58:42,463 - INFO -   Total Packet Length: 768 bytes
2024-07-07 17:58:42,463 - INFO -   Platform: 0xA6843
2024-07-07 17:58:42,463 - INFO -   Frame Number: 165
2024-07-07 17:58:42,463 - INFO -   Time [CPU Cycles]: 258898533
2024-07-07 17:58:42,463 - INFO -   Number of Detected Objects: 6
2024-07-07 17:58:42,463 - INFO -   Number of TLVs: 5
2024-07-07 17:58:42,463 - INFO -   Subframe Number: 0
2024-07-07 17:58:42,463 - INFO - -----------------------End Frame Header -----------------------------:
2024-07-07 17:58:42,463 - ERROR - Error unpacking point data: unpack requires a buffer of 16 bytes
2024-07-07 17:58:42,463 - INFO - -----------------------Detected Points ---------------------------:
2024-07-07 17:58:42,463 - INFO -   Point 1: X: -0.36, Y: 0.49, Z: 0.00, Velocity: 0.00, Distance: 0.61
2024-07-07 17:58:42,463 - INFO -   Point 2: X: -0.57, Y: 0.21, Z: 0.00, Velocity: 0.00, Distance: 0.61
2024-07-07 17:58:42,463 - INFO -   Point 3: X: -0.53, Y: 4.24, Z: 0.00, Velocity: 0.00, Distance: 4.27
2024-07-07 17:58:42,463 - INFO -   Point 4: X: -2.94, Y: 3.10, Z: 0.00, Velocity: 0.00, Distance: 4.27
2024-07-07 17:58:42,463 - INFO -   Point 5: X: 3.57, Y: 4.46, Z: 0.00, Velocity: 0.00, Distance: 5.71
2024-07-07 17:58:42,463 - INFO - -----------------------End Detected Points ---------------------------:
2024-07-07 17:58:42,562 - INFO - -----------------------Start Frame Header ---------------------------:
2024-07-07 17:58:42,563 - INFO -   Magic Word: 0201040306050807
2024-07-07 17:58:42,563 - INFO -   Version: 50659332 (decoded: 03.05.00.04)
2024-07-07 17:58:42,563 - INFO -   Total Packet Length: 736 bytes
2024-07-07 17:58:42,563 - INFO -   Platform: 0xA6843
2024-07-07 17:58:42,563 - INFO -   Frame Number: 166
2024-07-07 17:58:42,563 - INFO -   Time [CPU Cycles]: 278895597
2024-07-07 17:58:42,563 - INFO -   Number of Detected Objects: 4
2024-07-07 17:58:42,563 - INFO -   Number of TLVs: 5
2024-07-07 17:58:42,563 - INFO -   Subframe Number: 0
2024-07-07 17:58:42,563 - INFO - -----------------------End Frame Header -----------------------------:
2024-07-07 17:58:42,563 - INFO - -----------------------Detected Points ---------------------------:
2024-07-07 17:58:42,563 - INFO -   Point 1: X: -0.36, Y: 0.49, Z: 0.00, Velocity: 0.00, Distance: 0.61
2024-07-07 17:58:42,563 - INFO -   Point 2: X: -0.57, Y: 0.21, Z: 0.00, Velocity: 0.00, Distance: 0.61
2024-07-07 17:58:42,563 - INFO -   Point 3: X: -0.53, Y: 4.24, Z: 0.00, Velocity: 0.00, Distance: 4.27
2024-07-07 17:58:42,563 - INFO -   Point 4: X: -2.94, Y: 3.10, Z: 0.00, Velocity: 0.00, Distance: 4.27
2024-07-07 17:58:42,563 - INFO - -----------------------End Detected Points ---------------------------:
2024-07-07 17:58:42,663 - INFO - -----------------------Start Frame Header ---------------------------:
2024-07-07 17:58:42,663 - INFO -   Magic Word: 0201040306050807
2024-07-07 17:58:42,663 - INFO -   Version: 50659332 (decoded: 03.05.00.04)
2024-07-07 17:58:42,663 - INFO -   Total Packet Length: 768 bytes
2024-07-07 17:58:42,663 - INFO -   Platform: 0xA6843
2024-07-07 17:58:42,663 - INFO -   Frame Number: 167
2024-07-07 17:58:42,663 - INFO -   Time [CPU Cycles]: 298898637
2024-07-07 17:58:42,663 - INFO -   Number of Detected Objects: 6
2024-07-07 17:58:42,663 - INFO -   Number of TLVs: 5
2024-07-07 17:58:42,663 - INFO -   Subframe Number: 0
2024-07-07 17:58:42,663 - INFO - -----------------------End Frame Header -----------------------------:
2024-07-07 17:58:42,663 - ERROR - Error unpacking point data: unpack requires a buffer of 16 bytes
2024-07-07 17:58:42,663 - INFO - -----------------------Detected Points ---------------------------:
2024-07-07 17:58:42,663 - INFO -   Point 1: X: -0.36, Y: 0.49, Z: 0.00, Velocity: 0.00, Distance: 0.61
2024-07-07 17:58:42,663 - INFO -   Point 2: X: -0.57, Y: 0.21, Z: 0.00, Velocity: 0.00, Distance: 0.61
2024-07-07 17:58:42,663 - INFO -   Point 3: X: -0.53, Y: 4.24, Z: 0.00, Velocity: 0.00, Distance: 4.27
2024-07-07 17:58:42,663 - INFO -   Point 4: X: -2.94, Y: 3.10, Z: 0.00, Velocity: 0.00, Distance: 4.27
2024-07-07 17:58:42,663 - INFO -   Point 5: X: 3.57, Y: 4.46, Z: 0.00, Velocity: 0.00, Distance: 5.71
2024-07-07 17:58:42,663 - INFO - -----------------------End Detected Points ---------------------------:
2024-07-07 17:58:42,763 - INFO - -----------------------Start Frame Header ---------------------------:
2024-07-07 17:58:42,763 - INFO -   Magic Word: 0201040306050807
2024-07-07 17:58:42,763 - INFO -   Version: 50659332 (decoded: 03.05.00.04)
2024-07-07 17:58:42,763 - INFO -   Total Packet Length: 736 bytes
2024-07-07 17:58:42,763 - INFO -   Platform: 0xA6843
2024-07-07 17:58:42,763 - INFO -   Frame Number: 168
2024-07-07 17:58:42,763 - INFO -   Time [CPU Cycles]: 318895694
2024-07-07 17:58:42,763 - INFO -   Number of Detected Objects: 4
2024-07-07 17:58:42,763 - INFO -   Number of TLVs: 5
2024-07-07 17:58:42,763 - INFO -   Subframe Number: 0
2024-07-07 17:58:42,763 - INFO - -----------------------End Frame Header -----------------------------:
2024-07-07 17:58:42,763 - INFO - -----------------------Detected Points ---------------------------:
2024-07-07 17:58:42,763 - INFO -   Point 1: X: -0.36, Y: 0.49, Z: 0.00, Velocity: 0.00, Distance: 0.61
2024-07-07 17:58:42,763 - INFO -   Point 2: X: -0.57, Y: 0.21, Z: 0.00, Velocity: 0.00, Distance: 0.61
2024-07-07 17:58:42,763 - INFO -   Point 3: X: -0.53, Y: 4.24, Z: 0.00, Velocity: 0.00, Distance: 4.27
2024-07-07 17:58:42,763 - INFO -   Point 4: X: -2.94, Y: 3.10, Z: 0.00, Velocity: 0.00, Distance: 4.27
2024-07-07 17:58:42,763 - INFO - -----------------------End Detected Points ---------------------------:
2024-07-07 17:58:42,862 - INFO - -----------------------Start Frame Header ---------------------------:
2024-07-07 17:58:42,862 - INFO -   Magic Word: 0201040306050807
2024-07-07 17:58:42,862 - INFO -   Version: 50659332 (decoded: 03.05.00.04)
2024-07-07 17:58:42,862 - INFO -   Total Packet Length: 736 bytes
2024-07-07 17:58:42,862 - INFO -   Platform: 0xA6843
2024-07-07 17:58:42,863 - INFO -   Frame Number: 169
2024-07-07 17:58:42,863 - INFO -   Time [CPU Cycles]: 338895398
2024-07-07 17:58:42,863 - INFO -   Number of Detected Objects: 4
2024-07-07 17:58:42,863 - INFO -   Number of TLVs: 5
2024-07-07 17:58:42,863 - INFO -   Subframe Number: 0
2024-07-07 17:58:42,863 - INFO - -----------------------End Frame Header -----------------------------:
2024-07-07 17:58:42,863 - INFO - -----------------------Detected Points ---------------------------:
2024-07-07 17:58:42,863 - INFO -   Point 1: X: -0.36, Y: 0.49, Z: 0.00, Velocity: 0.00, Distance: 0.61
2024-07-07 17:58:42,863 - INFO -   Point 2: X: -0.57, Y: 0.21, Z: 0.00, Velocity: 0.00, Distance: 0.61
2024-07-07 17:58:42,863 - INFO -   Point 3: X: -0.53, Y: 4.24, Z: 0.00, Velocity: 0.00, Distance: 4.27
2024-07-07 17:58:42,863 - INFO -   Point 4: X: -2.94, Y: 3.10, Z: 0.00, Velocity: 0.00, Distance: 4.27
2024-07-07 17:58:42,863 - INFO - -----------------------End Detected Points ---------------------------:
2024-07-07 17:58:42,963 - INFO - -----------------------Start Frame Header ---------------------------:
2024-07-07 17:58:42,963 - INFO -   Magic Word: 0201040306050807
2024-07-07 17:58:42,963 - INFO -   Version: 50659332 (decoded: 03.05.00.04)
2024-07-07 17:58:42,963 - INFO -   Total Packet Length: 736 bytes
2024-07-07 17:58:42,963 - INFO -   Platform: 0xA6843
2024-07-07 17:58:42,963 - INFO -   Frame Number: 170
2024-07-07 17:58:42,963 - INFO -   Time [CPU Cycles]: 358895110
2024-07-07 17:58:42,963 - INFO -   Number of Detected Objects: 4
2024-07-07 17:58:42,963 - INFO -   Number of TLVs: 5
2024-07-07 17:58:42,963 - INFO -   Subframe Number: 0
2024-07-07 17:58:42,963 - INFO - -----------------------End Frame Header -----------------------------:
2024-07-07 17:58:42,963 - INFO - -----------------------Detected Points ---------------------------:
2024-07-07 17:58:42,963 - INFO -   Point 1: X: -0.36, Y: 0.49, Z: 0.00, Velocity: 0.00, Distance: 0.61
2024-07-07 17:58:42,963 - INFO -   Point 2: X: -0.57, Y: 0.21, Z: 0.00, Velocity: 0.00, Distance: 0.61
2024-07-07 17:58:42,963 - INFO -   Point 3: X: -0.53, Y: 4.24, Z: 0.00, Velocity: 0.00, Distance: 4.27
2024-07-07 17:58:42,963 - INFO -   Point 4: X: -2.94, Y: 3.10, Z: 0.00, Velocity: 0.00, Distance: 4.27
2024-07-07 17:58:42,963 - INFO - -----------------------End Detected Points ---------------------------:
2024-07-07 17:58:43,063 - INFO - -----------------------Start Frame Header ---------------------------:
2024-07-07 17:58:43,063 - INFO -   Magic Word: 0201040306050807
2024-07-07 17:58:43,063 - INFO -   Version: 50659332 (decoded: 03.05.00.04)
2024-07-07 17:58:43,063 - INFO -   Total Packet Length: 736 bytes
2024-07-07 17:58:43,063 - INFO -   Platform: 0xA6843
2024-07-07 17:58:43,063 - INFO -   Frame Number: 171
2024-07-07 17:58:43,063 - INFO -   Time [CPU Cycles]: 378895140
2024-07-07 17:58:43,063 - INFO -   Number of Detected Objects: 4
2024-07-07 17:58:43,063 - INFO -   Number of TLVs: 5
2024-07-07 17:58:43,063 - INFO -   Subframe Number: 0
2024-07-07 17:58:43,063 - INFO - -----------------------End Frame Header -----------------------------:
2024-07-07 17:58:43,063 - INFO - -----------------------Detected Points ---------------------------:
2024-07-07 17:58:43,063 - INFO -   Point 1: X: -0.36, Y: 0.49, Z: 0.00, Velocity: 0.00, Distance: 0.61
2024-07-07 17:58:43,063 - INFO -   Point 2: X: -0.57, Y: 0.21, Z: 0.00, Velocity: 0.00, Distance: 0.61
2024-07-07 17:58:43,063 - INFO -   Point 3: X: -0.53, Y: 4.24, Z: 0.00, Velocity: 0.00, Distance: 4.27
2024-07-07 17:58:43,063 - INFO -   Point 4: X: -2.94, Y: 3.10, Z: 0.00, Velocity: 0.00, Distance: 4.27
2024-07-07 17:58:43,063 - INFO - -----------------------End Detected Points ---------------------------:
2024-07-07 17:58:43,162 - INFO - -----------------------Start Frame Header ---------------------------:
2024-07-07 17:58:43,162 - INFO -   Magic Word: 0201040306050807
2024-07-07 17:58:43,162 - INFO -   Version: 50659332 (decoded: 03.05.00.04)
2024-07-07 17:58:43,162 - INFO -   Total Packet Length: 768 bytes
2024-07-07 17:58:43,162 - INFO -   Platform: 0xA6843
2024-07-07 17:58:43,163 - INFO -   Frame Number: 172
2024-07-07 17:58:43,163 - INFO -   Time [CPU Cycles]: 398898479
2024-07-07 17:58:43,163 - INFO -   Number of Detected Objects: 6
2024-07-07 17:58:43,163 - INFO -   Number of TLVs: 5
2024-07-07 17:58:43,163 - INFO -   Subframe Number: 0
2024-07-07 17:58:43,163 - INFO - -----------------------End Frame Header -----------------------------:
2024-07-07 17:58:43,163 - ERROR - Error unpacking point data: unpack requires a buffer of 16 bytes
2024-07-07 17:58:43,163 - INFO - -----------------------Detected Points ---------------------------:
2024-07-07 17:58:43,163 - INFO -   Point 1: X: -0.36, Y: 0.49, Z: 0.00, Velocity: 0.00, Distance: 0.61
2024-07-07 17:58:43,163 - INFO -   Point 2: X: -0.57, Y: 0.21, Z: 0.00, Velocity: 0.00, Distance: 0.61
2024-07-07 17:58:43,163 - INFO -   Point 3: X: -0.53, Y: 4.24, Z: 0.00, Velocity: 0.00, Distance: 4.27
2024-07-07 17:58:43,163 - INFO -   Point 4: X: -2.94, Y: 3.10, Z: 0.00, Velocity: 0.00, Distance: 4.27
2024-07-07 17:58:43,163 - INFO -   Point 5: X: 3.57, Y: 4.46, Z: 0.00, Velocity: 0.00, Distance: 5.71
2024-07-07 17:58:43,163 - INFO - -----------------------End Detected Points ---------------------------:
2024-07-07 17:58:43,263 - INFO - -----------------------Start Frame Header ---------------------------:
2024-07-07 17:58:43,263 - INFO -   Magic Word: 0201040306050807
2024-07-07 17:58:43,263 - INFO -   Version: 50659332 (decoded: 03.05.00.04)
2024-07-07 17:58:43,263 - INFO -   Total Packet Length: 736 bytes
2024-07-07 17:58:43,263 - INFO -   Platform: 0xA6843
2024-07-07 17:58:43,263 - INFO -   Frame Number: 173
2024-07-07 17:58:43,263 - INFO -   Time [CPU Cycles]: 418895253
2024-07-07 17:58:43,263 - INFO -   Number of Detected Objects: 4
2024-07-07 17:58:43,263 - INFO -   Number of TLVs: 5
2024-07-07 17:58:43,263 - INFO -   Subframe Number: 0
2024-07-07 17:58:43,263 - INFO - -----------------------End Frame Header -----------------------------:
2024-07-07 17:58:43,263 - INFO - -----------------------Detected Points ---------------------------:
2024-07-07 17:58:43,263 - INFO -   Point 1: X: -0.36, Y: 0.49, Z: 0.00, Velocity: 0.00, Distance: 0.61
2024-07-07 17:58:43,263 - INFO -   Point 2: X: -0.57, Y: 0.21, Z: 0.00, Velocity: 0.00, Distance: 0.61
2024-07-07 17:58:43,263 - INFO -   Point 3: X: -0.53, Y: 4.24, Z: 0.00, Velocity: 0.00, Distance: 4.27
2024-07-07 17:58:43,263 - INFO -   Point 4: X: -2.94, Y: 3.10, Z: 0.00, Velocity: 0.00, Distance: 4.27
2024-07-07 17:58:43,263 - INFO - -----------------------End Detected Points ---------------------------:
2024-07-07 17:58:43,363 - INFO - -----------------------Start Frame Header ---------------------------:
2024-07-07 17:58:43,363 - INFO -   Magic Word: 0201040306050807
2024-07-07 17:58:43,363 - INFO -   Version: 50659332 (decoded: 03.05.00.04)
2024-07-07 17:58:43,363 - INFO -   Total Packet Length: 736 bytes
2024-07-07 17:58:43,363 - INFO -   Platform: 0xA6843
2024-07-07 17:58:43,363 - INFO -   Frame Number: 174
2024-07-07 17:58:43,363 - INFO -   Time [CPU Cycles]: 438895383
2024-07-07 17:58:43,363 - INFO -   Number of Detected Objects: 4
2024-07-07 17:58:43,363 - INFO -   Number of TLVs: 5
2024-07-07 17:58:43,363 - INFO -   Subframe Number: 0
2024-07-07 17:58:43,363 - INFO - -----------------------End Frame Header -----------------------------:
2024-07-07 17:58:43,363 - INFO - -----------------------Detected Points ---------------------------:
2024-07-07 17:58:43,363 - INFO -   Point 1: X: -0.36, Y: 0.49, Z: 0.00, Velocity: 0.00, Distance: 0.61
2024-07-07 17:58:43,363 - INFO -   Point 2: X: -0.57, Y: 0.21, Z: 0.00, Velocity: 0.00, Distance: 0.61
2024-07-07 17:58:43,363 - INFO -   Point 3: X: -0.53, Y: 4.24, Z: 0.00, Velocity: 0.00, Distance: 4.27
2024-07-07 17:58:43,363 - INFO -   Point 4: X: -2.94, Y: 3.10, Z: 0.00, Velocity: 0.00, Distance: 4.27
2024-07-07 17:58:43,363 - INFO - -----------------------End Detected Points ---------------------------:
2024-07-07 17:58:43,463 - INFO - -----------------------Start Frame Header ---------------------------:
2024-07-07 17:58:43,463 - INFO -   Magic Word: 0201040306050807
2024-07-07 17:58:43,463 - INFO -   Version: 50659332 (decoded: 03.05.00.04)
2024-07-07 17:58:43,463 - INFO -   Total Packet Length: 736 bytes
2024-07-07 17:58:43,463 - INFO -   Platform: 0xA6843
2024-07-07 17:58:43,463 - INFO -   Frame Number: 175
2024-07-07 17:58:43,463 - INFO -   Time [CPU Cycles]: 458895331
2024-07-07 17:58:43,463 - INFO -   Number of Detected Objects: 4
2024-07-07 17:58:43,463 - INFO -   Number of TLVs: 5
2024-07-07 17:58:43,463 - INFO -   Subframe Number: 0
2024-07-07 17:58:43,463 - INFO - -----------------------End Frame Header -----------------------------:
2024-07-07 17:58:43,463 - INFO - -----------------------Detected Points ---------------------------:
2024-07-07 17:58:43,463 - INFO -   Point 1: X: -0.36, Y: 0.49, Z: 0.00, Velocity: 0.00, Distance: 0.61
2024-07-07 17:58:43,463 - INFO -   Point 2: X: -0.57, Y: 0.21, Z: 0.00, Velocity: 0.00, Distance: 0.61
2024-07-07 17:58:43,463 - INFO -   Point 3: X: -0.53, Y: 4.24, Z: 0.00, Velocity: 0.00, Distance: 4.27
2024-07-07 17:58:43,463 - INFO -   Point 4: X: -2.94, Y: 3.10, Z: 0.00, Velocity: 0.00, Distance: 4.27
2024-07-07 17:58:43,463 - INFO - -----------------------End Detected Points ---------------------------:
2024-07-07 17:58:43,562 - INFO - -----------------------Start Frame Header ---------------------------:
2024-07-07 17:58:43,563 - INFO -   Magic Word: 0201040306050807
2024-07-07 17:58:43,563 - INFO -   Version: 50659332 (decoded: 03.05.00.04)
2024-07-07 17:58:43,563 - INFO -   Total Packet Length: 768 bytes
2024-07-07 17:58:43,563 - INFO -   Platform: 0xA6843
2024-07-07 17:58:43,563 - INFO -   Frame Number: 176
2024-07-07 17:58:43,563 - INFO -   Time [CPU Cycles]: 478898659
2024-07-07 17:58:43,563 - INFO -   Number of Detected Objects: 6
2024-07-07 17:58:43,563 - INFO -   Number of TLVs: 5
2024-07-07 17:58:43,563 - INFO -   Subframe Number: 0
2024-07-07 17:58:43,563 - INFO - -----------------------End Frame Header -----------------------------:
2024-07-07 17:58:43,563 - ERROR - Error unpacking point data: unpack requires a buffer of 16 bytes
2024-07-07 17:58:43,563 - INFO - -----------------------Detected Points ---------------------------:
2024-07-07 17:58:43,563 - INFO -   Point 1: X: -0.36, Y: 0.49, Z: 0.00, Velocity: 0.00, Distance: 0.61
2024-07-07 17:58:43,563 - INFO -   Point 2: X: -0.57, Y: 0.21, Z: 0.00, Velocity: 0.00, Distance: 0.61
2024-07-07 17:58:43,563 - INFO -   Point 3: X: -0.53, Y: 4.24, Z: 0.00, Velocity: 0.00, Distance: 4.27
2024-07-07 17:58:43,563 - INFO -   Point 4: X: -2.94, Y: 3.10, Z: 0.00, Velocity: 0.00, Distance: 4.27
2024-07-07 17:58:43,563 - INFO -   Point 5: X: 3.57, Y: 4.46, Z: 0.00, Velocity: 0.00, Distance: 5.71
2024-07-07 17:58:43,563 - INFO - -----------------------End Detected Points ---------------------------:
2024-07-07 17:58:43,663 - INFO - -----------------------Start Frame Header ---------------------------:
2024-07-07 17:58:43,663 - INFO -   Magic Word: 0201040306050807
2024-07-07 17:58:43,663 - INFO -   Version: 50659332 (decoded: 03.05.00.04)
2024-07-07 17:58:43,663 - INFO -   Total Packet Length: 768 bytes
2024-07-07 17:58:43,663 - INFO -   Platform: 0xA6843
2024-07-07 17:58:43,663 - INFO -   Frame Number: 177
2024-07-07 17:58:43,663 - INFO -   Time [CPU Cycles]: 498898590
2024-07-07 17:58:43,663 - INFO -   Number of Detected Objects: 6
2024-07-07 17:58:43,663 - INFO -   Number of TLVs: 5
2024-07-07 17:58:43,663 - INFO -   Subframe Number: 0
2024-07-07 17:58:43,663 - INFO - -----------------------End Frame Header -----------------------------:
2024-07-07 17:58:43,663 - ERROR - Error unpacking point data: unpack requires a buffer of 16 bytes
2024-07-07 17:58:43,663 - INFO - -----------------------Detected Points ---------------------------:
2024-07-07 17:58:43,663 - INFO -   Point 1: X: -0.36, Y: 0.49, Z: 0.00, Velocity: 0.00, Distance: 0.61
2024-07-07 17:58:43,663 - INFO -   Point 2: X: -0.57, Y: 0.21, Z: 0.00, Velocity: 0.00, Distance: 0.61
2024-07-07 17:58:43,663 - INFO -   Point 3: X: -0.53, Y: 4.24, Z: 0.00, Velocity: 0.00, Distance: 4.27
2024-07-07 17:58:43,663 - INFO -   Point 4: X: -2.94, Y: 3.10, Z: 0.00, Velocity: 0.00, Distance: 4.27
2024-07-07 17:58:43,663 - INFO -   Point 5: X: 3.57, Y: 4.46, Z: 0.00, Velocity: 0.00, Distance: 5.71
2024-07-07 17:58:43,663 - INFO - -----------------------End Detected Points ---------------------------:
2024-07-07 17:58:43,763 - INFO - -----------------------Start Frame Header ---------------------------:
2024-07-07 17:58:43,763 - INFO -   Magic Word: 0201040306050807
2024-07-07 17:58:43,763 - INFO -   Version: 50659332 (decoded: 03.05.00.04)
2024-07-07 17:58:43,763 - INFO -   Total Packet Length: 736 bytes
2024-07-07 17:58:43,763 - INFO -   Platform: 0xA6843
2024-07-07 17:58:43,763 - INFO -   Frame Number: 178
2024-07-07 17:58:43,763 - INFO -   Time [CPU Cycles]: 518895273
2024-07-07 17:58:43,763 - INFO -   Number of Detected Objects: 4
2024-07-07 17:58:43,763 - INFO -   Number of TLVs: 5
2024-07-07 17:58:43,763 - INFO -   Subframe Number: 0
2024-07-07 17:58:43,763 - INFO - -----------------------End Frame Header -----------------------------:
2024-07-07 17:58:43,763 - INFO - -----------------------Detected Points ---------------------------:
2024-07-07 17:58:43,763 - INFO -   Point 1: X: -0.36, Y: 0.49, Z: 0.00, Velocity: 0.00, Distance: 0.61
2024-07-07 17:58:43,763 - INFO -   Point 2: X: -0.57, Y: 0.21, Z: 0.00, Velocity: 0.00, Distance: 0.61
2024-07-07 17:58:43,763 - INFO -   Point 3: X: -0.53, Y: 4.24, Z: 0.00, Velocity: 0.00, Distance: 4.27
2024-07-07 17:58:43,763 - INFO -   Point 4: X: -2.94, Y: 3.10, Z: 0.00, Velocity: 0.00, Distance: 4.27
2024-07-07 17:58:43,763 - INFO - -----------------------End Detected Points ---------------------------:
2024-07-07 17:58:43,862 - INFO - -----------------------Start Frame Header ---------------------------:
2024-07-07 17:58:43,862 - INFO -   Magic Word: 0201040306050807
2024-07-07 17:58:43,862 - INFO -   Version: 50659332 (decoded: 03.05.00.04)
2024-07-07 17:58:43,862 - INFO -   Total Packet Length: 768 bytes
2024-07-07 17:58:43,862 - INFO -   Platform: 0xA6843
2024-07-07 17:58:43,862 - INFO -   Frame Number: 179
2024-07-07 17:58:43,862 - INFO -   Time [CPU Cycles]: 538898521
2024-07-07 17:58:43,862 - INFO -   Number of Detected Objects: 6
2024-07-07 17:58:43,862 - INFO -   Number of TLVs: 5
2024-07-07 17:58:43,862 - INFO -   Subframe Number: 0
2024-07-07 17:58:43,862 - INFO - -----------------------End Frame Header -----------------------------:
2024-07-07 17:58:43,862 - ERROR - Error unpacking point data: unpack requires a buffer of 16 bytes
2024-07-07 17:58:43,862 - INFO - -----------------------Detected Points ---------------------------:
2024-07-07 17:58:43,863 - INFO -   Point 1: X: -0.36, Y: 0.49, Z: 0.00, Velocity: 0.00, Distance: 0.61
2024-07-07 17:58:43,863 - INFO -   Point 2: X: -0.57, Y: 0.21, Z: 0.00, Velocity: 0.00, Distance: 0.61
2024-07-07 17:58:43,863 - INFO -   Point 3: X: -0.53, Y: 4.24, Z: 0.00, Velocity: 0.00, Distance: 4.27
2024-07-07 17:58:43,863 - INFO -   Point 4: X: -2.94, Y: 3.10, Z: 0.00, Velocity: 0.00, Distance: 4.27
2024-07-07 17:58:43,863 - INFO -   Point 5: X: 3.57, Y: 4.46, Z: 0.00, Velocity: 0.00, Distance: 5.71
2024-07-07 17:58:43,863 - INFO - -----------------------End Detected Points ---------------------------:
2024-07-07 17:58:43,963 - INFO - -----------------------Start Frame Header ---------------------------:
2024-07-07 17:58:43,963 - INFO -   Magic Word: 0201040306050807
2024-07-07 17:58:43,963 - INFO -   Version: 50659332 (decoded: 03.05.00.04)
2024-07-07 17:58:43,963 - INFO -   Total Packet Length: 768 bytes
2024-07-07 17:58:43,963 - INFO -   Platform: 0xA6843
2024-07-07 17:58:43,963 - INFO -   Frame Number: 180
2024-07-07 17:58:43,963 - INFO -   Time [CPU Cycles]: 558898426
2024-07-07 17:58:43,963 - INFO -   Number of Detected Objects: 6
2024-07-07 17:58:43,963 - INFO -   Number of TLVs: 5
2024-07-07 17:58:43,963 - INFO -   Subframe Number: 0
2024-07-07 17:58:43,963 - INFO - -----------------------End Frame Header -----------------------------:
2024-07-07 17:58:43,963 - ERROR - Error unpacking point data: unpack requires a buffer of 16 bytes
2024-07-07 17:58:43,963 - INFO - -----------------------Detected Points ---------------------------:
2024-07-07 17:58:43,963 - INFO -   Point 1: X: -0.36, Y: 0.49, Z: 0.00, Velocity: 0.00, Distance: 0.61
2024-07-07 17:58:43,963 - INFO -   Point 2: X: -0.57, Y: 0.21, Z: 0.00, Velocity: 0.00, Distance: 0.61
2024-07-07 17:58:43,963 - INFO -   Point 3: X: -0.53, Y: 4.24, Z: 0.00, Velocity: 0.00, Distance: 4.27
2024-07-07 17:58:43,963 - INFO -   Point 4: X: -2.94, Y: 3.10, Z: 0.00, Velocity: 0.00, Distance: 4.27
2024-07-07 17:58:43,963 - INFO -   Point 5: X: 3.57, Y: 4.46, Z: 0.00, Velocity: 0.00, Distance: 5.71
2024-07-07 17:58:43,963 - INFO - -----------------------End Detected Points ---------------------------:
2024-07-07 17:58:44,063 - INFO - -----------------------Start Frame Header ---------------------------:
2024-07-07 17:58:44,063 - INFO -   Magic Word: 0201040306050807
2024-07-07 17:58:44,063 - INFO -   Version: 50659332 (decoded: 03.05.00.04)
2024-07-07 17:58:44,063 - INFO -   Total Packet Length: 768 bytes
2024-07-07 17:58:44,063 - INFO -   Platform: 0xA6843
2024-07-07 17:58:44,063 - INFO -   Frame Number: 181
2024-07-07 17:58:44,063 - INFO -   Time [CPU Cycles]: 578898192
2024-07-07 17:58:44,063 - INFO -   Number of Detected Objects: 6
2024-07-07 17:58:44,063 - INFO -   Number of TLVs: 5
2024-07-07 17:58:44,063 - INFO -   Subframe Number: 0
2024-07-07 17:58:44,063 - INFO - -----------------------End Frame Header -----------------------------:
2024-07-07 17:58:44,063 - ERROR - Error unpacking point data: unpack requires a buffer of 16 bytes
2024-07-07 17:58:44,063 - INFO - -----------------------Detected Points ---------------------------:
2024-07-07 17:58:44,063 - INFO -   Point 1: X: -0.36, Y: 0.49, Z: 0.00, Velocity: 0.00, Distance: 0.61
2024-07-07 17:58:44,063 - INFO -   Point 2: X: -0.57, Y: 0.21, Z: 0.00, Velocity: 0.00, Distance: 0.61
2024-07-07 17:58:44,063 - INFO -   Point 3: X: -0.53, Y: 4.24, Z: 0.00, Velocity: 0.00, Distance: 4.27
2024-07-07 17:58:44,063 - INFO -   Point 4: X: -2.94, Y: 3.10, Z: 0.00, Velocity: 0.00, Distance: 4.27
2024-07-07 17:58:44,063 - INFO -   Point 5: X: 3.57, Y: 4.46, Z: 0.00, Velocity: 0.00, Distance: 5.71
2024-07-07 17:58:44,063 - INFO - -----------------------End Detected Points ---------------------------:
2024-07-07 17:58:44,163 - INFO - -----------------------Start Frame Header ---------------------------:
2024-07-07 17:58:44,163 - INFO -   Magic Word: 0201040306050807
2024-07-07 17:58:44,163 - INFO -   Version: 50659332 (decoded: 03.05.00.04)
2024-07-07 17:58:44,163 - INFO -   Total Packet Length: 768 bytes
2024-07-07 17:58:44,163 - INFO -   Platform: 0xA6843
2024-07-07 17:58:44,163 - INFO -   Frame Number: 182
2024-07-07 17:58:44,163 - INFO -   Time [CPU Cycles]: 598898585
2024-07-07 17:58:44,163 - INFO -   Number of Detected Objects: 6
2024-07-07 17:58:44,163 - INFO -   Number of TLVs: 5
2024-07-07 17:58:44,163 - INFO -   Subframe Number: 0
2024-07-07 17:58:44,163 - INFO - -----------------------End Frame Header -----------------------------:
2024-07-07 17:58:44,163 - ERROR - Error unpacking point data: unpack requires a buffer of 16 bytes
2024-07-07 17:58:44,163 - INFO - -----------------------Detected Points ---------------------------:
2024-07-07 17:58:44,163 - INFO -   Point 1: X: -0.36, Y: 0.49, Z: 0.00, Velocity: 0.00, Distance: 0.61
2024-07-07 17:58:44,163 - INFO -   Point 2: X: -0.57, Y: 0.21, Z: 0.00, Velocity: 0.00, Distance: 0.61
2024-07-07 17:58:44,163 - INFO -   Point 3: X: -0.53, Y: 4.24, Z: 0.00, Velocity: 0.00, Distance: 4.27
2024-07-07 17:58:44,163 - INFO -   Point 4: X: -2.94, Y: 3.10, Z: 0.00, Velocity: 0.00, Distance: 4.27
2024-07-07 17:58:44,163 - INFO -   Point 5: X: 3.57, Y: 4.46, Z: 0.00, Velocity: 0.00, Distance: 5.71
2024-07-07 17:58:44,163 - INFO - -----------------------End Detected Points ---------------------------:
2024-07-07 17:58:44,262 - INFO - -----------------------Start Frame Header ---------------------------:
2024-07-07 17:58:44,262 - INFO -   Magic Word: 0201040306050807
2024-07-07 17:58:44,262 - INFO -   Version: 50659332 (decoded: 03.05.00.04)
2024-07-07 17:58:44,262 - INFO -   Total Packet Length: 768 bytes
2024-07-07 17:58:44,262 - INFO -   Platform: 0xA6843
2024-07-07 17:58:44,262 - INFO -   Frame Number: 183
2024-07-07 17:58:44,262 - INFO -   Time [CPU Cycles]: 618898760
2024-07-07 17:58:44,262 - INFO -   Number of Detected Objects: 6
2024-07-07 17:58:44,263 - INFO -   Number of TLVs: 5
2024-07-07 17:58:44,263 - INFO -   Subframe Number: 0
2024-07-07 17:58:44,263 - INFO - -----------------------End Frame Header -----------------------------:
2024-07-07 17:58:44,263 - ERROR - Error unpacking point data: unpack requires a buffer of 16 bytes
2024-07-07 17:58:44,263 - INFO - -----------------------Detected Points ---------------------------:
2024-07-07 17:58:44,263 - INFO -   Point 1: X: -0.36, Y: 0.49, Z: 0.00, Velocity: 0.00, Distance: 0.61
2024-07-07 17:58:44,263 - INFO -   Point 2: X: -0.57, Y: 0.21, Z: 0.00, Velocity: 0.00, Distance: 0.61
2024-07-07 17:58:44,263 - INFO -   Point 3: X: -0.53, Y: 4.24, Z: 0.00, Velocity: 0.00, Distance: 4.27
2024-07-07 17:58:44,263 - INFO -   Point 4: X: -2.94, Y: 3.10, Z: 0.00, Velocity: 0.00, Distance: 4.27
2024-07-07 17:58:44,263 - INFO -   Point 5: X: 5.53, Y: 1.42, Z: 0.00, Velocity: 0.00, Distance: 5.71
2024-07-07 17:58:44,263 - INFO - -----------------------End Detected Points ---------------------------:
2024-07-07 17:58:44,363 - INFO - -----------------------Start Frame Header ---------------------------:
2024-07-07 17:58:44,363 - INFO -   Magic Word: 0201040306050807
2024-07-07 17:58:44,363 - INFO -   Version: 50659332 (decoded: 03.05.00.04)
2024-07-07 17:58:44,363 - INFO -   Total Packet Length: 768 bytes
2024-07-07 17:58:44,363 - INFO -   Platform: 0xA6843
2024-07-07 17:58:44,363 - INFO -   Frame Number: 184
2024-07-07 17:58:44,363 - INFO -   Time [CPU Cycles]: 638898198
2024-07-07 17:58:44,363 - INFO -   Number of Detected Objects: 6
2024-07-07 17:58:44,363 - INFO -   Number of TLVs: 5
2024-07-07 17:58:44,363 - INFO -   Subframe Number: 0
2024-07-07 17:58:44,363 - INFO - -----------------------End Frame Header -----------------------------:
2024-07-07 17:58:44,363 - ERROR - Error unpacking point data: unpack requires a buffer of 16 bytes
2024-07-07 17:58:44,363 - INFO - -----------------------Detected Points ---------------------------:
2024-07-07 17:58:44,363 - INFO -   Point 1: X: -0.36, Y: 0.49, Z: 0.00, Velocity: 0.00, Distance: 0.61
2024-07-07 17:58:44,363 - INFO -   Point 2: X: -0.57, Y: 0.21, Z: 0.00, Velocity: 0.00, Distance: 0.61
2024-07-07 17:58:44,363 - INFO -   Point 3: X: -0.53, Y: 4.24, Z: 0.00, Velocity: 0.00, Distance: 4.27
2024-07-07 17:58:44,363 - INFO -   Point 4: X: -2.94, Y: 3.10, Z: 0.00, Velocity: 0.00, Distance: 4.27
2024-07-07 17:58:44,363 - INFO -   Point 5: X: 5.53, Y: 1.42, Z: 0.00, Velocity: 0.00, Distance: 5.71
2024-07-07 17:58:44,363 - INFO - -----------------------End Detected Points ---------------------------:
2024-07-07 17:58:44,463 - INFO - -----------------------Start Frame Header ---------------------------:
2024-07-07 17:58:44,463 - INFO -   Magic Word: 0201040306050807
2024-07-07 17:58:44,463 - INFO -   Version: 50659332 (decoded: 03.05.00.04)
2024-07-07 17:58:44,463 - INFO -   Total Packet Length: 768 bytes
2024-07-07 17:58:44,463 - INFO -   Platform: 0xA6843
2024-07-07 17:58:44,463 - INFO -   Frame Number: 185
2024-07-07 17:58:44,463 - INFO -   Time [CPU Cycles]: 658897888
2024-07-07 17:58:44,463 - INFO -   Number of Detected Objects: 6
2024-07-07 17:58:44,463 - INFO -   Number of TLVs: 5
2024-07-07 17:58:44,463 - INFO -   Subframe Number: 0
2024-07-07 17:58:44,463 - INFO - -----------------------End Frame Header -----------------------------:
2024-07-07 17:58:44,463 - ERROR - Error unpacking point data: unpack requires a buffer of 16 bytes
2024-07-07 17:58:44,463 - INFO - -----------------------Detected Points ---------------------------:
2024-07-07 17:58:44,463 - INFO -   Point 1: X: -0.36, Y: 0.49, Z: 0.00, Velocity: 0.00, Distance: 0.61
2024-07-07 17:58:44,463 - INFO -   Point 2: X: -0.57, Y: 0.21, Z: 0.00, Velocity: 0.00, Distance: 0.61
2024-07-07 17:58:44,463 - INFO -   Point 3: X: -0.53, Y: 4.24, Z: 0.00, Velocity: 0.00, Distance: 4.27
2024-07-07 17:58:44,463 - INFO -   Point 4: X: -2.94, Y: 3.10, Z: 0.00, Velocity: 0.00, Distance: 4.27
2024-07-07 17:58:44,463 - INFO -   Point 5: X: 3.57, Y: 4.46, Z: 0.00, Velocity: 0.00, Distance: 5.71
2024-07-07 17:58:44,463 - INFO - -----------------------End Detected Points ---------------------------:
2024-07-07 17:58:44,562 - INFO - -----------------------Start Frame Header ---------------------------:
2024-07-07 17:58:44,562 - INFO -   Magic Word: 0201040306050807
2024-07-07 17:58:44,562 - INFO -   Version: 50659332 (decoded: 03.05.00.04)
2024-07-07 17:58:44,562 - INFO -   Total Packet Length: 736 bytes
2024-07-07 17:58:44,562 - INFO -   Platform: 0xA6843
2024-07-07 17:58:44,562 - INFO -   Frame Number: 186
2024-07-07 17:58:44,562 - INFO -   Time [CPU Cycles]: 678894610
2024-07-07 17:58:44,563 - INFO -   Number of Detected Objects: 4
2024-07-07 17:58:44,563 - INFO -   Number of TLVs: 5
2024-07-07 17:58:44,563 - INFO -   Subframe Number: 0
2024-07-07 17:58:44,563 - INFO - -----------------------End Frame Header -----------------------------:
2024-07-07 17:58:44,663 - INFO - -----------------------Start Frame Header ---------------------------:
2024-07-07 17:58:44,663 - INFO -   Magic Word: 0201040306050807
2024-07-07 17:58:44,663 - INFO -   Version: 50659332 (decoded: 03.05.00.04)
2024-07-07 17:58:44,663 - INFO -   Total Packet Length: 800 bytes
2024-07-07 17:58:44,663 - INFO -   Platform: 0xA6843
2024-07-07 17:58:44,663 - INFO -   Frame Number: 187
2024-07-07 17:58:44,663 - INFO -   Time [CPU Cycles]: 698900834
2024-07-07 17:58:44,663 - INFO -   Number of Detected Objects: 7
2024-07-07 17:58:44,663 - INFO -   Number of TLVs: 5
2024-07-07 17:58:44,663 - INFO -   Subframe Number: 0
2024-07-07 17:58:44,663 - INFO - -----------------------End Frame Header -----------------------------:
2024-07-07 17:58:44,663 - ERROR - Error unpacking point data: unpack requires a buffer of 16 bytes
2024-07-07 17:58:44,663 - ERROR - Error unpacking point data: unpack requires a buffer of 16 bytes
2024-07-07 17:58:44,663 - INFO - -----------------------Detected Points ---------------------------:
2024-07-07 17:58:44,663 - INFO -   Point 1: X: -0.36, Y: 0.49, Z: 0.00, Velocity: 0.00, Distance: 0.61
2024-07-07 17:58:44,663 - INFO -   Point 2: X: -0.57, Y: 0.21, Z: 0.00, Velocity: 0.00, Distance: 0.61
2024-07-07 17:58:44,663 - INFO -   Point 3: X: -0.52, Y: 0.59, Z: 0.00, Velocity: 0.00, Distance: 0.78
2024-07-07 17:58:44,663 - INFO -   Point 4: X: -0.53, Y: 4.24, Z: 0.00, Velocity: 0.00, Distance: 4.27
2024-07-07 17:58:44,663 - INFO -   Point 5: X: -2.94, Y: 3.10, Z: 0.00, Velocity: 0.00, Distance: 4.27
2024-07-07 17:58:44,663 - INFO - -----------------------End Detected Points ---------------------------:
2024-07-07 17:58:44,763 - INFO - -----------------------Start Frame Header ---------------------------:
2024-07-07 17:58:44,763 - INFO -   Magic Word: 0201040306050807
2024-07-07 17:58:44,763 - INFO -   Version: 50659332 (decoded: 03.05.00.04)
2024-07-07 17:58:44,763 - INFO -   Total Packet Length: 768 bytes
2024-07-07 17:58:44,763 - INFO -   Platform: 0xA6843
2024-07-07 17:58:44,763 - INFO -   Frame Number: 188
2024-07-07 17:58:44,763 - INFO -   Time [CPU Cycles]: 718897309
2024-07-07 17:58:44,763 - INFO -   Number of Detected Objects: 5
2024-07-07 17:58:44,763 - INFO -   Number of TLVs: 5
2024-07-07 17:58:44,763 - INFO -   Subframe Number: 0
2024-07-07 17:58:44,763 - INFO - -----------------------End Frame Header -----------------------------:
2024-07-07 17:58:44,763 - INFO - -----------------------Detected Points ---------------------------:
2024-07-07 17:58:44,763 - INFO -   Point 1: X: -0.34, Y: 0.50, Z: 0.00, Velocity: 0.00, Distance: 0.61
2024-07-07 17:58:44,763 - INFO -   Point 2: X: -0.57, Y: 0.21, Z: 0.00, Velocity: 0.00, Distance: 0.61
2024-07-07 17:58:44,763 - INFO -   Point 3: X: -0.52, Y: 0.59, Z: 0.00, Velocity: 0.00, Distance: 0.78
2024-07-07 17:58:44,763 - INFO -   Point 4: X: -0.53, Y: 4.24, Z: 0.00, Velocity: 0.00, Distance: 4.27
2024-07-07 17:58:44,763 - INFO -   Point 5: X: -2.94, Y: 3.10, Z: 0.00, Velocity: 0.00, Distance: 4.27
2024-07-07 17:58:44,763 - INFO - -----------------------End Detected Points ---------------------------:
2024-07-07 17:58:44,862 - INFO - -----------------------Start Frame Header ---------------------------:
2024-07-07 17:58:44,862 - INFO -   Magic Word: 0201040306050807
2024-07-07 17:58:44,862 - INFO -   Version: 50659332 (decoded: 03.05.00.04)
2024-07-07 17:58:44,863 - INFO -   Total Packet Length: 768 bytes
2024-07-07 17:58:44,863 - INFO -   Platform: 0xA6843
2024-07-07 17:58:44,863 - INFO -   Frame Number: 189
2024-07-07 17:58:44,863 - INFO -   Time [CPU Cycles]: 738897450
2024-07-07 17:58:44,863 - INFO -   Number of Detected Objects: 5
2024-07-07 17:58:44,863 - INFO -   Number of TLVs: 5
2024-07-07 17:58:44,863 - INFO -   Subframe Number: 0
2024-07-07 17:58:44,863 - INFO - -----------------------End Frame Header -----------------------------:
2024-07-07 17:58:44,863 - INFO - -----------------------Detected Points ---------------------------:
2024-07-07 17:58:44,863 - INFO -   Point 1: X: -0.34, Y: 0.50, Z: 0.00, Velocity: 0.00, Distance: 0.61
2024-07-07 17:58:44,863 - INFO -   Point 2: X: -0.57, Y: 0.21, Z: 0.00, Velocity: 0.00, Distance: 0.61
2024-07-07 17:58:44,863 - INFO -   Point 3: X: -0.52, Y: 0.59, Z: 0.00, Velocity: 0.00, Distance: 0.78
2024-07-07 17:58:44,863 - INFO -   Point 4: X: -0.53, Y: 4.24, Z: 0.00, Velocity: 0.00, Distance: 4.27
2024-07-07 17:58:44,863 - INFO -   Point 5: X: -2.94, Y: 3.10, Z: 0.00, Velocity: 0.00, Distance: 4.27
2024-07-07 17:58:44,863 - INFO - -----------------------End Detected Points ---------------------------:
2024-07-07 17:58:44,963 - INFO - -----------------------Start Frame Header ---------------------------:
2024-07-07 17:58:44,963 - INFO -   Magic Word: 0201040306050807
2024-07-07 17:58:44,963 - INFO -   Version: 50659332 (decoded: 03.05.00.04)
2024-07-07 17:58:44,963 - INFO -   Total Packet Length: 800 bytes
2024-07-07 17:58:44,963 - INFO -   Platform: 0xA6843
2024-07-07 17:58:44,963 - INFO -   Frame Number: 190
2024-07-07 17:58:44,963 - INFO -   Time [CPU Cycles]: 758900594
2024-07-07 17:58:44,963 - INFO -   Number of Detected Objects: 7
2024-07-07 17:58:44,963 - INFO -   Number of TLVs: 5
2024-07-07 17:58:44,963 - INFO -   Subframe Number: 0
2024-07-07 17:58:44,963 - INFO - -----------------------End Frame Header -----------------------------:
2024-07-07 17:58:44,963 - ERROR - Error unpacking point data: unpack requires a buffer of 16 bytes
2024-07-07 17:58:44,963 - ERROR - Error unpacking point data: unpack requires a buffer of 16 bytes
2024-07-07 17:58:44,963 - INFO - -----------------------Detected Points ---------------------------:
2024-07-07 17:58:44,963 - INFO -   Point 1: X: -0.34, Y: 0.50, Z: 0.00, Velocity: 0.00, Distance: 0.61
2024-07-07 17:58:44,963 - INFO -   Point 2: X: -0.57, Y: 0.21, Z: 0.00, Velocity: 0.00, Distance: 0.61
2024-07-07 17:58:44,963 - INFO -   Point 3: X: -0.52, Y: 0.59, Z: 0.00, Velocity: 0.00, Distance: 0.78
2024-07-07 17:58:44,963 - INFO -   Point 4: X: -0.53, Y: 4.24, Z: 0.00, Velocity: 0.00, Distance: 4.27
2024-07-07 17:58:44,963 - INFO -   Point 5: X: -2.94, Y: 3.10, Z: 0.00, Velocity: 0.00, Distance: 4.27
2024-07-07 17:58:44,963 - INFO - -----------------------End Detected Points ---------------------------:
2024-07-07 17:58:45,063 - INFO - -----------------------Start Frame Header ---------------------------:
2024-07-07 17:58:45,063 - INFO -   Magic Word: 0201040306050807
2024-07-07 17:58:45,063 - INFO -   Version: 50659332 (decoded: 03.05.00.04)
2024-07-07 17:58:45,063 - INFO -   Total Packet Length: 736 bytes
2024-07-07 17:58:45,063 - INFO -   Platform: 0xA6843
2024-07-07 17:58:45,063 - INFO -   Frame Number: 191
2024-07-07 17:58:45,063 - INFO -   Time [CPU Cycles]: 778894969
2024-07-07 17:58:45,063 - INFO -   Number of Detected Objects: 4
2024-07-07 17:58:45,063 - INFO -   Number of TLVs: 5
2024-07-07 17:58:45,063 - INFO -   Subframe Number: 0
2024-07-07 17:58:45,063 - INFO - -----------------------End Frame Header -----------------------------:
2024-07-07 17:58:45,063 - INFO - -----------------------Detected Points ---------------------------:
2024-07-07 17:58:45,063 - INFO -   Point 1: X: -0.34, Y: 0.50, Z: 0.00, Velocity: 0.00, Distance: 0.61
2024-07-07 17:58:45,063 - INFO -   Point 2: X: -0.57, Y: 0.21, Z: 0.00, Velocity: 0.00, Distance: 0.61
2024-07-07 17:58:45,063 - INFO -   Point 3: X: -0.53, Y: 4.24, Z: 0.00, Velocity: 0.00, Distance: 4.27
2024-07-07 17:58:45,063 - INFO -   Point 4: X: -2.94, Y: 3.10, Z: 0.00, Velocity: 0.00, Distance: 4.27
2024-07-07 17:58:45,063 - INFO - -----------------------End Detected Points ---------------------------:
2024-07-07 17:58:45,162 - INFO - -----------------------Start Frame Header ---------------------------:
2024-07-07 17:58:45,162 - INFO -   Magic Word: 0201040306050807
2024-07-07 17:58:45,162 - INFO -   Version: 50659332 (decoded: 03.05.00.04)
2024-07-07 17:58:45,162 - INFO -   Total Packet Length: 736 bytes
2024-07-07 17:58:45,162 - INFO -   Platform: 0xA6843
2024-07-07 17:58:45,162 - INFO -   Frame Number: 192
2024-07-07 17:58:45,162 - INFO -   Time [CPU Cycles]: 798895490
2024-07-07 17:58:45,163 - INFO -   Number of Detected Objects: 4
2024-07-07 17:58:45,163 - INFO -   Number of TLVs: 5
2024-07-07 17:58:45,163 - INFO -   Subframe Number: 0
2024-07-07 17:58:45,163 - INFO - -----------------------End Frame Header -----------------------------:
2024-07-07 17:58:45,163 - INFO - -----------------------Detected Points ---------------------------:
2024-07-07 17:58:45,163 - INFO -   Point 1: X: -0.34, Y: 0.50, Z: 0.00, Velocity: 0.00, Distance: 0.61
2024-07-07 17:58:45,163 - INFO -   Point 2: X: -0.57, Y: 0.21, Z: 0.00, Velocity: 0.00, Distance: 0.61
2024-07-07 17:58:45,163 - INFO -   Point 3: X: -0.53, Y: 4.24, Z: 0.00, Velocity: 0.00, Distance: 4.27
2024-07-07 17:58:45,163 - INFO -   Point 4: X: -2.94, Y: 3.10, Z: 0.00, Velocity: 0.00, Distance: 4.27
2024-07-07 17:58:45,163 - INFO - -----------------------End Detected Points ---------------------------:
2024-07-07 17:58:45,263 - INFO - -----------------------Start Frame Header ---------------------------:
2024-07-07 17:58:45,263 - INFO -   Magic Word: 0201040306050807
2024-07-07 17:58:45,263 - INFO -   Version: 50659332 (decoded: 03.05.00.04)
2024-07-07 17:58:45,263 - INFO -   Total Packet Length: 768 bytes
2024-07-07 17:58:45,263 - INFO -   Platform: 0xA6843
2024-07-07 17:58:45,263 - INFO -   Frame Number: 193
2024-07-07 17:58:45,263 - INFO -   Time [CPU Cycles]: 818898189
2024-07-07 17:58:45,263 - INFO -   Number of Detected Objects: 5
2024-07-07 17:58:45,263 - INFO -   Number of TLVs: 5
2024-07-07 17:58:45,263 - INFO -   Subframe Number: 0
2024-07-07 17:58:45,263 - INFO - -----------------------End Frame Header -----------------------------:
2024-07-07 17:58:45,263 - INFO - -----------------------Detected Points ---------------------------:
2024-07-07 17:58:45,263 - INFO -   Point 1: X: -0.36, Y: 0.49, Z: 0.00, Velocity: 0.00, Distance: 0.61
2024-07-07 17:58:45,263 - INFO -   Point 2: X: -0.57, Y: 0.21, Z: 0.00, Velocity: 0.00, Distance: 0.61
2024-07-07 17:58:45,263 - INFO -   Point 3: X: -0.46, Y: 0.58, Z: 0.00, Velocity: 0.00, Distance: 0.74
2024-07-07 17:58:45,263 - INFO -   Point 4: X: -0.53, Y: 4.24, Z: 0.00, Velocity: 0.00, Distance: 4.27
2024-07-07 17:58:45,263 - INFO -   Point 5: X: -2.94, Y: 3.10, Z: 0.00, Velocity: 0.00, Distance: 4.27
2024-07-07 17:58:45,263 - INFO - -----------------------End Detected Points ---------------------------:
2024-07-07 17:58:45,363 - INFO - -----------------------Start Frame Header ---------------------------:
2024-07-07 17:58:45,363 - INFO -   Magic Word: 0201040306050807
2024-07-07 17:58:45,363 - INFO -   Version: 50659332 (decoded: 03.05.00.04)
2024-07-07 17:58:45,363 - INFO -   Total Packet Length: 768 bytes
2024-07-07 17:58:45,363 - INFO -   Platform: 0xA6843
2024-07-07 17:58:45,363 - INFO -   Frame Number: 194
2024-07-07 17:58:45,363 - INFO -   Time [CPU Cycles]: 838898276
2024-07-07 17:58:45,363 - INFO -   Number of Detected Objects: 5
2024-07-07 17:58:45,363 - INFO -   Number of TLVs: 5
2024-07-07 17:58:45,363 - INFO -   Subframe Number: 0
2024-07-07 17:58:45,363 - INFO - -----------------------End Frame Header -----------------------------:
2024-07-07 17:58:45,363 - INFO - -----------------------Detected Points ---------------------------:
2024-07-07 17:58:45,363 - INFO -   Point 1: X: -0.36, Y: 0.49, Z: 0.00, Velocity: 0.00, Distance: 0.61
2024-07-07 17:58:45,363 - INFO -   Point 2: X: -0.57, Y: 0.21, Z: 0.00, Velocity: 0.00, Distance: 0.61
2024-07-07 17:58:45,363 - INFO -   Point 3: X: -0.46, Y: 0.58, Z: 0.00, Velocity: 0.00, Distance: 0.74
2024-07-07 17:58:45,363 - INFO -   Point 4: X: -0.53, Y: 4.24, Z: 0.00, Velocity: 0.00, Distance: 4.27
2024-07-07 17:58:45,363 - INFO -   Point 5: X: -2.94, Y: 3.10, Z: 0.00, Velocity: 0.00, Distance: 4.27
2024-07-07 17:58:45,363 - INFO - -----------------------End Detected Points ---------------------------:
2024-07-07 17:58:45,462 - INFO - -----------------------Start Frame Header ---------------------------:
2024-07-07 17:58:45,462 - INFO -   Magic Word: 0201040306050807
2024-07-07 17:58:45,462 - INFO -   Version: 50659332 (decoded: 03.05.00.04)
2024-07-07 17:58:45,462 - INFO -   Total Packet Length: 768 bytes
2024-07-07 17:58:45,462 - INFO -   Platform: 0xA6843
2024-07-07 17:58:45,463 - INFO -   Frame Number: 195
2024-07-07 17:58:45,463 - INFO -   Time [CPU Cycles]: 858898075
2024-07-07 17:58:45,463 - INFO -   Number of Detected Objects: 5
2024-07-07 17:58:45,463 - INFO -   Number of TLVs: 5
2024-07-07 17:58:45,463 - INFO -   Subframe Number: 0
2024-07-07 17:58:45,463 - INFO - -----------------------End Frame Header -----------------------------:
2024-07-07 17:58:45,463 - INFO - -----------------------Detected Points ---------------------------:
2024-07-07 17:58:45,463 - INFO -   Point 1: X: -0.36, Y: 0.49, Z: 0.00, Velocity: 0.00, Distance: 0.61
2024-07-07 17:58:45,463 - INFO -   Point 2: X: -0.57, Y: 0.21, Z: 0.00, Velocity: 0.00, Distance: 0.61
2024-07-07 17:58:45,463 - INFO -   Point 3: X: -0.46, Y: 0.58, Z: 0.00, Velocity: 0.00, Distance: 0.74
2024-07-07 17:58:45,463 - INFO -   Point 4: X: -0.53, Y: 4.24, Z: 0.00, Velocity: 0.00, Distance: 4.27
2024-07-07 17:58:45,463 - INFO -   Point 5: X: -2.94, Y: 3.10, Z: 0.00, Velocity: 0.00, Distance: 4.27
2024-07-07 17:58:45,463 - INFO - -----------------------End Detected Points ---------------------------:
2024-07-07 17:58:45,563 - INFO - -----------------------Start Frame Header ---------------------------:
2024-07-07 17:58:45,563 - INFO -   Magic Word: 0201040306050807
2024-07-07 17:58:45,563 - INFO -   Version: 50659332 (decoded: 03.05.00.04)
2024-07-07 17:58:45,563 - INFO -   Total Packet Length: 768 bytes
2024-07-07 17:58:45,563 - INFO -   Platform: 0xA6843
2024-07-07 17:58:45,563 - INFO -   Frame Number: 196
2024-07-07 17:58:45,563 - INFO -   Time [CPU Cycles]: 878897938
2024-07-07 17:58:45,563 - INFO -   Number of Detected Objects: 5
2024-07-07 17:58:45,563 - INFO -   Number of TLVs: 5
2024-07-07 17:58:45,563 - INFO -   Subframe Number: 0
2024-07-07 17:58:45,563 - INFO - -----------------------End Frame Header -----------------------------:
2024-07-07 17:58:45,563 - INFO - -----------------------Detected Points ---------------------------:
2024-07-07 17:58:45,563 - INFO -   Point 1: X: -0.36, Y: 0.49, Z: 0.00, Velocity: 0.00, Distance: 0.61
2024-07-07 17:58:45,563 - INFO -   Point 2: X: -0.57, Y: 0.21, Z: 0.00, Velocity: 0.00, Distance: 0.61
2024-07-07 17:58:45,563 - INFO -   Point 3: X: -0.46, Y: 0.58, Z: 0.00, Velocity: 0.00, Distance: 0.74
2024-07-07 17:58:45,563 - INFO -   Point 4: X: -0.53, Y: 4.24, Z: 0.00, Velocity: 0.00, Distance: 4.27
2024-07-07 17:58:45,563 - INFO -   Point 5: X: -2.94, Y: 3.10, Z: 0.00, Velocity: 0.00, Distance: 4.27
2024-07-07 17:58:45,563 - INFO - -----------------------End Detected Points ---------------------------:
2024-07-07 17:58:45,662 - INFO - -----------------------Start Frame Header ---------------------------:
2024-07-07 17:58:45,662 - INFO -   Magic Word: 0201040306050807
2024-07-07 17:58:45,662 - INFO -   Version: 50659332 (decoded: 03.05.00.04)
2024-07-07 17:58:45,662 - INFO -   Total Packet Length: 768 bytes
2024-07-07 17:58:45,662 - INFO -   Platform: 0xA6843
2024-07-07 17:58:45,662 - INFO -   Frame Number: 197
2024-07-07 17:58:45,662 - INFO -   Time [CPU Cycles]: 898901359
2024-07-07 17:58:45,662 - INFO -   Number of Detected Objects: 6
2024-07-07 17:58:45,662 - INFO -   Number of TLVs: 5
2024-07-07 17:58:45,663 - INFO -   Subframe Number: 0
2024-07-07 17:58:45,663 - INFO - -----------------------End Frame Header -----------------------------:
2024-07-07 17:58:45,663 - ERROR - Error unpacking point data: unpack requires a buffer of 16 bytes
2024-07-07 17:58:45,663 - INFO - -----------------------Detected Points ---------------------------:
2024-07-07 17:58:45,663 - INFO -   Point 1: X: -0.36, Y: 0.49, Z: 0.00, Velocity: 0.00, Distance: 0.61
2024-07-07 17:58:45,663 - INFO -   Point 2: X: -0.57, Y: 0.21, Z: 0.00, Velocity: 0.00, Distance: 0.61
2024-07-07 17:58:45,663 - INFO -   Point 3: X: -0.46, Y: 0.58, Z: 0.00, Velocity: 0.00, Distance: 0.74
2024-07-07 17:58:45,663 - INFO -   Point 4: X: 0.55, Y: 0.68, Z: 0.00, Velocity: 0.00, Distance: 0.87
2024-07-07 17:58:45,663 - INFO -   Point 5: X: -0.53, Y: 4.24, Z: 0.00, Velocity: 0.00, Distance: 4.27
2024-07-07 17:58:45,663 - INFO - -----------------------End Detected Points ---------------------------:
2024-07-07 17:58:45,762 - INFO - -----------------------Start Frame Header ---------------------------:
2024-07-07 17:58:45,762 - INFO -   Magic Word: 0201040306050807
2024-07-07 17:58:45,762 - INFO -   Version: 50659332 (decoded: 03.05.00.04)
2024-07-07 17:58:45,762 - INFO -   Total Packet Length: 768 bytes
2024-07-07 17:58:45,762 - INFO -   Platform: 0xA6843
2024-07-07 17:58:45,762 - INFO -   Frame Number: 198
2024-07-07 17:58:45,762 - INFO -   Time [CPU Cycles]: 918902344
2024-07-07 17:58:45,763 - INFO -   Number of Detected Objects: 6
2024-07-07 17:58:45,763 - INFO -   Number of TLVs: 5
2024-07-07 17:58:45,763 - INFO -   Subframe Number: 0
2024-07-07 17:58:45,763 - INFO - -----------------------End Frame Header -----------------------------:
2024-07-07 17:58:45,763 - ERROR - Error unpacking point data: unpack requires a buffer of 16 bytes
2024-07-07 17:58:45,763 - INFO - -----------------------Detected Points ---------------------------:
2024-07-07 17:58:45,763 - INFO -   Point 1: X: -0.36, Y: 0.49, Z: 0.00, Velocity: 0.00, Distance: 0.61
2024-07-07 17:58:45,763 - INFO -   Point 2: X: -0.57, Y: 0.21, Z: 0.00, Velocity: 0.00, Distance: 0.61
2024-07-07 17:58:45,763 - INFO -   Point 3: X: -0.46, Y: 0.58, Z: 0.00, Velocity: 0.00, Distance: 0.74
2024-07-07 17:58:45,763 - INFO -   Point 4: X: 0.55, Y: 0.68, Z: 0.00, Velocity: 0.00, Distance: 0.87
2024-07-07 17:58:45,763 - INFO -   Point 5: X: -0.53, Y: 4.24, Z: 0.00, Velocity: 0.00, Distance: 4.27
2024-07-07 17:58:45,763 - INFO - -----------------------End Detected Points ---------------------------:
2024-07-07 17:58:45,863 - INFO - -----------------------Start Frame Header ---------------------------:
2024-07-07 17:58:45,863 - INFO -   Magic Word: 0201040306050807
2024-07-07 17:58:45,863 - INFO -   Version: 50659332 (decoded: 03.05.00.04)
2024-07-07 17:58:45,863 - INFO -   Total Packet Length: 768 bytes
2024-07-07 17:58:45,863 - INFO -   Platform: 0xA6843
2024-07-07 17:58:45,863 - INFO -   Frame Number: 199
2024-07-07 17:58:45,863 - INFO -   Time [CPU Cycles]: 938901147
2024-07-07 17:58:45,863 - INFO -   Number of Detected Objects: 6
2024-07-07 17:58:45,863 - INFO -   Number of TLVs: 5
2024-07-07 17:58:45,863 - INFO -   Subframe Number: 0
2024-07-07 17:58:45,863 - INFO - -----------------------End Frame Header -----------------------------:
2024-07-07 17:58:45,863 - ERROR - Error unpacking point data: unpack requires a buffer of 16 bytes
2024-07-07 17:58:45,863 - INFO - -----------------------Detected Points ---------------------------:
2024-07-07 17:58:45,863 - INFO -   Point 1: X: -0.36, Y: 0.49, Z: 0.00, Velocity: 0.00, Distance: 0.61
2024-07-07 17:58:45,863 - INFO -   Point 2: X: -0.57, Y: 0.21, Z: 0.00, Velocity: 0.00, Distance: 0.61
2024-07-07 17:58:45,863 - INFO -   Point 3: X: -0.46, Y: 0.58, Z: 0.00, Velocity: 0.00, Distance: 0.74
2024-07-07 17:58:45,863 - INFO -   Point 4: X: 0.55, Y: 0.68, Z: 0.00, Velocity: 0.00, Distance: 0.87
2024-07-07 17:58:45,863 - INFO -   Point 5: X: -0.53, Y: 4.24, Z: 0.00, Velocity: 0.00, Distance: 4.27
2024-07-07 17:58:45,863 - INFO - -----------------------End Detected Points ---------------------------:
2024-07-07 17:58:45,963 - INFO - -----------------------Start Frame Header ---------------------------:
2024-07-07 17:58:45,963 - INFO -   Magic Word: 0201040306050807
2024-07-07 17:58:45,963 - INFO -   Version: 50659332 (decoded: 03.05.00.04)
2024-07-07 17:58:45,963 - INFO -   Total Packet Length: 768 bytes
2024-07-07 17:58:45,963 - INFO -   Platform: 0xA6843
2024-07-07 17:58:45,963 - INFO -   Frame Number: 200
2024-07-07 17:58:45,963 - INFO -   Time [CPU Cycles]: 958899098
2024-07-07 17:58:45,963 - INFO -   Number of Detected Objects: 5
2024-07-07 17:58:45,963 - INFO -   Number of TLVs: 5
2024-07-07 17:58:45,963 - INFO -   Subframe Number: 0
2024-07-07 17:58:45,963 - INFO - -----------------------End Frame Header -----------------------------:
2024-07-07 17:58:45,963 - INFO - -----------------------Detected Points ---------------------------:
2024-07-07 17:58:45,963 - INFO -   Point 1: X: -0.36, Y: 0.49, Z: 0.00, Velocity: 0.00, Distance: 0.61
2024-07-07 17:58:45,963 - INFO -   Point 2: X: -0.57, Y: 0.21, Z: 0.00, Velocity: 0.00, Distance: 0.61
2024-07-07 17:58:45,963 - INFO -   Point 3: X: 0.55, Y: 0.68, Z: 0.00, Velocity: 0.00, Distance: 0.87
2024-07-07 17:58:45,963 - INFO -   Point 4: X: -0.53, Y: 4.24, Z: 0.00, Velocity: 0.00, Distance: 4.27
2024-07-07 17:58:45,963 - INFO -   Point 5: X: -2.94, Y: 3.10, Z: 0.00, Velocity: 0.00, Distance: 4.27
2024-07-07 17:58:45,963 - INFO - -----------------------End Detected Points ---------------------------:
2024-07-07 17:58:46,062 - INFO - -----------------------Start Frame Header ---------------------------:
2024-07-07 17:58:46,062 - INFO -   Magic Word: 0201040306050807
2024-07-07 17:58:46,062 - INFO -   Version: 50659332 (decoded: 03.05.00.04)
2024-07-07 17:58:46,062 - INFO -   Total Packet Length: 768 bytes
2024-07-07 17:58:46,062 - INFO -   Platform: 0xA6843
2024-07-07 17:58:46,062 - INFO -   Frame Number: 201
2024-07-07 17:58:46,062 - INFO -   Time [CPU Cycles]: 978897810
2024-07-07 17:58:46,062 - INFO -   Number of Detected Objects: 5
2024-07-07 17:58:46,062 - INFO -   Number of TLVs: 5
2024-07-07 17:58:46,062 - INFO -   Subframe Number: 0
2024-07-07 17:58:46,063 - INFO - -----------------------End Frame Header -----------------------------:
2024-07-07 17:58:46,063 - INFO - -----------------------Detected Points ---------------------------:
2024-07-07 17:58:46,063 - INFO -   Point 1: X: -0.36, Y: 0.49, Z: 0.00, Velocity: 0.00, Distance: 0.61
2024-07-07 17:58:46,063 - INFO -   Point 2: X: -0.57, Y: 0.21, Z: 0.00, Velocity: 0.00, Distance: 0.61
2024-07-07 17:58:46,063 - INFO -   Point 3: X: -0.46, Y: 0.58, Z: 0.00, Velocity: 0.00, Distance: 0.74
2024-07-07 17:58:46,063 - INFO -   Point 4: X: -0.53, Y: 4.24, Z: 0.00, Velocity: 0.00, Distance: 4.27
2024-07-07 17:58:46,063 - INFO -   Point 5: X: -2.94, Y: 3.10, Z: 0.00, Velocity: 0.00, Distance: 4.27
2024-07-07 17:58:46,063 - INFO - -----------------------End Detected Points ---------------------------:
2024-07-07 17:58:46,163 - INFO - -----------------------Start Frame Header ---------------------------:
2024-07-07 17:58:46,163 - INFO -   Magic Word: 0201040306050807
2024-07-07 17:58:46,163 - INFO -   Version: 50659332 (decoded: 03.05.00.04)
2024-07-07 17:58:46,163 - INFO -   Total Packet Length: 800 bytes
2024-07-07 17:58:46,163 - INFO -   Platform: 0xA6843
2024-07-07 17:58:46,163 - INFO -   Frame Number: 202
2024-07-07 17:58:46,163 - INFO -   Time [CPU Cycles]: 998901377
2024-07-07 17:58:46,163 - INFO -   Number of Detected Objects: 7
2024-07-07 17:58:46,163 - INFO -   Number of TLVs: 5
2024-07-07 17:58:46,163 - INFO -   Subframe Number: 0
2024-07-07 17:58:46,163 - INFO - -----------------------End Frame Header -----------------------------:
2024-07-07 17:58:46,163 - ERROR - Error unpacking point data: unpack requires a buffer of 16 bytes
2024-07-07 17:58:46,163 - ERROR - Error unpacking point data: unpack requires a buffer of 16 bytes
2024-07-07 17:58:46,163 - INFO - -----------------------Detected Points ---------------------------:
2024-07-07 17:58:46,163 - INFO -   Point 1: X: -0.36, Y: 0.49, Z: 0.00, Velocity: 0.00, Distance: 0.61
2024-07-07 17:58:46,163 - INFO -   Point 2: X: -0.57, Y: 0.21, Z: 0.00, Velocity: 0.00, Distance: 0.61
2024-07-07 17:58:46,163 - INFO -   Point 3: X: -0.46, Y: 0.58, Z: 0.00, Velocity: 0.00, Distance: 0.74
2024-07-07 17:58:46,163 - INFO -   Point 4: X: -0.53, Y: 4.24, Z: 0.00, Velocity: 0.00, Distance: 4.27
2024-07-07 17:58:46,163 - INFO -   Point 5: X: -2.94, Y: 3.10, Z: 0.00, Velocity: 0.00, Distance: 4.27
2024-07-07 17:58:46,163 - INFO - -----------------------End Detected Points ---------------------------:
2024-07-07 17:58:46,263 - INFO - -----------------------Start Frame Header ---------------------------:
2024-07-07 17:58:46,263 - INFO -   Magic Word: 0201040306050807
2024-07-07 17:58:46,263 - INFO -   Version: 50659332 (decoded: 03.05.00.04)
2024-07-07 17:58:46,263 - INFO -   Total Packet Length: 768 bytes
2024-07-07 17:58:46,263 - INFO -   Platform: 0xA6843
2024-07-07 17:58:46,263 - INFO -   Frame Number: 203
2024-07-07 17:58:46,263 - INFO -   Time [CPU Cycles]: 1018901892
2024-07-07 17:58:46,263 - INFO -   Number of Detected Objects: 6
2024-07-07 17:58:46,263 - INFO -   Number of TLVs: 5
2024-07-07 17:58:46,263 - INFO -   Subframe Number: 0
2024-07-07 17:58:46,263 - INFO - -----------------------End Frame Header -----------------------------:
2024-07-07 17:58:46,362 - INFO - -----------------------Start Frame Header ---------------------------:
2024-07-07 17:58:46,362 - INFO -   Magic Word: 0201040306050807
2024-07-07 17:58:46,362 - INFO -   Version: 50659332 (decoded: 03.05.00.04)
2024-07-07 17:58:46,362 - INFO -   Total Packet Length: 768 bytes
2024-07-07 17:58:46,362 - INFO -   Platform: 0xA6843
2024-07-07 17:58:46,362 - INFO -   Frame Number: 204
2024-07-07 17:58:46,362 - INFO -   Time [CPU Cycles]: 1038900923
2024-07-07 17:58:46,363 - INFO -   Number of Detected Objects: 6
2024-07-07 17:58:46,363 - INFO -   Number of TLVs: 5
2024-07-07 17:58:46,363 - INFO -   Subframe Number: 0
2024-07-07 17:58:46,363 - INFO - -----------------------End Frame Header -----------------------------:
2024-07-07 17:58:46,363 - ERROR - Error unpacking point data: unpack requires a buffer of 16 bytes
2024-07-07 17:58:46,363 - INFO - -----------------------Detected Points ---------------------------:
2024-07-07 17:58:46,363 - INFO -   Point 1: X: -0.36, Y: 0.49, Z: 0.00, Velocity: 0.00, Distance: 0.61
2024-07-07 17:58:46,363 - INFO -   Point 2: X: -0.57, Y: 0.21, Z: 0.00, Velocity: 0.00, Distance: 0.61
2024-07-07 17:58:46,363 - INFO -   Point 3: X: -0.46, Y: 0.58, Z: 0.00, Velocity: 0.00, Distance: 0.74
2024-07-07 17:58:46,363 - INFO -   Point 4: X: 0.57, Y: 0.66, Z: 0.00, Velocity: 0.00, Distance: 0.87
2024-07-07 17:58:46,363 - INFO -   Point 5: X: -0.53, Y: 4.24, Z: 0.00, Velocity: 0.00, Distance: 4.27
2024-07-07 17:58:46,363 - INFO - -----------------------End Detected Points ---------------------------:
2024-07-07 17:58:46,462 - INFO - -----------------------Start Frame Header ---------------------------:
2024-07-07 17:58:46,462 - INFO -   Magic Word: 0201040306050807
2024-07-07 17:58:46,463 - INFO -   Version: 50659332 (decoded: 03.05.00.04)
2024-07-07 17:58:46,463 - INFO -   Total Packet Length: 768 bytes
2024-07-07 17:58:46,463 - INFO -   Platform: 0xA6843
2024-07-07 17:58:46,463 - INFO -   Frame Number: 205
2024-07-07 17:58:46,463 - INFO -   Time [CPU Cycles]: 1058901634
2024-07-07 17:58:46,463 - INFO -   Number of Detected Objects: 6
2024-07-07 17:58:46,463 - INFO -   Number of TLVs: 5
2024-07-07 17:58:46,463 - INFO -   Subframe Number: 0
2024-07-07 17:58:46,463 - INFO - -----------------------End Frame Header -----------------------------:
2024-07-07 17:58:46,463 - ERROR - Error unpacking point data: unpack requires a buffer of 16 bytes
2024-07-07 17:58:46,463 - INFO - -----------------------Detected Points ---------------------------:
2024-07-07 17:58:46,463 - INFO -   Point 1: X: -0.36, Y: 0.49, Z: 0.00, Velocity: 0.00, Distance: 0.61
2024-07-07 17:58:46,463 - INFO -   Point 2: X: -0.57, Y: 0.21, Z: 0.00, Velocity: 0.00, Distance: 0.61
2024-07-07 17:58:46,463 - INFO -   Point 3: X: -0.46, Y: 0.58, Z: 0.00, Velocity: 0.00, Distance: 0.74
2024-07-07 17:58:46,463 - INFO -   Point 4: X: 0.57, Y: 0.66, Z: 0.00, Velocity: 0.00, Distance: 0.87
2024-07-07 17:58:46,463 - INFO -   Point 5: X: -0.53, Y: 4.24, Z: 0.00, Velocity: 0.00, Distance: 4.27
2024-07-07 17:58:46,463 - INFO - -----------------------End Detected Points ---------------------------:
2024-07-07 17:58:46,562 - INFO - -----------------------Start Frame Header ---------------------------:
2024-07-07 17:58:46,562 - INFO -   Magic Word: 0201040306050807
2024-07-07 17:58:46,562 - INFO -   Version: 50659332 (decoded: 03.05.00.04)
2024-07-07 17:58:46,562 - INFO -   Total Packet Length: 800 bytes
2024-07-07 17:58:46,562 - INFO -   Platform: 0xA6843
2024-07-07 17:58:46,562 - INFO -   Frame Number: 206
2024-07-07 17:58:46,562 - INFO -   Time [CPU Cycles]: 1078901603
2024-07-07 17:58:46,562 - INFO -   Number of Detected Objects: 7
2024-07-07 17:58:46,562 - INFO -   Number of TLVs: 5
2024-07-07 17:58:46,563 - INFO -   Subframe Number: 0
2024-07-07 17:58:46,563 - INFO - -----------------------End Frame Header -----------------------------:
2024-07-07 17:58:46,563 - ERROR - Error unpacking point data: unpack requires a buffer of 16 bytes
2024-07-07 17:58:46,563 - ERROR - Error unpacking point data: unpack requires a buffer of 16 bytes
2024-07-07 17:58:46,563 - INFO - -----------------------Detected Points ---------------------------:
2024-07-07 17:58:46,563 - INFO -   Point 1: X: -0.36, Y: 0.49, Z: 0.00, Velocity: 0.00, Distance: 0.61
2024-07-07 17:58:46,563 - INFO -   Point 2: X: -0.57, Y: 0.21, Z: 0.00, Velocity: 0.00, Distance: 0.61
2024-07-07 17:58:46,563 - INFO -   Point 3: X: -0.46, Y: 0.58, Z: 0.00, Velocity: 0.00, Distance: 0.74
2024-07-07 17:58:46,563 - INFO -   Point 4: X: -0.53, Y: 4.24, Z: 0.00, Velocity: 0.00, Distance: 4.27
2024-07-07 17:58:46,563 - INFO -   Point 5: X: -2.94, Y: 3.10, Z: 0.00, Velocity: 0.00, Distance: 4.27
2024-07-07 17:58:46,563 - INFO - -----------------------End Detected Points ---------------------------:
2024-07-07 17:58:46,662 - INFO - -----------------------Start Frame Header ---------------------------:
2024-07-07 17:58:46,662 - INFO -   Magic Word: 0201040306050807
2024-07-07 17:58:46,662 - INFO -   Version: 50659332 (decoded: 03.05.00.04)
2024-07-07 17:58:46,662 - INFO -   Total Packet Length: 768 bytes
2024-07-07 17:58:46,662 - INFO -   Platform: 0xA6843
2024-07-07 17:58:46,662 - INFO -   Frame Number: 207
2024-07-07 17:58:46,662 - INFO -   Time [CPU Cycles]: 1098897842
2024-07-07 17:58:46,663 - INFO -   Number of Detected Objects: 5
2024-07-07 17:58:46,663 - INFO -   Number of TLVs: 5
2024-07-07 17:58:46,663 - INFO -   Subframe Number: 0
2024-07-07 17:58:46,663 - INFO - -----------------------End Frame Header -----------------------------:
2024-07-07 17:58:46,663 - INFO - -----------------------Detected Points ---------------------------:
2024-07-07 17:58:46,663 - INFO -   Point 1: X: -0.36, Y: 0.49, Z: 0.00, Velocity: 0.00, Distance: 0.61
2024-07-07 17:58:46,663 - INFO -   Point 2: X: -0.57, Y: 0.21, Z: 0.00, Velocity: 0.00, Distance: 0.61
2024-07-07 17:58:46,663 - INFO -   Point 3: X: -0.46, Y: 0.58, Z: 0.00, Velocity: 0.00, Distance: 0.74
2024-07-07 17:58:46,663 - INFO -   Point 4: X: -0.53, Y: 4.24, Z: 0.00, Velocity: 0.00, Distance: 4.27
2024-07-07 17:58:46,663 - INFO -   Point 5: X: -2.94, Y: 3.10, Z: 0.00, Velocity: 0.00, Distance: 4.27
2024-07-07 17:58:46,663 - INFO - -----------------------End Detected Points ---------------------------:
2024-07-07 17:58:46,762 - INFO - -----------------------Start Frame Header ---------------------------:
2024-07-07 17:58:46,763 - INFO -   Magic Word: 0201040306050807
2024-07-07 17:58:46,763 - INFO -   Version: 50659332 (decoded: 03.05.00.04)
2024-07-07 17:58:46,763 - INFO -   Total Packet Length: 768 bytes
2024-07-07 17:58:46,763 - INFO -   Platform: 0xA6843
2024-07-07 17:58:46,763 - INFO -   Frame Number: 208
2024-07-07 17:58:46,763 - INFO -   Time [CPU Cycles]: 1118897963
2024-07-07 17:58:46,763 - INFO -   Number of Detected Objects: 5
2024-07-07 17:58:46,763 - INFO -   Number of TLVs: 5
2024-07-07 17:58:46,763 - INFO -   Subframe Number: 0
2024-07-07 17:58:46,763 - INFO - -----------------------End Frame Header -----------------------------:
2024-07-07 17:58:46,763 - INFO - -----------------------Detected Points ---------------------------:
2024-07-07 17:58:46,763 - INFO -   Point 1: X: -0.36, Y: 0.49, Z: 0.00, Velocity: 0.00, Distance: 0.61
2024-07-07 17:58:46,763 - INFO -   Point 2: X: -0.57, Y: 0.21, Z: 0.00, Velocity: 0.00, Distance: 0.61
2024-07-07 17:58:46,763 - INFO -   Point 3: X: -0.46, Y: 0.58, Z: 0.00, Velocity: 0.00, Distance: 0.74
2024-07-07 17:58:46,763 - INFO -   Point 4: X: -0.53, Y: 4.24, Z: 0.00, Velocity: 0.00, Distance: 4.27
2024-07-07 17:58:46,763 - INFO -   Point 5: X: -2.94, Y: 3.10, Z: 0.00, Velocity: 0.00, Distance: 4.27
2024-07-07 17:58:46,763 - INFO - -----------------------End Detected Points ---------------------------:
2024-07-07 17:58:46,863 - INFO - -----------------------Start Frame Header ---------------------------:
2024-07-07 17:58:46,863 - INFO -   Magic Word: 0201040306050807
2024-07-07 17:58:46,863 - INFO -   Version: 50659332 (decoded: 03.05.00.04)
2024-07-07 17:58:46,863 - INFO -   Total Packet Length: 768 bytes
2024-07-07 17:58:46,863 - INFO -   Platform: 0xA6843
2024-07-07 17:58:46,863 - INFO -   Frame Number: 209
2024-07-07 17:58:46,863 - INFO -   Time [CPU Cycles]: 1138897836
2024-07-07 17:58:46,863 - INFO -   Number of Detected Objects: 5
2024-07-07 17:58:46,863 - INFO -   Number of TLVs: 5
2024-07-07 17:58:46,863 - INFO -   Subframe Number: 0
2024-07-07 17:58:46,863 - INFO - -----------------------End Frame Header -----------------------------:
2024-07-07 17:58:46,863 - INFO - -----------------------Detected Points ---------------------------:
2024-07-07 17:58:46,863 - INFO -   Point 1: X: -0.36, Y: 0.49, Z: 0.00, Velocity: 0.00, Distance: 0.61
2024-07-07 17:58:46,863 - INFO -   Point 2: X: -0.57, Y: 0.21, Z: 0.00, Velocity: 0.00, Distance: 0.61
2024-07-07 17:58:46,863 - INFO -   Point 3: X: -0.46, Y: 0.58, Z: 0.00, Velocity: 0.00, Distance: 0.74
2024-07-07 17:58:46,863 - INFO -   Point 4: X: -0.53, Y: 4.24, Z: 0.00, Velocity: 0.00, Distance: 4.27
2024-07-07 17:58:46,863 - INFO -   Point 5: X: -2.94, Y: 3.10, Z: 0.00, Velocity: 0.00, Distance: 4.27
2024-07-07 17:58:46,863 - INFO - -----------------------End Detected Points ---------------------------:
2024-07-07 17:58:46,963 - INFO - -----------------------Start Frame Header ---------------------------:
2024-07-07 17:58:46,963 - INFO -   Magic Word: 0201040306050807
2024-07-07 17:58:46,963 - INFO -   Version: 50659332 (decoded: 03.05.00.04)
2024-07-07 17:58:46,963 - INFO -   Total Packet Length: 768 bytes
2024-07-07 17:58:46,963 - INFO -   Platform: 0xA6843
2024-07-07 17:58:46,963 - INFO -   Frame Number: 210
2024-07-07 17:58:46,963 - INFO -   Time [CPU Cycles]: 1158898105
2024-07-07 17:58:46,963 - INFO -   Number of Detected Objects: 5
2024-07-07 17:58:46,963 - INFO -   Number of TLVs: 5
2024-07-07 17:58:46,963 - INFO -   Subframe Number: 0
2024-07-07 17:58:46,963 - INFO - -----------------------End Frame Header -----------------------------:
2024-07-07 17:58:46,963 - INFO - -----------------------Detected Points ---------------------------:
2024-07-07 17:58:46,963 - INFO -   Point 1: X: -0.36, Y: 0.49, Z: 0.00, Velocity: 0.00, Distance: 0.61
2024-07-07 17:58:46,963 - INFO -   Point 2: X: -0.57, Y: 0.21, Z: 0.00, Velocity: 0.00, Distance: 0.61
2024-07-07 17:58:46,963 - INFO -   Point 3: X: -0.52, Y: 0.59, Z: 0.00, Velocity: 0.00, Distance: 0.78
2024-07-07 17:58:46,963 - INFO -   Point 4: X: -0.53, Y: 4.24, Z: 0.00, Velocity: 0.00, Distance: 4.27
2024-07-07 17:58:46,963 - INFO -   Point 5: X: -2.94, Y: 3.10, Z: 0.00, Velocity: 0.00, Distance: 4.27
2024-07-07 17:58:46,963 - INFO - -----------------------End Detected Points ---------------------------:
2024-07-07 17:58:47,062 - INFO - -----------------------Start Frame Header ---------------------------:
2024-07-07 17:58:47,062 - INFO -   Magic Word: 0201040306050807
2024-07-07 17:58:47,063 - INFO -   Version: 50659332 (decoded: 03.05.00.04)
2024-07-07 17:58:47,063 - INFO -   Total Packet Length: 800 bytes
2024-07-07 17:58:47,063 - INFO -   Platform: 0xA6843
2024-07-07 17:58:47,063 - INFO -   Frame Number: 211
2024-07-07 17:58:47,063 - INFO -   Time [CPU Cycles]: 1178901335
2024-07-07 17:58:47,063 - INFO -   Number of Detected Objects: 7
2024-07-07 17:58:47,063 - INFO -   Number of TLVs: 5
2024-07-07 17:58:47,063 - INFO -   Subframe Number: 0
2024-07-07 17:58:47,063 - INFO - -----------------------End Frame Header -----------------------------:
2024-07-07 17:58:47,063 - ERROR - Error unpacking point data: unpack requires a buffer of 16 bytes
2024-07-07 17:58:47,063 - ERROR - Error unpacking point data: unpack requires a buffer of 16 bytes
2024-07-07 17:58:47,063 - INFO - -----------------------Detected Points ---------------------------:
2024-07-07 17:58:47,063 - INFO -   Point 1: X: -0.34, Y: 0.50, Z: 0.00, Velocity: 0.00, Distance: 0.61
2024-07-07 17:58:47,063 - INFO -   Point 2: X: -0.57, Y: 0.21, Z: 0.00, Velocity: 0.00, Distance: 0.61
2024-07-07 17:58:47,063 - INFO -   Point 3: X: -0.52, Y: 0.59, Z: 0.00, Velocity: 0.00, Distance: 0.78
2024-07-07 17:58:47,063 - INFO -   Point 4: X: -0.53, Y: 4.24, Z: 0.00, Velocity: 0.00, Distance: 4.27
2024-07-07 17:58:47,063 - INFO -   Point 5: X: -2.94, Y: 3.10, Z: 0.00, Velocity: 0.00, Distance: 4.27
2024-07-07 17:58:47,063 - INFO - -----------------------End Detected Points ---------------------------:
2024-07-07 17:58:47,162 - INFO - -----------------------Start Frame Header ---------------------------:
2024-07-07 17:58:47,162 - INFO -   Magic Word: 0201040306050807
2024-07-07 17:58:47,162 - INFO -   Version: 50659332 (decoded: 03.05.00.04)
2024-07-07 17:58:47,162 - INFO -   Total Packet Length: 768 bytes
2024-07-07 17:58:47,162 - INFO -   Platform: 0xA6843
2024-07-07 17:58:47,162 - INFO -   Frame Number: 212
2024-07-07 17:58:47,162 - INFO -   Time [CPU Cycles]: 1198898085
2024-07-07 17:58:47,162 - INFO -   Number of Detected Objects: 6
2024-07-07 17:58:47,162 - INFO -   Number of TLVs: 5
2024-07-07 17:58:47,162 - INFO -   Subframe Number: 0
2024-07-07 17:58:47,162 - INFO - -----------------------End Frame Header -----------------------------:
2024-07-07 17:58:47,162 - ERROR - Error unpacking point data: unpack requires a buffer of 16 bytes
2024-07-07 17:58:47,162 - INFO - -----------------------Detected Points ---------------------------:
2024-07-07 17:58:47,162 - INFO -   Point 1: X: -0.34, Y: 0.50, Z: 0.00, Velocity: 0.00, Distance: 0.61
2024-07-07 17:58:47,162 - INFO -   Point 2: X: -0.57, Y: 0.21, Z: 0.00, Velocity: 0.00, Distance: 0.61
2024-07-07 17:58:47,163 - INFO -   Point 3: X: -0.53, Y: 4.24, Z: 0.00, Velocity: 0.00, Distance: 4.27
2024-07-07 17:58:47,163 - INFO -   Point 4: X: -2.94, Y: 3.10, Z: 0.00, Velocity: 0.00, Distance: 4.27
2024-07-07 17:58:47,163 - INFO -   Point 5: X: 3.57, Y: 4.46, Z: 0.00, Velocity: 0.00, Distance: 5.71
2024-07-07 17:58:47,163 - INFO - -----------------------End Detected Points ---------------------------:
2024-07-07 17:58:47,263 - INFO - -----------------------Start Frame Header ---------------------------:
2024-07-07 17:58:47,263 - INFO -   Magic Word: 0201040306050807
2024-07-07 17:58:47,263 - INFO -   Version: 50659332 (decoded: 03.05.00.04)
2024-07-07 17:58:47,263 - INFO -   Total Packet Length: 768 bytes
2024-07-07 17:58:47,263 - INFO -   Platform: 0xA6843
2024-07-07 17:58:47,263 - INFO -   Frame Number: 213
2024-07-07 17:58:47,263 - INFO -   Time [CPU Cycles]: 1218898209
2024-07-07 17:58:47,263 - INFO -   Number of Detected Objects: 5
2024-07-07 17:58:47,263 - INFO -   Number of TLVs: 5
2024-07-07 17:58:47,263 - INFO -   Subframe Number: 0
2024-07-07 17:58:47,263 - INFO - -----------------------End Frame Header -----------------------------:
2024-07-07 17:58:47,263 - INFO - -----------------------Detected Points ---------------------------:
2024-07-07 17:58:47,263 - INFO -   Point 1: X: -0.34, Y: 0.50, Z: 0.00, Velocity: 0.00, Distance: 0.61
2024-07-07 17:58:47,263 - INFO -   Point 2: X: -0.57, Y: 0.21, Z: 0.00, Velocity: 0.00, Distance: 0.61
2024-07-07 17:58:47,263 - INFO -   Point 3: X: -0.54, Y: 0.57, Z: 0.00, Velocity: 0.00, Distance: 0.78
2024-07-07 17:58:47,263 - INFO -   Point 4: X: -0.53, Y: 4.24, Z: 0.00, Velocity: 0.00, Distance: 4.27
2024-07-07 17:58:47,263 - INFO -   Point 5: X: -2.94, Y: 3.10, Z: 0.00, Velocity: 0.00, Distance: 4.27
2024-07-07 17:58:47,263 - INFO - -----------------------End Detected Points ---------------------------:
2024-07-07 17:58:47,362 - INFO - -----------------------Start Frame Header ---------------------------:
2024-07-07 17:58:47,363 - INFO -   Magic Word: 0201040306050807
2024-07-07 17:58:47,363 - INFO -   Version: 50659332 (decoded: 03.05.00.04)
2024-07-07 17:58:47,363 - INFO -   Total Packet Length: 800 bytes
2024-07-07 17:58:47,363 - INFO -   Platform: 0xA6843
2024-07-07 17:58:47,363 - INFO -   Frame Number: 214
2024-07-07 17:58:47,363 - INFO -   Time [CPU Cycles]: 1238901815
2024-07-07 17:58:47,363 - INFO -   Number of Detected Objects: 7
2024-07-07 17:58:47,363 - INFO -   Number of TLVs: 5
2024-07-07 17:58:47,363 - INFO -   Subframe Number: 0
2024-07-07 17:58:47,363 - INFO - -----------------------End Frame Header -----------------------------:
2024-07-07 17:58:47,363 - ERROR - Error unpacking point data: unpack requires a buffer of 16 bytes
2024-07-07 17:58:47,363 - ERROR - Error unpacking point data: unpack requires a buffer of 16 bytes
2024-07-07 17:58:47,363 - INFO - -----------------------Detected Points ---------------------------:
2024-07-07 17:58:47,363 - INFO -   Point 1: X: -0.34, Y: 0.50, Z: 0.00, Velocity: 0.00, Distance: 0.61
2024-07-07 17:58:47,363 - INFO -   Point 2: X: -0.57, Y: 0.21, Z: 0.00, Velocity: 0.00, Distance: 0.61
2024-07-07 17:58:47,363 - INFO -   Point 3: X: -0.49, Y: 0.56, Z: 0.00, Velocity: 0.00, Distance: 0.74
2024-07-07 17:58:47,363 - INFO -   Point 4: X: -0.53, Y: 4.24, Z: 0.00, Velocity: 0.00, Distance: 4.27
2024-07-07 17:58:47,363 - INFO -   Point 5: X: -2.94, Y: 3.10, Z: 0.00, Velocity: 0.00, Distance: 4.27
2024-07-07 17:58:47,363 - INFO - -----------------------End Detected Points ---------------------------:
2024-07-07 17:58:47,462 - INFO - -----------------------Start Frame Header ---------------------------:
2024-07-07 17:58:47,462 - INFO -   Magic Word: 0201040306050807
2024-07-07 17:58:47,463 - INFO -   Version: 50659332 (decoded: 03.05.00.04)
2024-07-07 17:58:47,463 - INFO -   Total Packet Length: 736 bytes
2024-07-07 17:58:47,463 - INFO -   Platform: 0xA6843
2024-07-07 17:58:47,463 - INFO -   Frame Number: 215
2024-07-07 17:58:47,463 - INFO -   Time [CPU Cycles]: 1258898041
2024-07-07 17:58:47,463 - INFO -   Number of Detected Objects: 4
2024-07-07 17:58:47,463 - INFO -   Number of TLVs: 5
2024-07-07 17:58:47,463 - INFO -   Subframe Number: 0
2024-07-07 17:58:47,463 - INFO - -----------------------End Frame Header -----------------------------:
2024-07-07 17:58:47,463 - INFO - -----------------------Detected Points ---------------------------:
2024-07-07 17:58:47,463 - INFO -   Point 1: X: -0.36, Y: 0.49, Z: 0.00, Velocity: 0.00, Distance: 0.61
2024-07-07 17:58:47,463 - INFO -   Point 2: X: -0.52, Y: 0.59, Z: 0.00, Velocity: 0.00, Distance: 0.78
2024-07-07 17:58:47,463 - INFO -   Point 3: X: -0.53, Y: 4.24, Z: 0.00, Velocity: 0.00, Distance: 4.27
2024-07-07 17:58:47,463 - INFO -   Point 4: X: -2.94, Y: 3.10, Z: 0.00, Velocity: 0.00, Distance: 4.27
2024-07-07 17:58:47,463 - INFO - -----------------------End Detected Points ---------------------------:
2024-07-07 17:58:47,562 - INFO - -----------------------Start Frame Header ---------------------------:
2024-07-07 17:58:47,562 - INFO -   Magic Word: 0201040306050807
2024-07-07 17:58:47,562 - INFO -   Version: 50659332 (decoded: 03.05.00.04)
2024-07-07 17:58:47,562 - INFO -   Total Packet Length: 800 bytes
2024-07-07 17:58:47,562 - INFO -   Platform: 0xA6843
2024-07-07 17:58:47,562 - INFO -   Frame Number: 216
2024-07-07 17:58:47,562 - INFO -   Time [CPU Cycles]: 1278901414
2024-07-07 17:58:47,562 - INFO -   Number of Detected Objects: 7
2024-07-07 17:58:47,562 - INFO -   Number of TLVs: 5
2024-07-07 17:58:47,562 - INFO -   Subframe Number: 0
2024-07-07 17:58:47,562 - INFO - -----------------------End Frame Header -----------------------------:
2024-07-07 17:58:47,562 - ERROR - Error unpacking point data: unpack requires a buffer of 16 bytes
2024-07-07 17:58:47,563 - ERROR - Error unpacking point data: unpack requires a buffer of 16 bytes
2024-07-07 17:58:47,563 - INFO - -----------------------Detected Points ---------------------------:
2024-07-07 17:58:47,563 - INFO -   Point 1: X: -0.36, Y: 0.49, Z: 0.00, Velocity: 0.00, Distance: 0.61
2024-07-07 17:58:47,563 - INFO -   Point 2: X: -0.57, Y: 0.21, Z: 0.00, Velocity: 0.00, Distance: 0.61
2024-07-07 17:58:47,563 - INFO -   Point 3: X: -0.46, Y: 0.58, Z: 0.00, Velocity: 0.00, Distance: 0.74
2024-07-07 17:58:47,563 - INFO -   Point 4: X: -0.53, Y: 4.24, Z: 0.00, Velocity: 0.00, Distance: 4.27
2024-07-07 17:58:47,563 - INFO -   Point 5: X: -2.94, Y: 3.10, Z: 0.00, Velocity: 0.00, Distance: 4.27
2024-07-07 17:58:47,563 - INFO - -----------------------End Detected Points ---------------------------:
2024-07-07 17:58:47,662 - INFO - -----------------------Start Frame Header ---------------------------:
2024-07-07 17:58:47,662 - INFO -   Magic Word: 0201040306050807
2024-07-07 17:58:47,663 - INFO -   Version: 50659332 (decoded: 03.05.00.04)
2024-07-07 17:58:47,663 - INFO -   Total Packet Length: 768 bytes
2024-07-07 17:58:47,663 - INFO -   Platform: 0xA6843
2024-07-07 17:58:47,663 - INFO -   Frame Number: 217
2024-07-07 17:58:47,663 - INFO -   Time [CPU Cycles]: 1298901154
2024-07-07 17:58:47,663 - INFO -   Number of Detected Objects: 6
2024-07-07 17:58:47,663 - INFO -   Number of TLVs: 5
2024-07-07 17:58:47,663 - INFO -   Subframe Number: 0
2024-07-07 17:58:47,663 - INFO - -----------------------End Frame Header -----------------------------:
2024-07-07 17:58:47,663 - ERROR - Error unpacking point data: unpack requires a buffer of 16 bytes
2024-07-07 17:58:47,663 - INFO - -----------------------Detected Points ---------------------------:
2024-07-07 17:58:47,663 - INFO -   Point 1: X: -0.36, Y: 0.49, Z: 0.00, Velocity: 0.00, Distance: 0.61
2024-07-07 17:58:47,663 - INFO -   Point 2: X: -0.57, Y: 0.21, Z: 0.00, Velocity: 0.00, Distance: 0.61
2024-07-07 17:58:47,663 - INFO -   Point 3: X: -0.49, Y: 0.56, Z: 0.00, Velocity: 0.00, Distance: 0.74
2024-07-07 17:58:47,663 - INFO -   Point 4: X: -0.52, Y: 0.59, Z: 0.00, Velocity: 0.00, Distance: 0.78
2024-07-07 17:58:47,663 - INFO -   Point 5: X: -0.53, Y: 4.24, Z: 0.00, Velocity: 0.00, Distance: 4.27
2024-07-07 17:58:47,663 - INFO - -----------------------End Detected Points ---------------------------:
2024-07-07 17:58:47,763 - INFO - -----------------------Start Frame Header ---------------------------:
2024-07-07 17:58:47,763 - INFO -   Magic Word: 0201040306050807
2024-07-07 17:58:47,763 - INFO -   Version: 50659332 (decoded: 03.05.00.04)
2024-07-07 17:58:47,763 - INFO -   Total Packet Length: 768 bytes
2024-07-07 17:58:47,763 - INFO -   Platform: 0xA6843
2024-07-07 17:58:47,763 - INFO -   Frame Number: 218
2024-07-07 17:58:47,763 - INFO -   Time [CPU Cycles]: 1318898827
2024-07-07 17:58:47,763 - INFO -   Number of Detected Objects: 5
2024-07-07 17:58:47,763 - INFO -   Number of TLVs: 5
2024-07-07 17:58:47,763 - INFO -   Subframe Number: 0
2024-07-07 17:58:47,763 - INFO - -----------------------End Frame Header -----------------------------:
2024-07-07 17:58:47,763 - INFO - -----------------------Detected Points ---------------------------:
2024-07-07 17:58:47,763 - INFO -   Point 1: X: -0.36, Y: 0.49, Z: 0.00, Velocity: 0.00, Distance: 0.61
2024-07-07 17:58:47,763 - INFO -   Point 2: X: -0.57, Y: 0.21, Z: 0.00, Velocity: 0.00, Distance: 0.61
2024-07-07 17:58:47,763 - INFO -   Point 3: X: -0.52, Y: 0.59, Z: 0.00, Velocity: 0.00, Distance: 0.78
2024-07-07 17:58:47,763 - INFO -   Point 4: X: -0.53, Y: 4.24, Z: 0.00, Velocity: 0.00, Distance: 4.27
2024-07-07 17:58:47,763 - INFO -   Point 5: X: -2.94, Y: 3.10, Z: 0.00, Velocity: 0.00, Distance: 4.27
2024-07-07 17:58:47,763 - INFO - -----------------------End Detected Points ---------------------------:
2024-07-07 17:58:47,863 - INFO - -----------------------Start Frame Header ---------------------------:
2024-07-07 17:58:47,863 - INFO -   Magic Word: 0201040306050807
2024-07-07 17:58:47,863 - INFO -   Version: 50659332 (decoded: 03.05.00.04)
2024-07-07 17:58:47,863 - INFO -   Total Packet Length: 768 bytes
2024-07-07 17:58:47,863 - INFO -   Platform: 0xA6843
2024-07-07 17:58:47,863 - INFO -   Frame Number: 219
2024-07-07 17:58:47,863 - INFO -   Time [CPU Cycles]: 1338902675
2024-07-07 17:58:47,863 - INFO -   Number of Detected Objects: 6
2024-07-07 17:58:47,863 - INFO -   Number of TLVs: 5
2024-07-07 17:58:47,863 - INFO -   Subframe Number: 0
2024-07-07 17:58:47,863 - INFO - -----------------------End Frame Header -----------------------------:
2024-07-07 17:58:47,863 - ERROR - Error unpacking point data: unpack requires a buffer of 16 bytes
2024-07-07 17:58:47,863 - INFO - -----------------------Detected Points ---------------------------:
2024-07-07 17:58:47,863 - INFO -   Point 1: X: -0.36, Y: 0.49, Z: 0.00, Velocity: 0.00, Distance: 0.61
2024-07-07 17:58:47,863 - INFO -   Point 2: X: -0.52, Y: 0.59, Z: 0.00, Velocity: 0.00, Distance: 0.78
2024-07-07 17:58:47,863 - INFO -   Point 3: X: -0.53, Y: 4.24, Z: 0.00, Velocity: 0.00, Distance: 4.27
2024-07-07 17:58:47,863 - INFO -   Point 4: X: -2.94, Y: 3.10, Z: 0.00, Velocity: 0.00, Distance: 4.27
2024-07-07 17:58:47,863 - INFO -   Point 5: X: 3.57, Y: 4.46, Z: 0.00, Velocity: 0.00, Distance: 5.71
2024-07-07 17:58:47,863 - INFO - -----------------------End Detected Points ---------------------------:
2024-07-07 17:58:47,962 - INFO - -----------------------Start Frame Header ---------------------------:
2024-07-07 17:58:47,962 - INFO -   Magic Word: 0201040306050807
2024-07-07 17:58:47,962 - INFO -   Version: 50659332 (decoded: 03.05.00.04)
2024-07-07 17:58:47,962 - INFO -   Total Packet Length: 736 bytes
2024-07-07 17:58:47,962 - INFO -   Platform: 0xA6843
2024-07-07 17:58:47,962 - INFO -   Frame Number: 220
2024-07-07 17:58:47,962 - INFO -   Time [CPU Cycles]: 1358898406
2024-07-07 17:58:47,962 - INFO -   Number of Detected Objects: 4
2024-07-07 17:58:47,962 - INFO -   Number of TLVs: 5
2024-07-07 17:58:47,962 - INFO -   Subframe Number: 0
2024-07-07 17:58:47,962 - INFO - -----------------------End Frame Header -----------------------------:
2024-07-07 17:58:47,962 - INFO - -----------------------Detected Points ---------------------------:
2024-07-07 17:58:47,963 - INFO -   Point 1: X: -0.38, Y: 0.48, Z: 0.00, Velocity: 0.00, Distance: 0.61
2024-07-07 17:58:47,963 - INFO -   Point 2: X: -0.49, Y: 0.56, Z: 0.00, Velocity: 0.00, Distance: 0.74
2024-07-07 17:58:47,963 - INFO -   Point 3: X: -0.53, Y: 4.24, Z: 0.00, Velocity: 0.00, Distance: 4.27
2024-07-07 17:58:47,963 - INFO -   Point 4: X: -2.94, Y: 3.10, Z: 0.00, Velocity: 0.00, Distance: 4.27
2024-07-07 17:58:47,963 - INFO - -----------------------End Detected Points ---------------------------:
2024-07-07 17:58:48,062 - INFO - -----------------------Start Frame Header ---------------------------:
2024-07-07 17:58:48,063 - INFO -   Magic Word: 0201040306050807
2024-07-07 17:58:48,063 - INFO -   Version: 50659332 (decoded: 03.05.00.04)
2024-07-07 17:58:48,063 - INFO -   Total Packet Length: 768 bytes
2024-07-07 17:58:48,063 - INFO -   Platform: 0xA6843
2024-07-07 17:58:48,063 - INFO -   Frame Number: 221
2024-07-07 17:58:48,063 - INFO -   Time [CPU Cycles]: 1378898432
2024-07-07 17:58:48,063 - INFO -   Number of Detected Objects: 5
2024-07-07 17:58:48,063 - INFO -   Number of TLVs: 5
2024-07-07 17:58:48,063 - INFO -   Subframe Number: 0
2024-07-07 17:58:48,063 - INFO - -----------------------End Frame Header -----------------------------:
2024-07-07 17:58:48,063 - INFO - -----------------------Detected Points ---------------------------:
2024-07-07 17:58:48,063 - INFO -   Point 1: X: -0.38, Y: 0.48, Z: 0.00, Velocity: 0.00, Distance: 0.61
2024-07-07 17:58:48,063 - INFO -   Point 2: X: -0.57, Y: 0.21, Z: 0.00, Velocity: 0.00, Distance: 0.61
2024-07-07 17:58:48,063 - INFO -   Point 3: X: -0.49, Y: 0.56, Z: 0.00, Velocity: 0.00, Distance: 0.74
2024-07-07 17:58:48,063 - INFO -   Point 4: X: -0.53, Y: 4.24, Z: 0.00, Velocity: 0.00, Distance: 4.27
2024-07-07 17:58:48,063 - INFO -   Point 5: X: -2.94, Y: 3.10, Z: 0.00, Velocity: 0.00, Distance: 4.27
2024-07-07 17:58:48,063 - INFO - -----------------------End Detected Points ---------------------------:
2024-07-07 17:58:48,162 - INFO - -----------------------Start Frame Header ---------------------------:
2024-07-07 17:58:48,162 - INFO -   Magic Word: 0201040306050807
2024-07-07 17:58:48,162 - INFO -   Version: 50659332 (decoded: 03.05.00.04)
2024-07-07 17:58:48,162 - INFO -   Total Packet Length: 768 bytes
2024-07-07 17:58:48,162 - INFO -   Platform: 0xA6843
2024-07-07 17:58:48,162 - INFO -   Frame Number: 222
2024-07-07 17:58:48,162 - INFO -   Time [CPU Cycles]: 1398898196
2024-07-07 17:58:48,162 - INFO -   Number of Detected Objects: 5
2024-07-07 17:58:48,162 - INFO -   Number of TLVs: 5
2024-07-07 17:58:48,162 - INFO -   Subframe Number: 0
2024-07-07 17:58:48,162 - INFO - -----------------------End Frame Header -----------------------------:
2024-07-07 17:58:48,162 - INFO - -----------------------Detected Points ---------------------------:
2024-07-07 17:58:48,162 - INFO -   Point 1: X: -0.38, Y: 0.48, Z: 0.00, Velocity: 0.00, Distance: 0.61
2024-07-07 17:58:48,162 - INFO -   Point 2: X: -0.59, Y: 0.15, Z: 0.00, Velocity: 0.00, Distance: 0.61
2024-07-07 17:58:48,162 - INFO -   Point 3: X: -0.49, Y: 0.56, Z: 0.00, Velocity: 0.00, Distance: 0.74
2024-07-07 17:58:48,162 - INFO -   Point 4: X: -0.53, Y: 4.24, Z: 0.00, Velocity: 0.00, Distance: 4.27
2024-07-07 17:58:48,162 - INFO -   Point 5: X: -2.94, Y: 3.10, Z: 0.00, Velocity: 0.00, Distance: 4.27
2024-07-07 17:58:48,162 - INFO - -----------------------End Detected Points ---------------------------:
2024-07-07 17:58:48,263 - INFO - -----------------------Start Frame Header ---------------------------:
2024-07-07 17:58:48,263 - INFO -   Magic Word: 0201040306050807
2024-07-07 17:58:48,263 - INFO -   Version: 50659332 (decoded: 03.05.00.04)
2024-07-07 17:58:48,263 - INFO -   Total Packet Length: 768 bytes
2024-07-07 17:58:48,263 - INFO -   Platform: 0xA6843
2024-07-07 17:58:48,263 - INFO -   Frame Number: 223
2024-07-07 17:58:48,263 - INFO -   Time [CPU Cycles]: 1418898613
2024-07-07 17:58:48,263 - INFO -   Number of Detected Objects: 5
2024-07-07 17:58:48,263 - INFO -   Number of TLVs: 5
2024-07-07 17:58:48,263 - INFO -   Subframe Number: 0
2024-07-07 17:58:48,263 - INFO - -----------------------End Frame Header -----------------------------:
2024-07-07 17:58:48,263 - INFO - -----------------------Detected Points ---------------------------:
2024-07-07 17:58:48,263 - INFO -   Point 1: X: -0.38, Y: 0.48, Z: 0.00, Velocity: 0.00, Distance: 0.61
2024-07-07 17:58:48,263 - INFO -   Point 2: X: -0.59, Y: 0.15, Z: 0.00, Velocity: 0.00, Distance: 0.61
2024-07-07 17:58:48,263 - INFO -   Point 3: X: -0.49, Y: 0.56, Z: 0.00, Velocity: 0.00, Distance: 0.74
2024-07-07 17:58:48,263 - INFO -   Point 4: X: -0.53, Y: 4.24, Z: 0.00, Velocity: 0.00, Distance: 4.27
2024-07-07 17:58:48,263 - INFO -   Point 5: X: -2.94, Y: 3.10, Z: 0.00, Velocity: 0.00, Distance: 4.27
2024-07-07 17:58:48,263 - INFO - -----------------------End Detected Points ---------------------------:
2024-07-07 17:58:48,363 - INFO - -----------------------Start Frame Header ---------------------------:
2024-07-07 17:58:48,363 - INFO -   Magic Word: 0201040306050807
2024-07-07 17:58:48,363 - INFO -   Version: 50659332 (decoded: 03.05.00.04)
2024-07-07 17:58:48,363 - INFO -   Total Packet Length: 768 bytes
2024-07-07 17:58:48,363 - INFO -   Platform: 0xA6843
2024-07-07 17:58:48,363 - INFO -   Frame Number: 224
2024-07-07 17:58:48,363 - INFO -   Time [CPU Cycles]: 1438899209
2024-07-07 17:58:48,363 - INFO -   Number of Detected Objects: 5
2024-07-07 17:58:48,363 - INFO -   Number of TLVs: 5
2024-07-07 17:58:48,363 - INFO -   Subframe Number: 0
2024-07-07 17:58:48,363 - INFO - -----------------------End Frame Header -----------------------------:
2024-07-07 17:58:48,363 - INFO - -----------------------Detected Points ---------------------------:
2024-07-07 17:58:48,363 - INFO -   Point 1: X: -0.38, Y: 0.48, Z: 0.00, Velocity: 0.00, Distance: 0.61
2024-07-07 17:58:48,363 - INFO -   Point 2: X: -0.59, Y: 0.15, Z: 0.00, Velocity: 0.00, Distance: 0.61
2024-07-07 17:58:48,363 - INFO -   Point 3: X: -0.49, Y: 0.56, Z: 0.00, Velocity: 0.00, Distance: 0.74
2024-07-07 17:58:48,363 - INFO -   Point 4: X: -0.53, Y: 4.24, Z: 0.00, Velocity: 0.00, Distance: 4.27
2024-07-07 17:58:48,363 - INFO -   Point 5: X: -2.94, Y: 3.10, Z: 0.00, Velocity: 0.00, Distance: 4.27
2024-07-07 17:58:48,363 - INFO - -----------------------End Detected Points ---------------------------:
2024-07-07 17:58:48,463 - INFO - -----------------------Start Frame Header ---------------------------:
2024-07-07 17:58:48,463 - INFO -   Magic Word: 0201040306050807
2024-07-07 17:58:48,463 - INFO -   Version: 50659332 (decoded: 03.05.00.04)
2024-07-07 17:58:48,463 - INFO -   Total Packet Length: 768 bytes
2024-07-07 17:58:48,463 - INFO -   Platform: 0xA6843
2024-07-07 17:58:48,463 - INFO -   Frame Number: 225
2024-07-07 17:58:48,463 - INFO -   Time [CPU Cycles]: 1458897739
2024-07-07 17:58:48,463 - INFO -   Number of Detected Objects: 5
2024-07-07 17:58:48,463 - INFO -   Number of TLVs: 5
2024-07-07 17:58:48,463 - INFO -   Subframe Number: 0
2024-07-07 17:58:48,463 - INFO - -----------------------End Frame Header -----------------------------:
2024-07-07 17:58:48,463 - INFO - -----------------------Detected Points ---------------------------:
2024-07-07 17:58:48,463 - INFO -   Point 1: X: -0.38, Y: 0.48, Z: 0.00, Velocity: 0.00, Distance: 0.61
2024-07-07 17:58:48,463 - INFO -   Point 2: X: -0.59, Y: 0.15, Z: 0.00, Velocity: 0.00, Distance: 0.61
2024-07-07 17:58:48,463 - INFO -   Point 3: X: -0.49, Y: 0.56, Z: 0.00, Velocity: 0.00, Distance: 0.74
2024-07-07 17:58:48,463 - INFO -   Point 4: X: -0.53, Y: 4.24, Z: 0.00, Velocity: 0.00, Distance: 4.27
2024-07-07 17:58:48,463 - INFO -   Point 5: X: -2.94, Y: 3.10, Z: 0.00, Velocity: 0.00, Distance: 4.27
2024-07-07 17:58:48,463 - INFO - -----------------------End Detected Points ---------------------------:
2024-07-07 17:58:48,562 - INFO - -----------------------Start Frame Header ---------------------------:
2024-07-07 17:58:48,563 - INFO -   Magic Word: 0201040306050807
2024-07-07 17:58:48,563 - INFO -   Version: 50659332 (decoded: 03.05.00.04)
2024-07-07 17:58:48,563 - INFO -   Total Packet Length: 768 bytes
2024-07-07 17:58:48,563 - INFO -   Platform: 0xA6843
2024-07-07 17:58:48,563 - INFO -   Frame Number: 226
2024-07-07 17:58:48,563 - INFO -   Time [CPU Cycles]: 1478897932
2024-07-07 17:58:48,563 - INFO -   Number of Detected Objects: 5
2024-07-07 17:58:48,563 - INFO -   Number of TLVs: 5
2024-07-07 17:58:48,563 - INFO -   Subframe Number: 0
2024-07-07 17:58:48,563 - INFO - -----------------------End Frame Header -----------------------------:
2024-07-07 17:58:48,563 - INFO - -----------------------Detected Points ---------------------------:
2024-07-07 17:58:48,563 - INFO -   Point 1: X: -0.38, Y: 0.48, Z: 0.00, Velocity: 0.00, Distance: 0.61
2024-07-07 17:58:48,563 - INFO -   Point 2: X: -0.59, Y: 0.15, Z: 0.00, Velocity: 0.00, Distance: 0.61
2024-07-07 17:58:48,563 - INFO -   Point 3: X: -0.49, Y: 0.56, Z: 0.00, Velocity: 0.00, Distance: 0.74
2024-07-07 17:58:48,563 - INFO -   Point 4: X: -0.53, Y: 4.24, Z: 0.00, Velocity: 0.00, Distance: 4.27
2024-07-07 17:58:48,563 - INFO -   Point 5: X: -2.94, Y: 3.10, Z: 0.00, Velocity: 0.00, Distance: 4.27
2024-07-07 17:58:48,563 - INFO - -----------------------End Detected Points ---------------------------:
2024-07-07 17:58:48,662 - INFO - -----------------------Start Frame Header ---------------------------:
2024-07-07 17:58:48,662 - INFO -   Magic Word: 0201040306050807
2024-07-07 17:58:48,662 - INFO -   Version: 50659332 (decoded: 03.05.00.04)
2024-07-07 17:58:48,662 - INFO -   Total Packet Length: 768 bytes
2024-07-07 17:58:48,662 - INFO -   Platform: 0xA6843
2024-07-07 17:58:48,662 - INFO -   Frame Number: 227
2024-07-07 17:58:48,662 - INFO -   Time [CPU Cycles]: 1498897968
2024-07-07 17:58:48,662 - INFO -   Number of Detected Objects: 5
2024-07-07 17:58:48,662 - INFO -   Number of TLVs: 5
2024-07-07 17:58:48,662 - INFO -   Subframe Number: 0
2024-07-07 17:58:48,662 - INFO - -----------------------End Frame Header -----------------------------:
2024-07-07 17:58:48,662 - INFO - -----------------------Detected Points ---------------------------:
2024-07-07 17:58:48,662 - INFO -   Point 1: X: -0.38, Y: 0.48, Z: 0.00, Velocity: 0.00, Distance: 0.61
2024-07-07 17:58:48,663 - INFO -   Point 2: X: -0.59, Y: 0.15, Z: 0.00, Velocity: 0.00, Distance: 0.61
2024-07-07 17:58:48,663 - INFO -   Point 3: X: -0.49, Y: 0.56, Z: 0.00, Velocity: 0.00, Distance: 0.74
2024-07-07 17:58:48,663 - INFO -   Point 4: X: -0.53, Y: 4.24, Z: 0.00, Velocity: 0.00, Distance: 4.27
2024-07-07 17:58:48,663 - INFO -   Point 5: X: -2.94, Y: 3.10, Z: 0.00, Velocity: 0.00, Distance: 4.27
2024-07-07 17:58:48,663 - INFO - -----------------------End Detected Points ---------------------------:
2024-07-07 17:58:48,762 - INFO - -----------------------Start Frame Header ---------------------------:
2024-07-07 17:58:48,763 - INFO -   Magic Word: 0201040306050807
2024-07-07 17:58:48,763 - INFO -   Version: 50659332 (decoded: 03.05.00.04)
2024-07-07 17:58:48,763 - INFO -   Total Packet Length: 768 bytes
2024-07-07 17:58:48,763 - INFO -   Platform: 0xA6843
2024-07-07 17:58:48,763 - INFO -   Frame Number: 228
2024-07-07 17:58:48,763 - INFO -   Time [CPU Cycles]: 1518901505
2024-07-07 17:58:48,763 - INFO -   Number of Detected Objects: 6
2024-07-07 17:58:48,763 - INFO -   Number of TLVs: 5
2024-07-07 17:58:48,763 - INFO -   Subframe Number: 0
2024-07-07 17:58:48,763 - INFO - -----------------------End Frame Header -----------------------------:
2024-07-07 17:58:48,763 - ERROR - Error unpacking point data: unpack requires a buffer of 16 bytes
2024-07-07 17:58:48,763 - INFO - -----------------------Detected Points ---------------------------:
2024-07-07 17:58:48,763 - INFO -   Point 1: X: -0.38, Y: 0.48, Z: 0.00, Velocity: 0.00, Distance: 0.61
2024-07-07 17:58:48,763 - INFO -   Point 2: X: -0.49, Y: 0.56, Z: 0.00, Velocity: 0.00, Distance: 0.74
2024-07-07 17:58:48,763 - INFO -   Point 3: X: -0.53, Y: 4.24, Z: 0.00, Velocity: 0.00, Distance: 4.27
2024-07-07 17:58:48,763 - INFO -   Point 4: X: -2.94, Y: 3.10, Z: 0.00, Velocity: 0.00, Distance: 4.27
2024-07-07 17:58:48,763 - INFO -   Point 5: X: 3.57, Y: 4.46, Z: 0.00, Velocity: 0.00, Distance: 5.71
2024-07-07 17:58:48,763 - INFO - -----------------------End Detected Points ---------------------------:
2024-07-07 17:58:48,862 - INFO - -----------------------Start Frame Header ---------------------------:
2024-07-07 17:58:48,862 - INFO -   Magic Word: 0201040306050807
2024-07-07 17:58:48,862 - INFO -   Version: 50659332 (decoded: 03.05.00.04)
2024-07-07 17:58:48,862 - INFO -   Total Packet Length: 768 bytes
2024-07-07 17:58:48,862 - INFO -   Platform: 0xA6843
2024-07-07 17:58:48,862 - INFO -   Frame Number: 229
2024-07-07 17:58:48,862 - INFO -   Time [CPU Cycles]: 1538898621
2024-07-07 17:58:48,862 - INFO -   Number of Detected Objects: 6
2024-07-07 17:58:48,862 - INFO -   Number of TLVs: 5
2024-07-07 17:58:48,862 - INFO -   Subframe Number: 0
2024-07-07 17:58:48,862 - INFO - -----------------------End Frame Header -----------------------------:
2024-07-07 17:58:48,862 - ERROR - Error unpacking point data: unpack requires a buffer of 16 bytes
2024-07-07 17:58:48,862 - INFO - -----------------------Detected Points ---------------------------:
2024-07-07 17:58:48,862 - INFO -   Point 1: X: -0.36, Y: 0.49, Z: 0.00, Velocity: 0.00, Distance: 0.61
2024-07-07 17:58:48,862 - INFO -   Point 2: X: -0.46, Y: 0.58, Z: 0.00, Velocity: 0.00, Distance: 0.74
2024-07-07 17:58:48,862 - INFO -   Point 3: X: -0.53, Y: 4.24, Z: 0.00, Velocity: 0.00, Distance: 4.27
2024-07-07 17:58:48,863 - INFO -   Point 4: X: -2.94, Y: 3.10, Z: 0.00, Velocity: 0.00, Distance: 4.27
2024-07-07 17:58:48,863 - INFO -   Point 5: X: 3.57, Y: 4.46, Z: 0.00, Velocity: 0.00, Distance: 5.71
2024-07-07 17:58:48,863 - INFO - -----------------------End Detected Points ---------------------------:
2024-07-07 17:58:48,963 - INFO - -----------------------Start Frame Header ---------------------------:
2024-07-07 17:58:48,963 - INFO -   Magic Word: 0201040306050807
2024-07-07 17:58:48,963 - INFO -   Version: 50659332 (decoded: 03.05.00.04)
2024-07-07 17:58:48,963 - INFO -   Total Packet Length: 768 bytes
2024-07-07 17:58:48,963 - INFO -   Platform: 0xA6843
2024-07-07 17:58:48,963 - INFO -   Frame Number: 230
2024-07-07 17:58:48,963 - INFO -   Time [CPU Cycles]: 1558898520
2024-07-07 17:58:48,963 - INFO -   Number of Detected Objects: 6
2024-07-07 17:58:48,963 - INFO -   Number of TLVs: 5
2024-07-07 17:58:48,963 - INFO -   Subframe Number: 0
2024-07-07 17:58:48,963 - INFO - -----------------------End Frame Header -----------------------------:
2024-07-07 17:58:48,963 - ERROR - Error unpacking point data: unpack requires a buffer of 16 bytes
2024-07-07 17:58:48,963 - INFO - -----------------------Detected Points ---------------------------:
2024-07-07 17:58:48,963 - INFO -   Point 1: X: -0.36, Y: 0.49, Z: 0.00, Velocity: 0.00, Distance: 0.61
2024-07-07 17:58:48,963 - INFO -   Point 2: X: -0.49, Y: 0.56, Z: 0.00, Velocity: 0.00, Distance: 0.74
2024-07-07 17:58:48,963 - INFO -   Point 3: X: -0.53, Y: 4.24, Z: 0.00, Velocity: 0.00, Distance: 4.27
2024-07-07 17:58:48,963 - INFO -   Point 4: X: -2.94, Y: 3.10, Z: 0.00, Velocity: 0.00, Distance: 4.27
2024-07-07 17:58:48,963 - INFO -   Point 5: X: 3.57, Y: 4.46, Z: 0.00, Velocity: 0.00, Distance: 5.71
2024-07-07 17:58:48,963 - INFO - -----------------------End Detected Points ---------------------------:
2024-07-07 17:58:49,062 - INFO - -----------------------Start Frame Header ---------------------------:
2024-07-07 17:58:49,063 - INFO -   Magic Word: 0201040306050807
2024-07-07 17:58:49,063 - INFO -   Version: 50659332 (decoded: 03.05.00.04)
2024-07-07 17:58:49,063 - INFO -   Total Packet Length: 768 bytes
2024-07-07 17:58:49,063 - INFO -   Platform: 0xA6843
2024-07-07 17:58:49,063 - INFO -   Frame Number: 231
2024-07-07 17:58:49,063 - INFO -   Time [CPU Cycles]: 1578899401
2024-07-07 17:58:49,063 - INFO -   Number of Detected Objects: 6
2024-07-07 17:58:49,063 - INFO -   Number of TLVs: 5
2024-07-07 17:58:49,063 - INFO -   Subframe Number: 0
2024-07-07 17:58:49,063 - INFO - -----------------------End Frame Header -----------------------------:
2024-07-07 17:58:49,063 - ERROR - Error unpacking point data: unpack requires a buffer of 16 bytes
2024-07-07 17:58:49,063 - INFO - -----------------------Detected Points ---------------------------:
2024-07-07 17:58:49,063 - INFO -   Point 1: X: -0.36, Y: 0.49, Z: 0.00, Velocity: 0.00, Distance: 0.61
2024-07-07 17:58:49,063 - INFO -   Point 2: X: -0.54, Y: 0.57, Z: 0.00, Velocity: 0.00, Distance: 0.78
2024-07-07 17:58:49,063 - INFO -   Point 3: X: -0.53, Y: 4.24, Z: 0.00, Velocity: 0.00, Distance: 4.27
2024-07-07 17:58:49,063 - INFO -   Point 4: X: -2.94, Y: 3.10, Z: 0.00, Velocity: 0.00, Distance: 4.27
2024-07-07 17:58:49,063 - INFO -   Point 5: X: 3.57, Y: 4.46, Z: 0.00, Velocity: 0.00, Distance: 5.71
2024-07-07 17:58:49,063 - INFO - -----------------------End Detected Points ---------------------------:
2024-07-07 17:58:49,162 - INFO - -----------------------Start Frame Header ---------------------------:
2024-07-07 17:58:49,163 - INFO -   Magic Word: 0201040306050807
2024-07-07 17:58:49,163 - INFO -   Version: 50659332 (decoded: 03.05.00.04)
2024-07-07 17:58:49,163 - INFO -   Total Packet Length: 768 bytes
2024-07-07 17:58:49,163 - INFO -   Platform: 0xA6843
2024-07-07 17:58:49,163 - INFO -   Frame Number: 232
2024-07-07 17:58:49,163 - INFO -   Time [CPU Cycles]: 1598898497
2024-07-07 17:58:49,163 - INFO -   Number of Detected Objects: 6
2024-07-07 17:58:49,163 - INFO -   Number of TLVs: 5
2024-07-07 17:58:49,163 - INFO -   Subframe Number: 0
2024-07-07 17:58:49,163 - INFO - -----------------------End Frame Header -----------------------------:
2024-07-07 17:58:49,163 - ERROR - Error unpacking point data: unpack requires a buffer of 16 bytes
2024-07-07 17:58:49,163 - INFO - -----------------------Detected Points ---------------------------:
2024-07-07 17:58:49,163 - INFO -   Point 1: X: -0.36, Y: 0.49, Z: 0.00, Velocity: 0.00, Distance: 0.61
2024-07-07 17:58:49,163 - INFO -   Point 2: X: -0.49, Y: 0.56, Z: 0.00, Velocity: 0.00, Distance: 0.74
2024-07-07 17:58:49,163 - INFO -   Point 3: X: -0.53, Y: 4.24, Z: 0.00, Velocity: 0.00, Distance: 4.27
2024-07-07 17:58:49,163 - INFO -   Point 4: X: -2.94, Y: 3.10, Z: 0.00, Velocity: 0.00, Distance: 4.27
2024-07-07 17:58:49,163 - INFO -   Point 5: X: 3.57, Y: 4.46, Z: 0.00, Velocity: 0.00, Distance: 5.71
2024-07-07 17:58:49,163 - INFO - -----------------------End Detected Points ---------------------------:
2024-07-07 17:58:49,262 - INFO - -----------------------Start Frame Header ---------------------------:
2024-07-07 17:58:49,262 - INFO -   Magic Word: 0201040306050807
2024-07-07 17:58:49,262 - INFO -   Version: 50659332 (decoded: 03.05.00.04)
2024-07-07 17:58:49,263 - INFO -   Total Packet Length: 736 bytes
2024-07-07 17:58:49,263 - INFO -   Platform: 0xA6843
2024-07-07 17:58:49,263 - INFO -   Frame Number: 233
2024-07-07 17:58:49,263 - INFO -   Time [CPU Cycles]: 1618894954
2024-07-07 17:58:49,263 - INFO -   Number of Detected Objects: 4
2024-07-07 17:58:49,263 - INFO -   Number of TLVs: 5
2024-07-07 17:58:49,263 - INFO -   Subframe Number: 0
2024-07-07 17:58:49,263 - INFO - -----------------------End Frame Header -----------------------------:
2024-07-07 17:58:49,263 - INFO - -----------------------Detected Points ---------------------------:
2024-07-07 17:58:49,263 - INFO -   Point 1: X: -0.36, Y: 0.49, Z: 0.00, Velocity: 0.00, Distance: 0.61
2024-07-07 17:58:49,263 - INFO -   Point 2: X: -0.46, Y: 0.58, Z: 0.00, Velocity: 0.00, Distance: 0.74
2024-07-07 17:58:49,263 - INFO -   Point 3: X: -0.53, Y: 4.24, Z: 0.00, Velocity: 0.00, Distance: 4.27
2024-07-07 17:58:49,263 - INFO -   Point 4: X: -2.94, Y: 3.10, Z: 0.00, Velocity: 0.00, Distance: 4.27
2024-07-07 17:58:49,263 - INFO - -----------------------End Detected Points ---------------------------:
2024-07-07 17:58:49,362 - INFO - -----------------------Start Frame Header ---------------------------:
2024-07-07 17:58:49,362 - INFO -   Magic Word: 0201040306050807
2024-07-07 17:58:49,362 - INFO -   Version: 50659332 (decoded: 03.05.00.04)
2024-07-07 17:58:49,362 - INFO -   Total Packet Length: 768 bytes
2024-07-07 17:58:49,362 - INFO -   Platform: 0xA6843
2024-07-07 17:58:49,362 - INFO -   Frame Number: 234
2024-07-07 17:58:49,362 - INFO -   Time [CPU Cycles]: 1638901430
2024-07-07 17:58:49,363 - INFO -   Number of Detected Objects: 6
2024-07-07 17:58:49,363 - INFO -   Number of TLVs: 5
2024-07-07 17:58:49,363 - INFO -   Subframe Number: 0
2024-07-07 17:58:49,363 - INFO - -----------------------End Frame Header -----------------------------:
2024-07-07 17:58:49,363 - ERROR - Error unpacking point data: unpack requires a buffer of 16 bytes
2024-07-07 17:58:49,363 - INFO - -----------------------Detected Points ---------------------------:
2024-07-07 17:58:49,363 - INFO -   Point 1: X: -0.36, Y: 0.49, Z: 0.00, Velocity: 0.00, Distance: 0.61
2024-07-07 17:58:49,363 - INFO -   Point 2: X: -0.46, Y: 0.58, Z: 0.00, Velocity: 0.00, Distance: 0.74
2024-07-07 17:58:49,363 - INFO -   Point 3: X: -0.53, Y: 4.24, Z: 0.00, Velocity: 0.00, Distance: 4.27
2024-07-07 17:58:49,363 - INFO -   Point 4: X: -2.94, Y: 3.10, Z: 0.00, Velocity: 0.00, Distance: 4.27
2024-07-07 17:58:49,363 - INFO -   Point 5: X: 3.57, Y: 4.46, Z: 0.00, Velocity: 0.00, Distance: 5.71
2024-07-07 17:58:49,363 - INFO - -----------------------End Detected Points ---------------------------:
2024-07-07 17:58:49,463 - INFO - -----------------------Start Frame Header ---------------------------:
2024-07-07 17:58:49,463 - INFO -   Magic Word: 0201040306050807
2024-07-07 17:58:49,463 - INFO -   Version: 50659332 (decoded: 03.05.00.04)
2024-07-07 17:58:49,463 - INFO -   Total Packet Length: 736 bytes
2024-07-07 17:58:49,463 - INFO -   Platform: 0xA6843
2024-07-07 17:58:49,463 - INFO -   Frame Number: 235
2024-07-07 17:58:49,463 - INFO -   Time [CPU Cycles]: 1658894867
2024-07-07 17:58:49,463 - INFO -   Number of Detected Objects: 4
2024-07-07 17:58:49,463 - INFO -   Number of TLVs: 5
2024-07-07 17:58:49,463 - INFO -   Subframe Number: 0
2024-07-07 17:58:49,463 - INFO - -----------------------End Frame Header -----------------------------:
2024-07-07 17:58:49,463 - INFO - -----------------------Detected Points ---------------------------:
2024-07-07 17:58:49,463 - INFO -   Point 1: X: -0.36, Y: 0.49, Z: 0.00, Velocity: 0.00, Distance: 0.61
2024-07-07 17:58:49,463 - INFO -   Point 2: X: -0.46, Y: 0.58, Z: 0.00, Velocity: 0.00, Distance: 0.74
2024-07-07 17:58:49,463 - INFO -   Point 3: X: -0.53, Y: 4.24, Z: 0.00, Velocity: 0.00, Distance: 4.27
2024-07-07 17:58:49,463 - INFO -   Point 4: X: -2.94, Y: 3.10, Z: 0.00, Velocity: 0.00, Distance: 4.27
2024-07-07 17:58:49,463 - INFO - -----------------------End Detected Points ---------------------------:
2024-07-07 17:58:49,563 - INFO - -----------------------Start Frame Header ---------------------------:
2024-07-07 17:58:49,563 - INFO -   Magic Word: 0201040306050807
2024-07-07 17:58:49,563 - INFO -   Version: 50659332 (decoded: 03.05.00.04)
2024-07-07 17:58:49,563 - INFO -   Total Packet Length: 736 bytes
2024-07-07 17:58:49,563 - INFO -   Platform: 0xA6843
2024-07-07 17:58:49,563 - INFO -   Frame Number: 236
2024-07-07 17:58:49,563 - INFO -   Time [CPU Cycles]: 1678894894
2024-07-07 17:58:49,563 - INFO -   Number of Detected Objects: 4
2024-07-07 17:58:49,563 - INFO -   Number of TLVs: 5
2024-07-07 17:58:49,563 - INFO -   Subframe Number: 0
2024-07-07 17:58:49,563 - INFO - -----------------------End Frame Header -----------------------------:
2024-07-07 17:58:49,563 - INFO - -----------------------Detected Points ---------------------------:
2024-07-07 17:58:49,563 - INFO -   Point 1: X: -0.36, Y: 0.49, Z: 0.00, Velocity: 0.00, Distance: 0.61
2024-07-07 17:58:49,563 - INFO -   Point 2: X: -0.46, Y: 0.58, Z: 0.00, Velocity: 0.00, Distance: 0.74
2024-07-07 17:58:49,563 - INFO -   Point 3: X: -0.53, Y: 4.24, Z: 0.00, Velocity: 0.00, Distance: 4.27
2024-07-07 17:58:49,563 - INFO -   Point 4: X: -2.94, Y: 3.10, Z: 0.00, Velocity: 0.00, Distance: 4.27
2024-07-07 17:58:49,563 - INFO - -----------------------End Detected Points ---------------------------:
2024-07-07 17:58:49,662 - INFO - -----------------------Start Frame Header ---------------------------:
2024-07-07 17:58:49,662 - INFO -   Magic Word: 0201040306050807
2024-07-07 17:58:49,662 - INFO -   Version: 50659332 (decoded: 03.05.00.04)
2024-07-07 17:58:49,662 - INFO -   Total Packet Length: 768 bytes
2024-07-07 17:58:49,663 - INFO -   Platform: 0xA6843
2024-07-07 17:58:49,663 - INFO -   Frame Number: 237
2024-07-07 17:58:49,663 - INFO -   Time [CPU Cycles]: 1698901400
2024-07-07 17:58:49,663 - INFO -   Number of Detected Objects: 6
2024-07-07 17:58:49,663 - INFO -   Number of TLVs: 5
2024-07-07 17:58:49,663 - INFO -   Subframe Number: 0
2024-07-07 17:58:49,663 - INFO - -----------------------End Frame Header -----------------------------:
2024-07-07 17:58:49,663 - ERROR - Error unpacking point data: unpack requires a buffer of 16 bytes
2024-07-07 17:58:49,663 - INFO - -----------------------Detected Points ---------------------------:
2024-07-07 17:58:49,663 - INFO -   Point 1: X: -0.36, Y: 0.49, Z: 0.00, Velocity: 0.00, Distance: 0.61
2024-07-07 17:58:49,663 - INFO -   Point 2: X: -0.46, Y: 0.58, Z: 0.00, Velocity: 0.00, Distance: 0.74
2024-07-07 17:58:49,663 - INFO -   Point 3: X: -0.53, Y: 4.24, Z: 0.00, Velocity: 0.00, Distance: 4.27
2024-07-07 17:58:49,663 - INFO -   Point 4: X: -2.94, Y: 3.10, Z: 0.00, Velocity: 0.00, Distance: 4.27
2024-07-07 17:58:49,663 - INFO -   Point 5: X: 3.57, Y: 4.46, Z: 0.00, Velocity: 0.00, Distance: 5.71
2024-07-07 17:58:49,663 - INFO - -----------------------End Detected Points ---------------------------:
2024-07-07 17:58:49,763 - INFO - -----------------------Start Frame Header ---------------------------:
2024-07-07 17:58:49,763 - INFO -   Magic Word: 0201040306050807
2024-07-07 17:58:49,763 - INFO -   Version: 50659332 (decoded: 03.05.00.04)
2024-07-07 17:58:49,763 - INFO -   Total Packet Length: 768 bytes
2024-07-07 17:58:49,763 - INFO -   Platform: 0xA6843
2024-07-07 17:58:49,763 - INFO -   Frame Number: 238
2024-07-07 17:58:49,763 - INFO -   Time [CPU Cycles]: 1718898687
2024-07-07 17:58:49,763 - INFO -   Number of Detected Objects: 6
2024-07-07 17:58:49,763 - INFO -   Number of TLVs: 5
2024-07-07 17:58:49,763 - INFO -   Subframe Number: 0
2024-07-07 17:58:49,763 - INFO - -----------------------End Frame Header -----------------------------:
2024-07-07 17:58:49,763 - ERROR - Error unpacking point data: unpack requires a buffer of 16 bytes
2024-07-07 17:58:49,763 - INFO - -----------------------Detected Points ---------------------------:
2024-07-07 17:58:49,763 - INFO -   Point 1: X: -0.36, Y: 0.49, Z: 0.00, Velocity: 0.00, Distance: 0.61
2024-07-07 17:58:49,763 - INFO -   Point 2: X: -0.46, Y: 0.58, Z: 0.00, Velocity: 0.00, Distance: 0.74
2024-07-07 17:58:49,763 - INFO -   Point 3: X: -0.53, Y: 4.24, Z: 0.00, Velocity: 0.00, Distance: 4.27
2024-07-07 17:58:49,763 - INFO -   Point 4: X: -2.94, Y: 3.10, Z: 0.00, Velocity: 0.00, Distance: 4.27
2024-07-07 17:58:49,763 - INFO -   Point 5: X: 3.57, Y: 4.46, Z: 0.00, Velocity: 0.00, Distance: 5.71
2024-07-07 17:58:49,763 - INFO - -----------------------End Detected Points ---------------------------:
2024-07-07 17:58:49,863 - INFO - -----------------------Start Frame Header ---------------------------:
2024-07-07 17:58:49,863 - INFO -   Magic Word: 0201040306050807
2024-07-07 17:58:49,863 - INFO -   Version: 50659332 (decoded: 03.05.00.04)
2024-07-07 17:58:49,863 - INFO -   Total Packet Length: 768 bytes
2024-07-07 17:58:49,863 - INFO -   Platform: 0xA6843
2024-07-07 17:58:49,863 - INFO -   Frame Number: 239
2024-07-07 17:58:49,863 - INFO -   Time [CPU Cycles]: 1738898521
2024-07-07 17:58:49,863 - INFO -   Number of Detected Objects: 6
2024-07-07 17:58:49,863 - INFO -   Number of TLVs: 5
2024-07-07 17:58:49,863 - INFO -   Subframe Number: 0
2024-07-07 17:58:49,863 - INFO - -----------------------End Frame Header -----------------------------:
2024-07-07 17:58:49,863 - ERROR - Error unpacking point data: unpack requires a buffer of 16 bytes
2024-07-07 17:58:49,863 - INFO - -----------------------Detected Points ---------------------------:
2024-07-07 17:58:49,863 - INFO -   Point 1: X: -0.36, Y: 0.49, Z: 0.00, Velocity: 0.00, Distance: 0.61
2024-07-07 17:58:49,863 - INFO -   Point 2: X: -0.46, Y: 0.58, Z: 0.00, Velocity: 0.00, Distance: 0.74
2024-07-07 17:58:49,863 - INFO -   Point 3: X: -0.53, Y: 4.24, Z: 0.00, Velocity: 0.00, Distance: 4.27
2024-07-07 17:58:49,863 - INFO -   Point 4: X: -2.94, Y: 3.10, Z: 0.00, Velocity: 0.00, Distance: 4.27
2024-07-07 17:58:49,863 - INFO -   Point 5: X: 3.57, Y: 4.46, Z: 0.00, Velocity: 0.00, Distance: 5.71
2024-07-07 17:58:49,863 - INFO - -----------------------End Detected Points ---------------------------:
2024-07-07 17:58:49,962 - INFO - -----------------------Start Frame Header ---------------------------:
2024-07-07 17:58:49,963 - INFO -   Magic Word: 0201040306050807
2024-07-07 17:58:49,963 - INFO -   Version: 50659332 (decoded: 03.05.00.04)
2024-07-07 17:58:49,963 - INFO -   Total Packet Length: 768 bytes
2024-07-07 17:58:49,963 - INFO -   Platform: 0xA6843
2024-07-07 17:58:49,963 - INFO -   Frame Number: 240
2024-07-07 17:58:49,963 - INFO -   Time [CPU Cycles]: 1758902178
2024-07-07 17:58:49,963 - INFO -   Number of Detected Objects: 6
2024-07-07 17:58:49,963 - INFO -   Number of TLVs: 5
2024-07-07 17:58:49,963 - INFO -   Subframe Number: 0
2024-07-07 17:58:49,963 - INFO - -----------------------End Frame Header -----------------------------:
2024-07-07 17:58:49,963 - ERROR - Error unpacking point data: unpack requires a buffer of 16 bytes
2024-07-07 17:58:49,963 - INFO - -----------------------Detected Points ---------------------------:
2024-07-07 17:58:49,963 - INFO -   Point 1: X: -0.36, Y: 0.49, Z: 0.00, Velocity: 0.00, Distance: 0.61
2024-07-07 17:58:49,963 - INFO -   Point 2: X: -0.46, Y: 0.58, Z: 0.00, Velocity: 0.00, Distance: 0.74
2024-07-07 17:58:49,963 - INFO -   Point 3: X: -0.53, Y: 4.24, Z: 0.00, Velocity: 0.00, Distance: 4.27
2024-07-07 17:58:49,963 - INFO -   Point 4: X: -2.94, Y: 3.10, Z: 0.00, Velocity: 0.00, Distance: 4.27
2024-07-07 17:58:49,963 - INFO -   Point 5: X: 3.57, Y: 4.46, Z: 0.00, Velocity: 0.00, Distance: 5.71
2024-07-07 17:58:49,963 - INFO - -----------------------End Detected Points ---------------------------:
2024-07-07 17:58:50,062 - INFO - -----------------------Start Frame Header ---------------------------:
2024-07-07 17:58:50,062 - INFO -   Magic Word: 0201040306050807
2024-07-07 17:58:50,062 - INFO -   Version: 50659332 (decoded: 03.05.00.04)
2024-07-07 17:58:50,062 - INFO -   Total Packet Length: 800 bytes
2024-07-07 17:58:50,062 - INFO -   Platform: 0xA6843
2024-07-07 17:58:50,062 - INFO -   Frame Number: 241
2024-07-07 17:58:50,062 - INFO -   Time [CPU Cycles]: 1778901295
2024-07-07 17:58:50,062 - INFO -   Number of Detected Objects: 7
2024-07-07 17:58:50,062 - INFO -   Number of TLVs: 5
2024-07-07 17:58:50,062 - INFO -   Subframe Number: 0
2024-07-07 17:58:50,062 - INFO - -----------------------End Frame Header -----------------------------:
2024-07-07 17:58:50,062 - ERROR - Error unpacking point data: unpack requires a buffer of 16 bytes
2024-07-07 17:58:50,062 - ERROR - Error unpacking point data: unpack requires a buffer of 16 bytes
2024-07-07 17:58:50,062 - INFO - -----------------------Detected Points ---------------------------:
2024-07-07 17:58:50,062 - INFO -   Point 1: X: -0.36, Y: 0.49, Z: 0.00, Velocity: 0.00, Distance: 0.61
2024-07-07 17:58:50,062 - INFO -   Point 2: X: -0.57, Y: 0.21, Z: 0.00, Velocity: 0.00, Distance: 0.61
2024-07-07 17:58:50,062 - INFO -   Point 3: X: -0.52, Y: 0.59, Z: 0.00, Velocity: 0.00, Distance: 0.78
2024-07-07 17:58:50,063 - INFO -   Point 4: X: -0.53, Y: 4.24, Z: 0.00, Velocity: 0.00, Distance: 4.27
2024-07-07 17:58:50,063 - INFO -   Point 5: X: -2.94, Y: 3.10, Z: 0.00, Velocity: 0.00, Distance: 4.27
2024-07-07 17:58:50,063 - INFO - -----------------------End Detected Points ---------------------------:
2024-07-07 17:58:50,162 - INFO - -----------------------Start Frame Header ---------------------------:
2024-07-07 17:58:50,163 - INFO -   Magic Word: 0201040306050807
2024-07-07 17:58:50,163 - INFO -   Version: 50659332 (decoded: 03.05.00.04)
2024-07-07 17:58:50,163 - INFO -   Total Packet Length: 800 bytes
2024-07-07 17:58:50,163 - INFO -   Platform: 0xA6843
2024-07-07 17:58:50,163 - INFO -   Frame Number: 242
2024-07-07 17:58:50,163 - INFO -   Time [CPU Cycles]: 1798901698
2024-07-07 17:58:50,163 - INFO -   Number of Detected Objects: 7
2024-07-07 17:58:50,163 - INFO -   Number of TLVs: 5
2024-07-07 17:58:50,163 - INFO -   Subframe Number: 0
2024-07-07 17:58:50,163 - INFO - -----------------------End Frame Header -----------------------------:
2024-07-07 17:58:50,163 - ERROR - Error unpacking point data: unpack requires a buffer of 16 bytes
2024-07-07 17:58:50,163 - ERROR - Error unpacking point data: unpack requires a buffer of 16 bytes
2024-07-07 17:58:50,163 - INFO - -----------------------Detected Points ---------------------------:
2024-07-07 17:58:50,163 - INFO -   Point 1: X: -0.36, Y: 0.49, Z: 0.00, Velocity: 0.00, Distance: 0.61
2024-07-07 17:58:50,163 - INFO -   Point 2: X: -0.59, Y: 0.15, Z: 0.00, Velocity: 0.00, Distance: 0.61
2024-07-07 17:58:50,163 - INFO -   Point 3: X: -0.52, Y: 0.59, Z: 0.00, Velocity: 0.00, Distance: 0.78
2024-07-07 17:58:50,163 - INFO -   Point 4: X: -0.53, Y: 4.24, Z: 0.00, Velocity: 0.00, Distance: 4.27
2024-07-07 17:58:50,163 - INFO -   Point 5: X: -2.94, Y: 3.10, Z: 0.00, Velocity: 0.00, Distance: 4.27
2024-07-07 17:58:50,163 - INFO - -----------------------End Detected Points ---------------------------:
2024-07-07 17:58:50,262 - INFO - -----------------------Start Frame Header ---------------------------:
2024-07-07 17:58:50,263 - INFO -   Magic Word: 0201040306050807
2024-07-07 17:58:50,263 - INFO -   Version: 50659332 (decoded: 03.05.00.04)
2024-07-07 17:58:50,263 - INFO -   Total Packet Length: 800 bytes
2024-07-07 17:58:50,263 - INFO -   Platform: 0xA6843
2024-07-07 17:58:50,263 - INFO -   Frame Number: 243
2024-07-07 17:58:50,263 - INFO -   Time [CPU Cycles]: 1818901525
2024-07-07 17:58:50,263 - INFO -   Number of Detected Objects: 7
2024-07-07 17:58:50,263 - INFO -   Number of TLVs: 5
2024-07-07 17:58:50,263 - INFO -   Subframe Number: 0
2024-07-07 17:58:50,263 - INFO - -----------------------End Frame Header -----------------------------:
2024-07-07 17:58:50,263 - ERROR - Error unpacking point data: unpack requires a buffer of 16 bytes
2024-07-07 17:58:50,263 - ERROR - Error unpacking point data: unpack requires a buffer of 16 bytes
2024-07-07 17:58:50,263 - INFO - -----------------------Detected Points ---------------------------:
2024-07-07 17:58:50,263 - INFO -   Point 1: X: -0.36, Y: 0.49, Z: 0.00, Velocity: 0.00, Distance: 0.61
2024-07-07 17:58:50,263 - INFO -   Point 2: X: -0.59, Y: 0.15, Z: 0.00, Velocity: 0.00, Distance: 0.61
2024-07-07 17:58:50,263 - INFO -   Point 3: X: -0.52, Y: 0.59, Z: 0.00, Velocity: 0.00, Distance: 0.78
2024-07-07 17:58:50,263 - INFO -   Point 4: X: -0.53, Y: 4.24, Z: 0.00, Velocity: 0.00, Distance: 4.27
2024-07-07 17:58:50,263 - INFO -   Point 5: X: -2.94, Y: 3.10, Z: 0.00, Velocity: 0.00, Distance: 4.27
2024-07-07 17:58:50,263 - INFO - -----------------------End Detected Points ---------------------------:
2024-07-07 17:58:50,362 - INFO - -----------------------Start Frame Header ---------------------------:
2024-07-07 17:58:50,362 - INFO -   Magic Word: 0201040306050807
2024-07-07 17:58:50,363 - INFO -   Version: 50659332 (decoded: 03.05.00.04)
2024-07-07 17:58:50,363 - INFO -   Total Packet Length: 800 bytes
2024-07-07 17:58:50,363 - INFO -   Platform: 0xA6843
2024-07-07 17:58:50,363 - INFO -   Frame Number: 244
2024-07-07 17:58:50,363 - INFO -   Time [CPU Cycles]: 1838901461
2024-07-07 17:58:50,363 - INFO -   Number of Detected Objects: 7
2024-07-07 17:58:50,363 - INFO -   Number of TLVs: 5
2024-07-07 17:58:50,363 - INFO -   Subframe Number: 0
2024-07-07 17:58:50,363 - INFO - -----------------------End Frame Header -----------------------------:
2024-07-07 17:58:50,363 - ERROR - Error unpacking point data: unpack requires a buffer of 16 bytes
2024-07-07 17:58:50,363 - ERROR - Error unpacking point data: unpack requires a buffer of 16 bytes
2024-07-07 17:58:50,363 - INFO - -----------------------Detected Points ---------------------------:
2024-07-07 17:58:50,363 - INFO -   Point 1: X: -0.36, Y: 0.49, Z: 0.00, Velocity: 0.00, Distance: 0.61
2024-07-07 17:58:50,363 - INFO -   Point 2: X: -0.59, Y: 0.15, Z: 0.00, Velocity: 0.00, Distance: 0.61
2024-07-07 17:58:50,363 - INFO -   Point 3: X: -0.52, Y: 0.59, Z: 0.00, Velocity: 0.00, Distance: 0.78
2024-07-07 17:58:50,363 - INFO -   Point 4: X: -0.53, Y: 4.24, Z: 0.00, Velocity: 0.00, Distance: 4.27
2024-07-07 17:58:50,363 - INFO -   Point 5: X: -2.94, Y: 3.10, Z: 0.00, Velocity: 0.00, Distance: 4.27
2024-07-07 17:58:50,363 - INFO - -----------------------End Detected Points ---------------------------:
2024-07-07 17:58:50,462 - INFO - -----------------------Start Frame Header ---------------------------:
2024-07-07 17:58:50,462 - INFO -   Magic Word: 0201040306050807
2024-07-07 17:58:50,463 - INFO -   Version: 50659332 (decoded: 03.05.00.04)
2024-07-07 17:58:50,463 - INFO -   Total Packet Length: 768 bytes
2024-07-07 17:58:50,463 - INFO -   Platform: 0xA6843
2024-07-07 17:58:50,463 - INFO -   Frame Number: 245
2024-07-07 17:58:50,463 - INFO -   Time [CPU Cycles]: 1858898191
2024-07-07 17:58:50,463 - INFO -   Number of Detected Objects: 5
2024-07-07 17:58:50,463 - INFO -   Number of TLVs: 5
2024-07-07 17:58:50,463 - INFO -   Subframe Number: 0
2024-07-07 17:58:50,463 - INFO - -----------------------End Frame Header -----------------------------:
2024-07-07 17:58:50,463 - INFO - -----------------------Detected Points ---------------------------:
2024-07-07 17:58:50,463 - INFO -   Point 1: X: -0.36, Y: 0.49, Z: 0.00, Velocity: 0.00, Distance: 0.61
2024-07-07 17:58:50,463 - INFO -   Point 2: X: -0.59, Y: 0.15, Z: 0.00, Velocity: 0.00, Distance: 0.61
2024-07-07 17:58:50,463 - INFO -   Point 3: X: -0.52, Y: 0.59, Z: 0.00, Velocity: 0.00, Distance: 0.78
2024-07-07 17:58:50,463 - INFO -   Point 4: X: -0.53, Y: 4.24, Z: 0.00, Velocity: 0.00, Distance: 4.27
2024-07-07 17:58:50,463 - INFO -   Point 5: X: -2.94, Y: 3.10, Z: 0.00, Velocity: 0.00, Distance: 4.27
2024-07-07 17:58:50,463 - INFO - -----------------------End Detected Points ---------------------------:
2024-07-07 17:58:50,562 - INFO - -----------------------Start Frame Header ---------------------------:
2024-07-07 17:58:50,562 - INFO -   Magic Word: 0201040306050807
2024-07-07 17:58:50,562 - INFO -   Version: 50659332 (decoded: 03.05.00.04)
2024-07-07 17:58:50,562 - INFO -   Total Packet Length: 800 bytes
2024-07-07 17:58:50,562 - INFO -   Platform: 0xA6843
2024-07-07 17:58:50,562 - INFO -   Frame Number: 246
2024-07-07 17:58:50,562 - INFO -   Time [CPU Cycles]: 1878901687
2024-07-07 17:58:50,562 - INFO -   Number of Detected Objects: 7
2024-07-07 17:58:50,562 - INFO -   Number of TLVs: 5
2024-07-07 17:58:50,562 - INFO -   Subframe Number: 0
2024-07-07 17:58:50,562 - INFO - -----------------------End Frame Header -----------------------------:
2024-07-07 17:58:50,562 - ERROR - Error unpacking point data: unpack requires a buffer of 16 bytes
2024-07-07 17:58:50,562 - ERROR - Error unpacking point data: unpack requires a buffer of 16 bytes
2024-07-07 17:58:50,562 - INFO - -----------------------Detected Points ---------------------------:
2024-07-07 17:58:50,562 - INFO -   Point 1: X: -0.36, Y: 0.49, Z: 0.00, Velocity: 0.00, Distance: 0.61
2024-07-07 17:58:50,562 - INFO -   Point 2: X: -0.59, Y: 0.15, Z: 0.00, Velocity: 0.00, Distance: 0.61
2024-07-07 17:58:50,562 - INFO -   Point 3: X: -0.52, Y: 0.59, Z: 0.00, Velocity: 0.00, Distance: 0.78
2024-07-07 17:58:50,562 - INFO -   Point 4: X: -0.53, Y: 4.24, Z: 0.00, Velocity: 0.00, Distance: 4.27
2024-07-07 17:58:50,562 - INFO -   Point 5: X: -2.94, Y: 3.10, Z: 0.00, Velocity: 0.00, Distance: 4.27
2024-07-07 17:58:50,562 - INFO - -----------------------End Detected Points ---------------------------:
2024-07-07 17:58:50,662 - INFO - -----------------------Start Frame Header ---------------------------:
2024-07-07 17:58:50,662 - INFO -   Magic Word: 0201040306050807
2024-07-07 17:58:50,662 - INFO -   Version: 50659332 (decoded: 03.05.00.04)
2024-07-07 17:58:50,662 - INFO -   Total Packet Length: 800 bytes
2024-07-07 17:58:50,662 - INFO -   Platform: 0xA6843
2024-07-07 17:58:50,662 - INFO -   Frame Number: 247
2024-07-07 17:58:50,662 - INFO -   Time [CPU Cycles]: 1898901799
2024-07-07 17:58:50,662 - INFO -   Number of Detected Objects: 7
2024-07-07 17:58:50,662 - INFO -   Number of TLVs: 5
2024-07-07 17:58:50,662 - INFO -   Subframe Number: 0
2024-07-07 17:58:50,662 - INFO - -----------------------End Frame Header -----------------------------:
2024-07-07 17:58:50,662 - ERROR - Error unpacking point data: unpack requires a buffer of 16 bytes
2024-07-07 17:58:50,662 - ERROR - Error unpacking point data: unpack requires a buffer of 16 bytes
2024-07-07 17:58:50,662 - INFO - -----------------------Detected Points ---------------------------:
2024-07-07 17:58:50,662 - INFO -   Point 1: X: -0.36, Y: 0.49, Z: 0.00, Velocity: 0.00, Distance: 0.61
2024-07-07 17:58:50,662 - INFO -   Point 2: X: -0.59, Y: 0.15, Z: 0.00, Velocity: 0.00, Distance: 0.61
2024-07-07 17:58:50,662 - INFO -   Point 3: X: -0.54, Y: 0.57, Z: 0.00, Velocity: 0.00, Distance: 0.78
2024-07-07 17:58:50,662 - INFO -   Point 4: X: -0.53, Y: 4.24, Z: 0.00, Velocity: 0.00, Distance: 4.27
2024-07-07 17:58:50,662 - INFO -   Point 5: X: -2.94, Y: 3.10, Z: 0.00, Velocity: 0.00, Distance: 4.27
2024-07-07 17:58:50,662 - INFO - -----------------------End Detected Points ---------------------------:
2024-07-07 17:58:50,762 - INFO - -----------------------Start Frame Header ---------------------------:
2024-07-07 17:58:50,762 - INFO -   Magic Word: 0201040306050807
2024-07-07 17:58:50,762 - INFO -   Version: 50659332 (decoded: 03.05.00.04)
2024-07-07 17:58:50,763 - INFO -   Total Packet Length: 736 bytes
2024-07-07 17:58:50,763 - INFO -   Platform: 0xA6843
2024-07-07 17:58:50,763 - INFO -   Frame Number: 248
2024-07-07 17:58:50,763 - INFO -   Time [CPU Cycles]: 1918897976
2024-07-07 17:58:50,763 - INFO -   Number of Detected Objects: 4
2024-07-07 17:58:50,763 - INFO -   Number of TLVs: 5
2024-07-07 17:58:50,763 - INFO -   Subframe Number: 0
2024-07-07 17:58:50,763 - INFO - -----------------------End Frame Header -----------------------------:
2024-07-07 17:58:50,763 - INFO - -----------------------Detected Points ---------------------------:
2024-07-07 17:58:50,763 - INFO -   Point 1: X: -0.36, Y: 0.49, Z: 0.00, Velocity: 0.00, Distance: 0.61
2024-07-07 17:58:50,763 - INFO -   Point 2: X: -0.54, Y: 0.57, Z: 0.00, Velocity: 0.00, Distance: 0.78
2024-07-07 17:58:50,763 - INFO -   Point 3: X: -0.53, Y: 4.24, Z: 0.00, Velocity: 0.00, Distance: 4.27
2024-07-07 17:58:50,763 - INFO -   Point 4: X: -2.94, Y: 3.10, Z: 0.00, Velocity: 0.00, Distance: 4.27
2024-07-07 17:58:50,763 - INFO - -----------------------End Detected Points ---------------------------:
2024-07-07 17:58:50,862 - INFO - -----------------------Start Frame Header ---------------------------:
2024-07-07 17:58:50,862 - INFO -   Magic Word: 0201040306050807
2024-07-07 17:58:50,862 - INFO -   Version: 50659332 (decoded: 03.05.00.04)
2024-07-07 17:58:50,862 - INFO -   Total Packet Length: 768 bytes
2024-07-07 17:58:50,862 - INFO -   Platform: 0xA6843
2024-07-07 17:58:50,862 - INFO -   Frame Number: 249
2024-07-07 17:58:50,862 - INFO -   Time [CPU Cycles]: 1938898838
2024-07-07 17:58:50,862 - INFO -   Number of Detected Objects: 5
2024-07-07 17:58:50,862 - INFO -   Number of TLVs: 5
2024-07-07 17:58:50,862 - INFO -   Subframe Number: 0
2024-07-07 17:58:50,862 - INFO - -----------------------End Frame Header -----------------------------:
2024-07-07 17:58:50,862 - INFO - -----------------------Detected Points ---------------------------:
2024-07-07 17:58:50,862 - INFO -   Point 1: X: -0.36, Y: 0.49, Z: 0.00, Velocity: 0.00, Distance: 0.61
2024-07-07 17:58:50,862 - INFO -   Point 2: X: -0.53, Y: 4.24, Z: 0.00, Velocity: 0.00, Distance: 4.27
2024-07-07 17:58:50,862 - INFO -   Point 3: X: -2.94, Y: 3.10, Z: 0.00, Velocity: 0.00, Distance: 4.27
2024-07-07 17:58:50,862 - INFO -   Point 4: X: 3.57, Y: 4.46, Z: 0.00, Velocity: 0.00, Distance: 5.71
2024-07-07 17:58:50,862 - INFO -   Point 5: X: 5.53, Y: 1.42, Z: 0.00, Velocity: 0.00, Distance: 5.71
2024-07-07 17:58:50,862 - INFO - -----------------------End Detected Points ---------------------------:
2024-07-07 17:58:50,962 - INFO - -----------------------Start Frame Header ---------------------------:
2024-07-07 17:58:50,962 - INFO -   Magic Word: 0201040306050807
2024-07-07 17:58:50,962 - INFO -   Version: 50659332 (decoded: 03.05.00.04)
2024-07-07 17:58:50,962 - INFO -   Total Packet Length: 768 bytes
2024-07-07 17:58:50,962 - INFO -   Platform: 0xA6843
2024-07-07 17:58:50,962 - INFO -   Frame Number: 250
2024-07-07 17:58:50,962 - INFO -   Time [CPU Cycles]: 1958901652
2024-07-07 17:58:50,962 - INFO -   Number of Detected Objects: 6
2024-07-07 17:58:50,962 - INFO -   Number of TLVs: 5
2024-07-07 17:58:50,962 - INFO -   Subframe Number: 0
2024-07-07 17:58:50,962 - INFO - -----------------------End Frame Header -----------------------------:
2024-07-07 17:58:50,962 - ERROR - Error unpacking point data: unpack requires a buffer of 16 bytes
2024-07-07 17:58:50,962 - INFO - -----------------------Detected Points ---------------------------:
2024-07-07 17:58:50,962 - INFO -   Point 1: X: -0.38, Y: 0.48, Z: 0.00, Velocity: 0.00, Distance: 0.61
2024-07-07 17:58:50,962 - INFO -   Point 2: X: -0.49, Y: 0.56, Z: 0.00, Velocity: 0.00, Distance: 0.74
2024-07-07 17:58:50,962 - INFO -   Point 3: X: -0.53, Y: 4.24, Z: 0.00, Velocity: 0.00, Distance: 4.27
2024-07-07 17:58:50,962 - INFO -   Point 4: X: -2.94, Y: 3.10, Z: 0.00, Velocity: 0.00, Distance: 4.27
2024-07-07 17:58:50,962 - INFO -   Point 5: X: 3.57, Y: 4.46, Z: 0.00, Velocity: 0.00, Distance: 5.71
2024-07-07 17:58:50,962 - INFO - -----------------------End Detected Points ---------------------------:
2024-07-07 17:58:51,062 - INFO - -----------------------Start Frame Header ---------------------------:
2024-07-07 17:58:51,062 - INFO -   Magic Word: 0201040306050807
2024-07-07 17:58:51,062 - INFO -   Version: 50659332 (decoded: 03.05.00.04)
2024-07-07 17:58:51,062 - INFO -   Total Packet Length: 768 bytes
2024-07-07 17:58:51,062 - INFO -   Platform: 0xA6843
2024-07-07 17:58:51,062 - INFO -   Frame Number: 251
2024-07-07 17:58:51,062 - INFO -   Time [CPU Cycles]: 1978900930
2024-07-07 17:58:51,062 - INFO -   Number of Detected Objects: 6
2024-07-07 17:58:51,062 - INFO -   Number of TLVs: 5
2024-07-07 17:58:51,062 - INFO -   Subframe Number: 0
2024-07-07 17:58:51,062 - INFO - -----------------------End Frame Header -----------------------------:
2024-07-07 17:58:51,062 - ERROR - Error unpacking point data: unpack requires a buffer of 16 bytes
2024-07-07 17:58:51,062 - INFO - -----------------------Detected Points ---------------------------:
2024-07-07 17:58:51,062 - INFO -   Point 1: X: -0.38, Y: 0.48, Z: 0.00, Velocity: 0.00, Distance: 0.61
2024-07-07 17:58:51,062 - INFO -   Point 2: X: -0.49, Y: 0.56, Z: 0.00, Velocity: 0.00, Distance: 0.74
2024-07-07 17:58:51,062 - INFO -   Point 3: X: -0.53, Y: 4.24, Z: 0.00, Velocity: 0.00, Distance: 4.27
2024-07-07 17:58:51,062 - INFO -   Point 4: X: -2.94, Y: 3.10, Z: 0.00, Velocity: 0.00, Distance: 4.27
2024-07-07 17:58:51,062 - INFO -   Point 5: X: 3.57, Y: 4.46, Z: 0.00, Velocity: 0.00, Distance: 5.71
2024-07-07 17:58:51,062 - INFO - -----------------------End Detected Points ---------------------------:
2024-07-07 17:58:51,162 - INFO - -----------------------Start Frame Header ---------------------------:
2024-07-07 17:58:51,162 - INFO -   Magic Word: 0201040306050807
2024-07-07 17:58:51,162 - INFO -   Version: 50659332 (decoded: 03.05.00.04)
2024-07-07 17:58:51,162 - INFO -   Total Packet Length: 768 bytes
2024-07-07 17:58:51,163 - INFO -   Platform: 0xA6843
2024-07-07 17:58:51,163 - INFO -   Frame Number: 252
2024-07-07 17:58:51,163 - INFO -   Time [CPU Cycles]: 1998901294
2024-07-07 17:58:51,163 - INFO -   Number of Detected Objects: 6
2024-07-07 17:58:51,163 - INFO -   Number of TLVs: 5
2024-07-07 17:58:51,163 - INFO -   Subframe Number: 0
2024-07-07 17:58:51,163 - INFO - -----------------------End Frame Header -----------------------------:
2024-07-07 17:58:51,163 - ERROR - Error unpacking point data: unpack requires a buffer of 16 bytes
2024-07-07 17:58:51,163 - INFO - -----------------------Detected Points ---------------------------:
2024-07-07 17:58:51,163 - INFO -   Point 1: X: -0.38, Y: 0.48, Z: 0.00, Velocity: 0.00, Distance: 0.61
2024-07-07 17:58:51,163 - INFO -   Point 2: X: -0.49, Y: 0.56, Z: 0.00, Velocity: 0.00, Distance: 0.74
2024-07-07 17:58:51,163 - INFO -   Point 3: X: -0.53, Y: 4.24, Z: 0.00, Velocity: 0.00, Distance: 4.27
2024-07-07 17:58:51,163 - INFO -   Point 4: X: -2.94, Y: 3.10, Z: 0.00, Velocity: 0.00, Distance: 4.27
2024-07-07 17:58:51,163 - INFO -   Point 5: X: 3.57, Y: 4.46, Z: 0.00, Velocity: 0.00, Distance: 5.71
2024-07-07 17:58:51,163 - INFO - -----------------------End Detected Points ---------------------------:
2024-07-07 17:58:51,262 - INFO - -----------------------Start Frame Header ---------------------------:
2024-07-07 17:58:51,262 - INFO -   Magic Word: 0201040306050807
2024-07-07 17:58:51,262 - INFO -   Version: 50659332 (decoded: 03.05.00.04)
2024-07-07 17:58:51,262 - INFO -   Total Packet Length: 768 bytes
2024-07-07 17:58:51,262 - INFO -   Platform: 0xA6843
2024-07-07 17:58:51,262 - INFO -   Frame Number: 253
2024-07-07 17:58:51,263 - INFO -   Time [CPU Cycles]: 2018901546
2024-07-07 17:58:51,263 - INFO -   Number of Detected Objects: 6
2024-07-07 17:58:51,263 - INFO -   Number of TLVs: 5
2024-07-07 17:58:51,263 - INFO -   Subframe Number: 0
2024-07-07 17:58:51,263 - INFO - -----------------------End Frame Header -----------------------------:
2024-07-07 17:58:51,263 - ERROR - Error unpacking point data: unpack requires a buffer of 16 bytes
2024-07-07 17:58:51,263 - INFO - -----------------------Detected Points ---------------------------:
2024-07-07 17:58:51,263 - INFO -   Point 1: X: -0.38, Y: 0.48, Z: 0.00, Velocity: 0.00, Distance: 0.61
2024-07-07 17:58:51,263 - INFO -   Point 2: X: -0.49, Y: 0.56, Z: 0.00, Velocity: 0.00, Distance: 0.74
2024-07-07 17:58:51,263 - INFO -   Point 3: X: -0.53, Y: 4.24, Z: 0.00, Velocity: 0.00, Distance: 4.27
2024-07-07 17:58:51,263 - INFO -   Point 4: X: -2.94, Y: 3.10, Z: 0.00, Velocity: 0.00, Distance: 4.27
2024-07-07 17:58:51,263 - INFO -   Point 5: X: 3.57, Y: 4.46, Z: 0.00, Velocity: 0.00, Distance: 5.71
2024-07-07 17:58:51,263 - INFO - -----------------------End Detected Points ---------------------------:
2024-07-07 17:58:51,362 - INFO - -----------------------Start Frame Header ---------------------------:
2024-07-07 17:58:51,362 - INFO -   Magic Word: 0201040306050807
2024-07-07 17:58:51,362 - INFO -   Version: 50659332 (decoded: 03.05.00.04)
2024-07-07 17:58:51,362 - INFO -   Total Packet Length: 768 bytes
2024-07-07 17:58:51,362 - INFO -   Platform: 0xA6843
2024-07-07 17:58:51,362 - INFO -   Frame Number: 254
2024-07-07 17:58:51,362 - INFO -   Time [CPU Cycles]: 2038901464
2024-07-07 17:58:51,362 - INFO -   Number of Detected Objects: 6
2024-07-07 17:58:51,362 - INFO -   Number of TLVs: 5
2024-07-07 17:58:51,362 - INFO -   Subframe Number: 0
2024-07-07 17:58:51,362 - INFO - -----------------------End Frame Header -----------------------------:
2024-07-07 17:58:51,362 - ERROR - Error unpacking point data: unpack requires a buffer of 16 bytes
2024-07-07 17:58:51,362 - INFO - -----------------------Detected Points ---------------------------:
2024-07-07 17:58:51,362 - INFO -   Point 1: X: -0.38, Y: 0.48, Z: 0.00, Velocity: 0.00, Distance: 0.61
2024-07-07 17:58:51,362 - INFO -   Point 2: X: -0.49, Y: 0.56, Z: 0.00, Velocity: 0.00, Distance: 0.74
2024-07-07 17:58:51,362 - INFO -   Point 3: X: -0.53, Y: 4.24, Z: 0.00, Velocity: 0.00, Distance: 4.27
2024-07-07 17:58:51,362 - INFO -   Point 4: X: -2.94, Y: 3.10, Z: 0.00, Velocity: 0.00, Distance: 4.27
2024-07-07 17:58:51,362 - INFO -   Point 5: X: 3.57, Y: 4.46, Z: 0.00, Velocity: 0.00, Distance: 5.71
2024-07-07 17:58:51,362 - INFO - -----------------------End Detected Points ---------------------------:
2024-07-07 17:58:51,462 - INFO - -----------------------Start Frame Header ---------------------------:
2024-07-07 17:58:51,462 - INFO -   Magic Word: 0201040306050807
2024-07-07 17:58:51,463 - INFO -   Version: 50659332 (decoded: 03.05.00.04)
2024-07-07 17:58:51,463 - INFO -   Total Packet Length: 736 bytes
2024-07-07 17:58:51,463 - INFO -   Platform: 0xA6843
2024-07-07 17:58:51,463 - INFO -   Frame Number: 255
2024-07-07 17:58:51,463 - INFO -   Time [CPU Cycles]: 2058897931
2024-07-07 17:58:51,463 - INFO -   Number of Detected Objects: 4
2024-07-07 17:58:51,463 - INFO -   Number of TLVs: 5
2024-07-07 17:58:51,463 - INFO -   Subframe Number: 0
2024-07-07 17:58:51,463 - INFO - -----------------------End Frame Header -----------------------------:
2024-07-07 17:58:51,463 - INFO - -----------------------Detected Points ---------------------------:
2024-07-07 17:58:51,463 - INFO -   Point 1: X: -0.38, Y: 0.48, Z: 0.00, Velocity: 0.00, Distance: 0.61
2024-07-07 17:58:51,463 - INFO -   Point 2: X: -0.49, Y: 0.56, Z: 0.00, Velocity: 0.00, Distance: 0.74
2024-07-07 17:58:51,463 - INFO -   Point 3: X: -0.53, Y: 4.24, Z: 0.00, Velocity: 0.00, Distance: 4.27
2024-07-07 17:58:51,463 - INFO -   Point 4: X: -2.94, Y: 3.10, Z: 0.00, Velocity: 0.00, Distance: 4.27
2024-07-07 17:58:51,463 - INFO - -----------------------End Detected Points ---------------------------:
2024-07-07 17:58:51,562 - INFO - -----------------------Start Frame Header ---------------------------:
2024-07-07 17:58:51,562 - INFO -   Magic Word: 0201040306050807
2024-07-07 17:58:51,562 - INFO -   Version: 50659332 (decoded: 03.05.00.04)
2024-07-07 17:58:51,562 - INFO -   Total Packet Length: 768 bytes
2024-07-07 17:58:51,562 - INFO -   Platform: 0xA6843
2024-07-07 17:58:51,562 - INFO -   Frame Number: 256
2024-07-07 17:58:51,562 - INFO -   Time [CPU Cycles]: 2078901709
2024-07-07 17:58:51,562 - INFO -   Number of Detected Objects: 6
2024-07-07 17:58:51,562 - INFO -   Number of TLVs: 5
2024-07-07 17:58:51,562 - INFO -   Subframe Number: 0
2024-07-07 17:58:51,562 - INFO - -----------------------End Frame Header -----------------------------:
2024-07-07 17:58:51,562 - ERROR - Error unpacking point data: unpack requires a buffer of 16 bytes
2024-07-07 17:58:51,562 - INFO - -----------------------Detected Points ---------------------------:
2024-07-07 17:58:51,562 - INFO -   Point 1: X: -0.38, Y: 0.48, Z: 0.00, Velocity: 0.00, Distance: 0.61
2024-07-07 17:58:51,562 - INFO -   Point 2: X: -0.54, Y: 0.57, Z: 0.00, Velocity: 0.00, Distance: 0.78
2024-07-07 17:58:51,562 - INFO -   Point 3: X: -0.53, Y: 4.24, Z: 0.00, Velocity: 0.00, Distance: 4.27
2024-07-07 17:58:51,562 - INFO -   Point 4: X: -2.94, Y: 3.10, Z: 0.00, Velocity: 0.00, Distance: 4.27
2024-07-07 17:58:51,562 - INFO -   Point 5: X: 3.57, Y: 4.46, Z: 0.00, Velocity: 0.00, Distance: 5.71
2024-07-07 17:58:51,562 - INFO - -----------------------End Detected Points ---------------------------:
2024-07-07 17:58:51,662 - INFO - -----------------------Start Frame Header ---------------------------:
2024-07-07 17:58:51,662 - INFO -   Magic Word: 0201040306050807
2024-07-07 17:58:51,662 - INFO -   Version: 50659332 (decoded: 03.05.00.04)
2024-07-07 17:58:51,662 - INFO -   Total Packet Length: 768 bytes
2024-07-07 17:58:51,662 - INFO -   Platform: 0xA6843
2024-07-07 17:58:51,663 - INFO -   Frame Number: 257
2024-07-07 17:58:51,663 - INFO -   Time [CPU Cycles]: 2098901443
2024-07-07 17:58:51,663 - INFO -   Number of Detected Objects: 6
2024-07-07 17:58:51,663 - INFO -   Number of TLVs: 5
2024-07-07 17:58:51,663 - INFO -   Subframe Number: 0
2024-07-07 17:58:51,663 - INFO - -----------------------End Frame Header -----------------------------:
2024-07-07 17:58:51,663 - ERROR - Error unpacking point data: unpack requires a buffer of 16 bytes
2024-07-07 17:58:51,663 - INFO - -----------------------Detected Points ---------------------------:
2024-07-07 17:58:51,663 - INFO -   Point 1: X: -0.38, Y: 0.48, Z: 0.00, Velocity: 0.00, Distance: 0.61
2024-07-07 17:58:51,663 - INFO -   Point 2: X: -0.54, Y: 0.57, Z: 0.00, Velocity: 0.00, Distance: 0.78
2024-07-07 17:58:51,663 - INFO -   Point 3: X: -0.53, Y: 4.24, Z: 0.00, Velocity: 0.00, Distance: 4.27
2024-07-07 17:58:51,663 - INFO -   Point 4: X: -2.94, Y: 3.10, Z: 0.00, Velocity: 0.00, Distance: 4.27
2024-07-07 17:58:51,663 - INFO -   Point 5: X: 3.57, Y: 4.46, Z: 0.00, Velocity: 0.00, Distance: 5.71
2024-07-07 17:58:51,663 - INFO - -----------------------End Detected Points ---------------------------:
2024-07-07 17:58:51,762 - INFO - -----------------------Start Frame Header ---------------------------:
2024-07-07 17:58:51,762 - INFO -   Magic Word: 0201040306050807
2024-07-07 17:58:51,762 - INFO -   Version: 50659332 (decoded: 03.05.00.04)
2024-07-07 17:58:51,762 - INFO -   Total Packet Length: 800 bytes
2024-07-07 17:58:51,763 - INFO -   Platform: 0xA6843
2024-07-07 17:58:51,763 - INFO -   Frame Number: 258
2024-07-07 17:58:51,763 - INFO -   Time [CPU Cycles]: 2118904526
2024-07-07 17:58:51,763 - INFO -   Number of Detected Objects: 7
2024-07-07 17:58:51,763 - INFO -   Number of TLVs: 5
2024-07-07 17:58:51,763 - INFO -   Subframe Number: 0
2024-07-07 17:58:51,763 - INFO - -----------------------End Frame Header -----------------------------:
2024-07-07 17:58:51,763 - ERROR - Error unpacking point data: unpack requires a buffer of 16 bytes
2024-07-07 17:58:51,763 - ERROR - Error unpacking point data: unpack requires a buffer of 16 bytes
2024-07-07 17:58:51,763 - INFO - -----------------------Detected Points ---------------------------:
2024-07-07 17:58:51,763 - INFO -   Point 1: X: -0.38, Y: 0.48, Z: 0.00, Velocity: 0.00, Distance: 0.61
2024-07-07 17:58:51,763 - INFO -   Point 2: X: -0.49, Y: 0.56, Z: 0.00, Velocity: 0.00, Distance: 0.74
2024-07-07 17:58:51,763 - INFO -   Point 3: X: -0.54, Y: 0.57, Z: 0.00, Velocity: 0.00, Distance: 0.78
2024-07-07 17:58:51,763 - INFO -   Point 4: X: -0.53, Y: 4.24, Z: 0.00, Velocity: 0.00, Distance: 4.27
2024-07-07 17:58:51,763 - INFO -   Point 5: X: -2.94, Y: 3.10, Z: 0.00, Velocity: 0.00, Distance: 4.27
2024-07-07 17:58:51,763 - INFO - -----------------------End Detected Points ---------------------------:
2024-07-07 17:58:51,862 - INFO - -----------------------Start Frame Header ---------------------------:
2024-07-07 17:58:51,862 - INFO -   Magic Word: 0201040306050807
2024-07-07 17:58:51,862 - INFO -   Version: 50659332 (decoded: 03.05.00.04)
2024-07-07 17:58:51,862 - INFO -   Total Packet Length: 768 bytes
2024-07-07 17:58:51,862 - INFO -   Platform: 0xA6843
2024-07-07 17:58:51,862 - INFO -   Frame Number: 259
2024-07-07 17:58:51,862 - INFO -   Time [CPU Cycles]: 2138901601
2024-07-07 17:58:51,863 - INFO -   Number of Detected Objects: 6
2024-07-07 17:58:51,863 - INFO -   Number of TLVs: 5
2024-07-07 17:58:51,863 - INFO -   Subframe Number: 0
2024-07-07 17:58:51,863 - INFO - -----------------------End Frame Header -----------------------------:
2024-07-07 17:58:51,863 - ERROR - Error unpacking point data: unpack requires a buffer of 16 bytes
2024-07-07 17:58:51,863 - INFO - -----------------------Detected Points ---------------------------:
2024-07-07 17:58:51,863 - INFO -   Point 1: X: -0.38, Y: 0.48, Z: 0.00, Velocity: 0.00, Distance: 0.61
2024-07-07 17:58:51,863 - INFO -   Point 2: X: -0.49, Y: 0.56, Z: 0.00, Velocity: 0.00, Distance: 0.74
2024-07-07 17:58:51,863 - INFO -   Point 3: X: -0.53, Y: 4.24, Z: 0.00, Velocity: 0.00, Distance: 4.27
2024-07-07 17:58:51,863 - INFO -   Point 4: X: -2.94, Y: 3.10, Z: 0.00, Velocity: 0.00, Distance: 4.27
2024-07-07 17:58:51,863 - INFO -   Point 5: X: 3.57, Y: 4.46, Z: 0.00, Velocity: 0.00, Distance: 5.71
2024-07-07 17:58:51,863 - INFO - -----------------------End Detected Points ---------------------------:
2024-07-07 17:58:51,962 - INFO - -----------------------Start Frame Header ---------------------------:
2024-07-07 17:58:51,962 - INFO -   Magic Word: 0201040306050807
2024-07-07 17:58:51,962 - INFO -   Version: 50659332 (decoded: 03.05.00.04)
2024-07-07 17:58:51,962 - INFO -   Total Packet Length: 768 bytes
2024-07-07 17:58:51,962 - INFO -   Platform: 0xA6843
2024-07-07 17:58:51,962 - INFO -   Frame Number: 260
2024-07-07 17:58:51,962 - INFO -   Time [CPU Cycles]: 2158901422
2024-07-07 17:58:51,962 - INFO -   Number of Detected Objects: 6
2024-07-07 17:58:51,962 - INFO -   Number of TLVs: 5
2024-07-07 17:58:51,962 - INFO -   Subframe Number: 0
2024-07-07 17:58:51,962 - INFO - -----------------------End Frame Header -----------------------------:
2024-07-07 17:58:51,962 - ERROR - Error unpacking point data: unpack requires a buffer of 16 bytes
2024-07-07 17:58:51,962 - INFO - -----------------------Detected Points ---------------------------:
2024-07-07 17:58:51,962 - INFO -   Point 1: X: -0.38, Y: 0.48, Z: 0.00, Velocity: 0.00, Distance: 0.61
2024-07-07 17:58:51,962 - INFO -   Point 2: X: -0.49, Y: 0.56, Z: 0.00, Velocity: 0.00, Distance: 0.74
2024-07-07 17:58:51,962 - INFO -   Point 3: X: -0.53, Y: 4.24, Z: 0.00, Velocity: 0.00, Distance: 4.27
2024-07-07 17:58:51,962 - INFO -   Point 4: X: -2.94, Y: 3.10, Z: 0.00, Velocity: 0.00, Distance: 4.27
2024-07-07 17:58:51,962 - INFO -   Point 5: X: 3.57, Y: 4.46, Z: 0.00, Velocity: 0.00, Distance: 5.71
2024-07-07 17:58:51,962 - INFO - -----------------------End Detected Points ---------------------------:
2024-07-07 17:58:52,062 - INFO - -----------------------Start Frame Header ---------------------------:
2024-07-07 17:58:52,063 - INFO -   Magic Word: 0201040306050807
2024-07-07 17:58:52,063 - INFO -   Version: 50659332 (decoded: 03.05.00.04)
2024-07-07 17:58:52,063 - INFO -   Total Packet Length: 768 bytes
2024-07-07 17:58:52,063 - INFO -   Platform: 0xA6843
2024-07-07 17:58:52,063 - INFO -   Frame Number: 261
2024-07-07 17:58:52,063 - INFO -   Time [CPU Cycles]: 2178898179
2024-07-07 17:58:52,063 - INFO -   Number of Detected Objects: 5
2024-07-07 17:58:52,063 - INFO -   Number of TLVs: 5
2024-07-07 17:58:52,063 - INFO -   Subframe Number: 0
2024-07-07 17:58:52,063 - INFO - -----------------------End Frame Header -----------------------------:
2024-07-07 17:58:52,063 - INFO - -----------------------Detected Points ---------------------------:
2024-07-07 17:58:52,063 - INFO -   Point 1: X: -0.36, Y: 0.49, Z: 0.00, Velocity: 0.00, Distance: 0.61
2024-07-07 17:58:52,063 - INFO -   Point 2: X: -0.53, Y: 4.24, Z: 0.00, Velocity: 0.00, Distance: 4.27
2024-07-07 17:58:52,063 - INFO -   Point 3: X: -2.94, Y: 3.10, Z: 0.00, Velocity: 0.00, Distance: 4.27
2024-07-07 17:58:52,063 - INFO -   Point 4: X: 3.57, Y: 4.46, Z: 0.00, Velocity: 0.00, Distance: 5.71
2024-07-07 17:58:52,063 - INFO -   Point 5: X: 5.53, Y: 1.42, Z: 0.00, Velocity: 0.00, Distance: 5.71
2024-07-07 17:58:52,063 - INFO - -----------------------End Detected Points ---------------------------:
2024-07-07 17:58:52,162 - INFO - -----------------------Start Frame Header ---------------------------:
2024-07-07 17:58:52,162 - INFO -   Magic Word: 0201040306050807
2024-07-07 17:58:52,163 - INFO -   Version: 50659332 (decoded: 03.05.00.04)
2024-07-07 17:58:52,163 - INFO -   Total Packet Length: 768 bytes
2024-07-07 17:58:52,163 - INFO -   Platform: 0xA6843
2024-07-07 17:58:52,163 - INFO -   Frame Number: 262
2024-07-07 17:58:52,163 - INFO -   Time [CPU Cycles]: 2198898571
2024-07-07 17:58:52,163 - INFO -   Number of Detected Objects: 5
2024-07-07 17:58:52,163 - INFO -   Number of TLVs: 5
2024-07-07 17:58:52,163 - INFO -   Subframe Number: 0
2024-07-07 17:58:52,163 - INFO - -----------------------End Frame Header -----------------------------:
2024-07-07 17:58:52,163 - INFO - -----------------------Detected Points ---------------------------:
2024-07-07 17:58:52,163 - INFO -   Point 1: X: -0.36, Y: 0.49, Z: 0.00, Velocity: 0.00, Distance: 0.61
2024-07-07 17:58:52,163 - INFO -   Point 2: X: -0.53, Y: 4.24, Z: 0.00, Velocity: 0.00, Distance: 4.27
2024-07-07 17:58:52,163 - INFO -   Point 3: X: -2.94, Y: 3.10, Z: 0.00, Velocity: 0.00, Distance: 4.27
2024-07-07 17:58:52,163 - INFO -   Point 4: X: 3.57, Y: 4.46, Z: 0.00, Velocity: 0.00, Distance: 5.71
2024-07-07 17:58:52,163 - INFO -   Point 5: X: 5.53, Y: 1.42, Z: 0.00, Velocity: 0.00, Distance: 5.71
2024-07-07 17:58:52,163 - INFO - -----------------------End Detected Points ---------------------------:
2024-07-07 17:58:52,262 - INFO - -----------------------Start Frame Header ---------------------------:
2024-07-07 17:58:52,262 - INFO -   Magic Word: 0201040306050807
2024-07-07 17:58:52,262 - INFO -   Version: 50659332 (decoded: 03.05.00.04)
2024-07-07 17:58:52,262 - INFO -   Total Packet Length: 768 bytes
2024-07-07 17:58:52,262 - INFO -   Platform: 0xA6843
2024-07-07 17:58:52,263 - INFO -   Frame Number: 263
2024-07-07 17:58:52,263 - INFO -   Time [CPU Cycles]: 2218898550
2024-07-07 17:58:52,263 - INFO -   Number of Detected Objects: 5
2024-07-07 17:58:52,263 - INFO -   Number of TLVs: 5
2024-07-07 17:58:52,263 - INFO -   Subframe Number: 0
2024-07-07 17:58:52,263 - INFO - -----------------------End Frame Header -----------------------------:
2024-07-07 17:58:52,263 - INFO - -----------------------Detected Points ---------------------------:
2024-07-07 17:58:52,263 - INFO -   Point 1: X: -0.36, Y: 0.49, Z: 0.00, Velocity: 0.00, Distance: 0.61
2024-07-07 17:58:52,263 - INFO -   Point 2: X: -0.53, Y: 4.24, Z: 0.00, Velocity: 0.00, Distance: 4.27
2024-07-07 17:58:52,263 - INFO -   Point 3: X: -2.94, Y: 3.10, Z: 0.00, Velocity: 0.00, Distance: 4.27
2024-07-07 17:58:52,263 - INFO -   Point 4: X: 3.57, Y: 4.46, Z: 0.00, Velocity: 0.00, Distance: 5.71
2024-07-07 17:58:52,263 - INFO -   Point 5: X: 5.53, Y: 1.42, Z: 0.00, Velocity: 0.00, Distance: 5.71
2024-07-07 17:58:52,263 - INFO - -----------------------End Detected Points ---------------------------:
2024-07-07 17:58:52,362 - INFO - -----------------------Start Frame Header ---------------------------:
2024-07-07 17:58:52,362 - INFO -   Magic Word: 0201040306050807
2024-07-07 17:58:52,362 - INFO -   Version: 50659332 (decoded: 03.05.00.04)
2024-07-07 17:58:52,362 - INFO -   Total Packet Length: 768 bytes
2024-07-07 17:58:52,362 - INFO -   Platform: 0xA6843
2024-07-07 17:58:52,362 - INFO -   Frame Number: 264
2024-07-07 17:58:52,362 - INFO -   Time [CPU Cycles]: 2238897810
2024-07-07 17:58:52,362 - INFO -   Number of Detected Objects: 6
2024-07-07 17:58:52,362 - INFO -   Number of TLVs: 5
2024-07-07 17:58:52,362 - INFO -   Subframe Number: 0
2024-07-07 17:58:52,362 - INFO - -----------------------End Frame Header -----------------------------:
2024-07-07 17:58:52,362 - ERROR - Error unpacking point data: unpack requires a buffer of 16 bytes
2024-07-07 17:58:52,362 - INFO - -----------------------Detected Points ---------------------------:
2024-07-07 17:58:52,362 - INFO -   Point 1: X: -0.36, Y: 0.49, Z: 0.00, Velocity: 0.00, Distance: 0.61
2024-07-07 17:58:52,362 - INFO -   Point 2: X: -0.59, Y: 0.15, Z: 0.00, Velocity: 0.00, Distance: 0.61
2024-07-07 17:58:52,362 - INFO -   Point 3: X: -0.53, Y: 4.24, Z: 0.00, Velocity: 0.00, Distance: 4.27
2024-07-07 17:58:52,362 - INFO -   Point 4: X: -2.94, Y: 3.10, Z: 0.00, Velocity: 0.00, Distance: 4.27
2024-07-07 17:58:52,362 - INFO -   Point 5: X: 3.57, Y: 4.46, Z: 0.00, Velocity: 0.00, Distance: 5.71
2024-07-07 17:58:52,362 - INFO - -----------------------End Detected Points ---------------------------:
2024-07-07 17:58:52,462 - INFO - -----------------------Start Frame Header ---------------------------:
2024-07-07 17:58:52,462 - INFO -   Magic Word: 0201040306050807
2024-07-07 17:58:52,462 - INFO -   Version: 50659332 (decoded: 03.05.00.04)
2024-07-07 17:58:52,462 - INFO -   Total Packet Length: 736 bytes
2024-07-07 17:58:52,462 - INFO -   Platform: 0xA6843
2024-07-07 17:58:52,462 - INFO -   Frame Number: 265
2024-07-07 17:58:52,462 - INFO -   Time [CPU Cycles]: 2258894524
2024-07-07 17:58:52,462 - INFO -   Number of Detected Objects: 4
2024-07-07 17:58:52,462 - INFO -   Number of TLVs: 5
2024-07-07 17:58:52,462 - INFO -   Subframe Number: 0
2024-07-07 17:58:52,462 - INFO - -----------------------End Frame Header -----------------------------:
2024-07-07 17:58:52,462 - INFO - -----------------------Detected Points ---------------------------:
2024-07-07 17:58:52,462 - INFO -   Point 1: X: -0.36, Y: 0.49, Z: 0.00, Velocity: 0.00, Distance: 0.61
2024-07-07 17:58:52,462 - INFO -   Point 2: X: -0.59, Y: 0.15, Z: 0.00, Velocity: 0.00, Distance: 0.61
2024-07-07 17:58:52,462 - INFO -   Point 3: X: -0.53, Y: 4.24, Z: 0.00, Velocity: 0.00, Distance: 4.27
2024-07-07 17:58:52,462 - INFO -   Point 4: X: -2.94, Y: 3.10, Z: 0.00, Velocity: 0.00, Distance: 4.27
2024-07-07 17:58:52,462 - INFO - -----------------------End Detected Points ---------------------------:
2024-07-07 17:58:52,562 - INFO - -----------------------Start Frame Header ---------------------------:
2024-07-07 17:58:52,562 - INFO -   Magic Word: 0201040306050807
2024-07-07 17:58:52,562 - INFO -   Version: 50659332 (decoded: 03.05.00.04)
2024-07-07 17:58:52,562 - INFO -   Total Packet Length: 768 bytes
2024-07-07 17:58:52,562 - INFO -   Platform: 0xA6843
2024-07-07 17:58:52,562 - INFO -   Frame Number: 266
2024-07-07 17:58:52,562 - INFO -   Time [CPU Cycles]: 2278897483
2024-07-07 17:58:52,563 - INFO -   Number of Detected Objects: 6
2024-07-07 17:58:52,563 - INFO -   Number of TLVs: 5
2024-07-07 17:58:52,563 - INFO -   Subframe Number: 0
2024-07-07 17:58:52,563 - INFO - -----------------------End Frame Header -----------------------------:
2024-07-07 17:58:52,563 - ERROR - Error unpacking point data: unpack requires a buffer of 16 bytes
2024-07-07 17:58:52,563 - INFO - -----------------------Detected Points ---------------------------:
2024-07-07 17:58:52,563 - INFO -   Point 1: X: -0.36, Y: 0.49, Z: 0.00, Velocity: 0.00, Distance: 0.61
2024-07-07 17:58:52,563 - INFO -   Point 2: X: -0.59, Y: 0.15, Z: 0.00, Velocity: 0.00, Distance: 0.61
2024-07-07 17:58:52,563 - INFO -   Point 3: X: -0.53, Y: 4.24, Z: 0.00, Velocity: 0.00, Distance: 4.27
2024-07-07 17:58:52,563 - INFO -   Point 4: X: -2.94, Y: 3.10, Z: 0.00, Velocity: 0.00, Distance: 4.27
2024-07-07 17:58:52,563 - INFO -   Point 5: X: 3.57, Y: 4.46, Z: 0.00, Velocity: 0.00, Distance: 5.71
2024-07-07 17:58:52,563 - INFO - -----------------------End Detected Points ---------------------------:
2024-07-07 17:58:52,662 - INFO - -----------------------Start Frame Header ---------------------------:
2024-07-07 17:58:52,662 - INFO -   Magic Word: 0201040306050807
2024-07-07 17:58:52,662 - INFO -   Version: 50659332 (decoded: 03.05.00.04)
2024-07-07 17:58:52,662 - INFO -   Total Packet Length: 736 bytes
2024-07-07 17:58:52,662 - INFO -   Platform: 0xA6843
2024-07-07 17:58:52,662 - INFO -   Frame Number: 267
2024-07-07 17:58:52,662 - INFO -   Time [CPU Cycles]: 2298894253
2024-07-07 17:58:52,662 - INFO -   Number of Detected Objects: 4
2024-07-07 17:58:52,662 - INFO -   Number of TLVs: 5
2024-07-07 17:58:52,662 - INFO -   Subframe Number: 0
2024-07-07 17:58:52,663 - INFO - -----------------------End Frame Header -----------------------------:
2024-07-07 17:58:52,762 - INFO - -----------------------Start Frame Header ---------------------------:
2024-07-07 17:58:52,762 - INFO -   Magic Word: 0201040306050807
2024-07-07 17:58:52,762 - INFO -   Version: 50659332 (decoded: 03.05.00.04)
2024-07-07 17:58:52,762 - INFO -   Total Packet Length: 768 bytes
2024-07-07 17:58:52,762 - INFO -   Platform: 0xA6843
2024-07-07 17:58:52,762 - INFO -   Frame Number: 268
2024-07-07 17:58:52,762 - INFO -   Time [CPU Cycles]: 2318900386
2024-07-07 17:58:52,762 - INFO -   Number of Detected Objects: 6
2024-07-07 17:58:52,762 - INFO -   Number of TLVs: 5
2024-07-07 17:58:52,762 - INFO -   Subframe Number: 0
2024-07-07 17:58:52,762 - INFO - -----------------------End Frame Header -----------------------------:
2024-07-07 17:58:52,762 - ERROR - Error unpacking point data: unpack requires a buffer of 16 bytes
2024-07-07 17:58:52,762 - INFO - -----------------------Detected Points ---------------------------:
2024-07-07 17:58:52,762 - INFO -   Point 1: X: -0.38, Y: 0.48, Z: 0.00, Velocity: 0.00, Distance: 0.61
2024-07-07 17:58:52,762 - INFO -   Point 2: X: -0.59, Y: 0.15, Z: 0.00, Velocity: 0.00, Distance: 0.61
2024-07-07 17:58:52,762 - INFO -   Point 3: X: -0.49, Y: 0.56, Z: 0.00, Velocity: 0.00, Distance: 0.74
2024-07-07 17:58:52,762 - INFO -   Point 4: X: 0.49, Y: 0.72, Z: 0.00, Velocity: 0.00, Distance: 0.87
2024-07-07 17:58:52,762 - INFO -   Point 5: X: -0.53, Y: 4.24, Z: 0.00, Velocity: 0.00, Distance: 4.27
2024-07-07 17:58:52,762 - INFO - -----------------------End Detected Points ---------------------------:
2024-07-07 17:58:52,862 - INFO - -----------------------Start Frame Header ---------------------------:
2024-07-07 17:58:52,862 - INFO -   Magic Word: 0201040306050807
2024-07-07 17:58:52,863 - INFO -   Version: 50659332 (decoded: 03.05.00.04)
2024-07-07 17:58:52,863 - INFO -   Total Packet Length: 768 bytes
2024-07-07 17:58:52,863 - INFO -   Platform: 0xA6843
2024-07-07 17:58:52,863 - INFO -   Frame Number: 269
2024-07-07 17:58:52,863 - INFO -   Time [CPU Cycles]: 2338898143
2024-07-07 17:58:52,863 - INFO -   Number of Detected Objects: 6
2024-07-07 17:58:52,863 - INFO -   Number of TLVs: 5
2024-07-07 17:58:52,863 - INFO -   Subframe Number: 0
2024-07-07 17:58:52,863 - INFO - -----------------------End Frame Header -----------------------------:
2024-07-07 17:58:52,863 - ERROR - Error unpacking point data: unpack requires a buffer of 16 bytes
2024-07-07 17:58:52,863 - INFO - -----------------------Detected Points ---------------------------:
2024-07-07 17:58:52,863 - INFO -   Point 1: X: -0.38, Y: 0.48, Z: 0.00, Velocity: 0.00, Distance: 0.61
2024-07-07 17:58:52,863 - INFO -   Point 2: X: -0.59, Y: 0.15, Z: 0.00, Velocity: 0.00, Distance: 0.61
2024-07-07 17:58:52,863 - INFO -   Point 3: X: -0.56, Y: 0.55, Z: 0.00, Velocity: 0.00, Distance: 0.78
2024-07-07 17:58:52,863 - INFO -   Point 4: X: 0.27, Y: 0.74, Z: 0.00, Velocity: 0.00, Distance: 0.78
2024-07-07 17:58:52,863 - INFO -   Point 5: X: -0.53, Y: 4.24, Z: 0.00, Velocity: 0.00, Distance: 4.27
2024-07-07 17:58:52,863 - INFO - -----------------------End Detected Points ---------------------------:
2024-07-07 17:58:52,962 - INFO - -----------------------Start Frame Header ---------------------------:
2024-07-07 17:58:52,962 - INFO -   Magic Word: 0201040306050807
2024-07-07 17:58:52,962 - INFO -   Version: 50659332 (decoded: 03.05.00.04)
2024-07-07 17:58:52,962 - INFO -   Total Packet Length: 832 bytes
2024-07-07 17:58:52,962 - INFO -   Platform: 0xA6843
2024-07-07 17:58:52,962 - INFO -   Frame Number: 270
2024-07-07 17:58:52,962 - INFO -   Time [CPU Cycles]: 2358902633
2024-07-07 17:58:52,962 - INFO -   Number of Detected Objects: 8
2024-07-07 17:58:52,962 - INFO -   Number of TLVs: 5
2024-07-07 17:58:52,963 - INFO -   Subframe Number: 0
2024-07-07 17:58:52,963 - INFO - -----------------------End Frame Header -----------------------------:
2024-07-07 17:58:52,963 - ERROR - Error unpacking point data: unpack requires a buffer of 16 bytes
2024-07-07 17:58:52,963 - ERROR - Error unpacking point data: unpack requires a buffer of 16 bytes
2024-07-07 17:58:52,963 - ERROR - Error unpacking point data: unpack requires a buffer of 16 bytes
2024-07-07 17:58:52,963 - INFO - -----------------------Detected Points ---------------------------:
2024-07-07 17:58:52,963 - INFO -   Point 1: X: -0.38, Y: 0.48, Z: 0.00, Velocity: 0.00, Distance: 0.61
2024-07-07 17:58:52,963 - INFO -   Point 2: X: -0.59, Y: 0.15, Z: 0.00, Velocity: 0.00, Distance: 0.61
2024-07-07 17:58:52,963 - INFO -   Point 3: X: 0.49, Y: 0.72, Z: 0.00, Velocity: 0.00, Distance: 0.87
2024-07-07 17:58:52,963 - INFO -   Point 4: X: -0.41, Y: 0.77, Z: 0.00, Velocity: 0.00, Distance: 0.87
2024-07-07 17:58:52,963 - INFO -   Point 5: X: -0.53, Y: 4.24, Z: 0.00, Velocity: 0.00, Distance: 4.27
2024-07-07 17:58:52,963 - INFO - -----------------------End Detected Points ---------------------------:
2024-07-07 17:58:53,062 - INFO - -----------------------Start Frame Header ---------------------------:
2024-07-07 17:58:53,062 - INFO -   Magic Word: 0201040306050807
2024-07-07 17:58:53,062 - INFO -   Version: 50659332 (decoded: 03.05.00.04)
2024-07-07 17:58:53,062 - INFO -   Total Packet Length: 800 bytes
2024-07-07 17:58:53,062 - INFO -   Platform: 0xA6843
2024-07-07 17:58:53,062 - INFO -   Frame Number: 271
2024-07-07 17:58:53,063 - INFO -   Time [CPU Cycles]: 2378903508
2024-07-07 17:58:53,063 - INFO -   Number of Detected Objects: 7
2024-07-07 17:58:53,063 - INFO -   Number of TLVs: 5
2024-07-07 17:58:53,063 - INFO -   Subframe Number: 0
2024-07-07 17:58:53,063 - INFO - -----------------------End Frame Header -----------------------------:
2024-07-07 17:58:53,063 - ERROR - Error unpacking point data: unpack requires a buffer of 16 bytes
2024-07-07 17:58:53,063 - ERROR - Error unpacking point data: unpack requires a buffer of 16 bytes
2024-07-07 17:58:53,063 - INFO - -----------------------Detected Points ---------------------------:
2024-07-07 17:58:53,063 - INFO -   Point 1: X: -0.38, Y: 0.48, Z: 0.00, Velocity: 0.00, Distance: 0.61
2024-07-07 17:58:53,063 - INFO -   Point 2: X: -0.59, Y: 0.15, Z: 0.00, Velocity: 0.00, Distance: 0.61
2024-07-07 17:58:53,063 - INFO -   Point 3: X: -0.49, Y: 0.56, Z: 0.00, Velocity: 0.00, Distance: 0.74
2024-07-07 17:58:53,063 - INFO -   Point 4: X: -0.53, Y: 4.24, Z: 0.00, Velocity: 0.00, Distance: 4.27
2024-07-07 17:58:53,063 - INFO -   Point 5: X: -2.94, Y: 3.10, Z: 0.00, Velocity: 0.00, Distance: 4.27
2024-07-07 17:58:53,063 - INFO - -----------------------End Detected Points ---------------------------:
2024-07-07 17:58:53,162 - INFO - -----------------------Start Frame Header ---------------------------:
2024-07-07 17:58:53,162 - INFO -   Magic Word: 0201040306050807
2024-07-07 17:58:53,162 - INFO -   Version: 50659332 (decoded: 03.05.00.04)
2024-07-07 17:58:53,162 - INFO -   Total Packet Length: 800 bytes
2024-07-07 17:58:53,162 - INFO -   Platform: 0xA6843
2024-07-07 17:58:53,162 - INFO -   Frame Number: 272
2024-07-07 17:58:53,162 - INFO -   Time [CPU Cycles]: 2398900976
2024-07-07 17:58:53,162 - INFO -   Number of Detected Objects: 7
2024-07-07 17:58:53,162 - INFO -   Number of TLVs: 5
2024-07-07 17:58:53,162 - INFO -   Subframe Number: 0
2024-07-07 17:58:53,162 - INFO - -----------------------End Frame Header -----------------------------:
2024-07-07 17:58:53,162 - ERROR - Error unpacking point data: unpack requires a buffer of 16 bytes
2024-07-07 17:58:53,162 - ERROR - Error unpacking point data: unpack requires a buffer of 16 bytes
2024-07-07 17:58:53,162 - INFO - -----------------------Detected Points ---------------------------:
2024-07-07 17:58:53,162 - INFO -   Point 1: X: -0.38, Y: 0.48, Z: 0.00, Velocity: 0.00, Distance: 0.61
2024-07-07 17:58:53,162 - INFO -   Point 2: X: -0.59, Y: 0.15, Z: 0.00, Velocity: 0.00, Distance: 0.61
2024-07-07 17:58:53,162 - INFO -   Point 3: X: -0.52, Y: 0.59, Z: 0.00, Velocity: 0.00, Distance: 0.78
2024-07-07 17:58:53,162 - INFO -   Point 4: X: -0.53, Y: 4.24, Z: 0.00, Velocity: 0.00, Distance: 4.27
2024-07-07 17:58:53,162 - INFO -   Point 5: X: -2.94, Y: 3.10, Z: 0.00, Velocity: 0.00, Distance: 4.27
2024-07-07 17:58:53,162 - INFO - -----------------------End Detected Points ---------------------------:
2024-07-07 17:58:53,262 - INFO - -----------------------Start Frame Header ---------------------------:
2024-07-07 17:58:53,262 - INFO -   Magic Word: 0201040306050807
2024-07-07 17:58:53,262 - INFO -   Version: 50659332 (decoded: 03.05.00.04)
2024-07-07 17:58:53,262 - INFO -   Total Packet Length: 768 bytes
2024-07-07 17:58:53,262 - INFO -   Platform: 0xA6843
2024-07-07 17:58:53,262 - INFO -   Frame Number: 273
2024-07-07 17:58:53,262 - INFO -   Time [CPU Cycles]: 2418897416
2024-07-07 17:58:53,262 - INFO -   Number of Detected Objects: 5
2024-07-07 17:58:53,262 - INFO -   Number of TLVs: 5
2024-07-07 17:58:53,262 - INFO -   Subframe Number: 0
2024-07-07 17:58:53,262 - INFO - -----------------------End Frame Header -----------------------------:
2024-07-07 17:58:53,262 - INFO - -----------------------Detected Points ---------------------------:
2024-07-07 17:58:53,262 - INFO -   Point 1: X: -0.36, Y: 0.49, Z: 0.00, Velocity: 0.00, Distance: 0.61
2024-07-07 17:58:53,262 - INFO -   Point 2: X: -0.59, Y: 0.15, Z: 0.00, Velocity: 0.00, Distance: 0.61
2024-07-07 17:58:53,262 - INFO -   Point 3: X: -0.54, Y: 0.57, Z: 0.00, Velocity: 0.00, Distance: 0.78
2024-07-07 17:58:53,262 - INFO -   Point 4: X: -0.53, Y: 4.24, Z: 0.00, Velocity: 0.00, Distance: 4.27
2024-07-07 17:58:53,262 - INFO -   Point 5: X: -2.94, Y: 3.10, Z: 0.00, Velocity: 0.00, Distance: 4.27
2024-07-07 17:58:53,262 - INFO - -----------------------End Detected Points ---------------------------:
2024-07-07 17:58:53,362 - INFO - -----------------------Start Frame Header ---------------------------:
2024-07-07 17:58:53,362 - INFO -   Magic Word: 0201040306050807
2024-07-07 17:58:53,362 - INFO -   Version: 50659332 (decoded: 03.05.00.04)
2024-07-07 17:58:53,362 - INFO -   Total Packet Length: 800 bytes
2024-07-07 17:58:53,362 - INFO -   Platform: 0xA6843
2024-07-07 17:58:53,362 - INFO -   Frame Number: 274
2024-07-07 17:58:53,362 - INFO -   Time [CPU Cycles]: 2438900996
2024-07-07 17:58:53,362 - INFO -   Number of Detected Objects: 7
2024-07-07 17:58:53,362 - INFO -   Number of TLVs: 5
2024-07-07 17:58:53,362 - INFO -   Subframe Number: 0
2024-07-07 17:58:53,362 - INFO - -----------------------End Frame Header -----------------------------:
2024-07-07 17:58:53,362 - ERROR - Error unpacking point data: unpack requires a buffer of 16 bytes
2024-07-07 17:58:53,362 - ERROR - Error unpacking point data: unpack requires a buffer of 16 bytes
2024-07-07 17:58:53,362 - INFO - -----------------------Detected Points ---------------------------:
2024-07-07 17:58:53,362 - INFO -   Point 1: X: -0.36, Y: 0.49, Z: 0.00, Velocity: 0.00, Distance: 0.61
2024-07-07 17:58:53,362 - INFO -   Point 2: X: -0.57, Y: 0.21, Z: 0.00, Velocity: 0.00, Distance: 0.61
2024-07-07 17:58:53,362 - INFO -   Point 3: X: -0.46, Y: 0.58, Z: 0.00, Velocity: 0.00, Distance: 0.74
2024-07-07 17:58:53,362 - INFO -   Point 4: X: -0.53, Y: 4.24, Z: 0.00, Velocity: 0.00, Distance: 4.27
2024-07-07 17:58:53,362 - INFO -   Point 5: X: -2.94, Y: 3.10, Z: 0.00, Velocity: 0.00, Distance: 4.27
2024-07-07 17:58:53,362 - INFO - -----------------------End Detected Points ---------------------------:
2024-07-07 17:58:53,432 - INFO - Program interrupted by user.
2024-07-07 17:58:53,434 - INFO - Serial port closed.
